{
"type": "FeatureCollection",
"name": "caqueta_municipios",
"crs": { "type": "name", "properties": { "name": "urn:ogc:def:crs:OGC:1.3:CRS84" } },
"features": [
{ "type": "Feature", "properties": { "cod_mun": "18001", "municipio": "Florencia" }, "geometry": { "type": "Polygon", "coordinates": [ [ [ -75.47782770482479, 1.520796061098679 ], [ -75.473966217141935, 1.510614872745066 ], [ -75.470938619133904, 1.509623664582477 ], [ -75.475104219122102, 1.503064943583695 ], [ -75.471296285445931, 1.500427188668482 ], [ -75.464190016590635, 1.498895689246012 ], [ -75.464781379810063, 1.49373524381366 ], [ -75.463150514959864, 1.489735216938982 ], [ -75.466944928081944, 1.485950776022776 ], [ -75.463977263920754, 1.480515478233826 ], [ -75.459852722363621, 1.478977049201717 ], [ -75.458425550666391, 1.472763247410967 ], [ -75.462236197256914, 1.470455213095306 ], [ -75.460468888087803, 1.467466476237405 ], [ -75.463379502894782, 1.463689280239748 ], [ -75.463484233065628, 1.458606490632349 ], [ -75.460876468430058, 1.452592289266931 ], [ -75.457207673122468, 1.454982635379281 ], [ -75.456102913325878, 1.453597168002375 ], [ -75.460250008902847, 1.448736610095295 ], [ -75.458871310336974, 1.444980861392139 ], [ -75.460303500027351, 1.429700156787248 ], [ -75.464811186833231, 1.424959397403597 ], [ -75.463018174148431, 1.421522117892152 ], [ -75.457399078210926, 1.419639339184357 ], [ -75.456778591586783, 1.417395096084533 ], [ -75.468020815103955, 1.403670891934667 ], [ -75.470159616566661, 1.398048763282361 ], [ -75.468535638206959, 1.392556936264157 ], [ -75.472126764214863, 1.381268077570155 ], [ -75.478992414637958, 1.371913940909906 ], [ -75.479136706645477, 1.361727580052786 ], [ -75.476445140805197, 1.352012047272524 ], [ -75.477279738353047, 1.346162533281017 ], [ -75.47923311032531, 1.343174706417244 ], [ -75.567899275571165, 1.321787847922735 ], [ -75.571083981861079, 1.322851818783022 ], [ -75.575808517657777, 1.321906687942999 ], [ -75.57628317166251, 1.326635199686336 ], [ -75.584055381033238, 1.32773358772755 ], [ -75.579501375257735, 1.329948639150643 ], [ -75.579411612828096, 1.33185502380627 ], [ -75.583767736656796, 1.332138916815097 ], [ -75.590782435670633, 1.338835970393063 ], [ -75.590393263619831, 1.340057291182234 ], [ -75.585985080582304, 1.3402723983383 ], [ -75.583969643957573, 1.345716231925906 ], [ -75.588593405767085, 1.34402886210097 ], [ -75.588002224007482, 1.349660368274044 ], [ -75.593957368282474, 1.35473571802828 ], [ -75.597658081655879, 1.355744099297908 ], [ -75.597185384183376, 1.361155918699865 ], [ -75.603068606584486, 1.36227144661035 ], [ -75.599721298810323, 1.367828337758112 ], [ -75.602376762228857, 1.371307107790642 ], [ -75.601975428776086, 1.373023516578598 ], [ -75.599698815757506, 1.373755777967688 ], [ -75.597812312631561, 1.36934353364353 ], [ -75.595295385709903, 1.369700363623394 ], [ -75.598516693885301, 1.375243761166473 ], [ -75.595362703714329, 1.374295362252894 ], [ -75.595055026891089, 1.376771866751142 ], [ -75.592241530823514, 1.377949663231789 ], [ -75.592856988674669, 1.382339374197386 ], [ -75.589193400904946, 1.384685595926214 ], [ -75.592840834258084, 1.386474965939669 ], [ -75.591382558369332, 1.393036486989388 ], [ -75.596735798584973, 1.394819016326494 ], [ -75.601758305798853, 1.408372949170143 ], [ -75.600328072640764, 1.422859322343641 ], [ -75.605360164886349, 1.421805739609567 ], [ -75.60741629342931, 1.424506432340365 ], [ -75.611703422995902, 1.424283695786471 ], [ -75.613145470806046, 1.427291420349661 ], [ -75.618650966600512, 1.427974413597724 ], [ -75.618553492128001, 1.429372460093589 ], [ -75.614347760770784, 1.430160518584387 ], [ -75.615337984379039, 1.436129684673858 ], [ -75.618511653060295, 1.436237399948766 ], [ -75.619931963419901, 1.440016282983834 ], [ -75.62253474329998, 1.440784089838758 ], [ -75.62690812018576, 1.438364337352084 ], [ -75.629224993032494, 1.445572191373913 ], [ -75.632209202377794, 1.448579331133374 ], [ -75.63326848582517, 1.446629718613508 ], [ -75.631086743959372, 1.441832302439764 ], [ -75.633501138889358, 1.441266755025538 ], [ -75.635119789336954, 1.447959891945686 ], [ -75.634562761551649, 1.453888776647375 ], [ -75.64042663781936, 1.455363894164464 ], [ -75.641434192638258, 1.458173445726459 ], [ -75.64016589531218, 1.461628822712044 ], [ -75.644078878061407, 1.466920789691642 ], [ -75.645945551759894, 1.466632440137118 ], [ -75.647306884979173, 1.46342204200954 ], [ -75.64997486912614, 1.463974521620912 ], [ -75.649422674280913, 1.474712758421106 ], [ -75.652957792082873, 1.473191165627441 ], [ -75.651196480071349, 1.478119699106287 ], [ -75.655726404689801, 1.481156858789859 ], [ -75.659648065171609, 1.481053888420035 ], [ -75.6605360038252, 1.485574711300785 ], [ -75.664578044939219, 1.488853378749354 ], [ -75.663547009038439, 1.496430160372597 ], [ -75.671520081866731, 1.492248386204778 ], [ -75.672013096552178, 1.496273636894443 ], [ -75.673888652799292, 1.49742310767499 ], [ -75.675012914137938, 1.492733703220438 ], [ -75.679812514117941, 1.494083011581665 ], [ -75.68199341695663, 1.490497026636262 ], [ -75.686698538347912, 1.492866354849184 ], [ -75.69550137129238, 1.488564801022562 ], [ -75.696583824106085, 1.495510070091086 ], [ -75.70307975281645, 1.501779952851393 ], [ -75.705082583372757, 1.508707681401688 ], [ -75.707652215392443, 1.502710866044083 ], [ -75.711583316277085, 1.500154368302674 ], [ -75.729842995739943, 1.498044680363193 ], [ -75.731496139725266, 1.492745009425619 ], [ -75.727376193054454, 1.487555071380655 ], [ -75.729502455822455, 1.486627040884002 ], [ -75.733381368140783, 1.488805072704793 ], [ -75.734583192777791, 1.492301775819612 ], [ -75.732473638687395, 1.501321858403855 ], [ -75.735436584892966, 1.511217243030444 ], [ -75.734727617736041, 1.513514183143513 ], [ -75.736771383654172, 1.514764826763553 ], [ -75.735981204239295, 1.516448286218917 ], [ -75.740271971087395, 1.524976213806156 ], [ -75.7389586097392, 1.528735802810161 ], [ -75.740443417390964, 1.53157547670429 ], [ -75.73737955975588, 1.534417751223259 ], [ -75.747881613109939, 1.541590628413303 ], [ -75.749922590655217, 1.544794757193472 ], [ -75.755167395146486, 1.543881586640111 ], [ -75.7569782447938, 1.54492061306172 ], [ -75.759522822780241, 1.548078062647562 ], [ -75.758529262826357, 1.550537415598455 ], [ -75.759782949042688, 1.552529364853058 ], [ -75.759518662678829, 1.555452945054867 ], [ -75.756934521059122, 1.555934725400391 ], [ -75.757574545157979, 1.558605875212947 ], [ -75.759763517569297, 1.559289943745284 ], [ -75.763799790596238, 1.556452583014845 ], [ -75.765971427305431, 1.559957349414105 ], [ -75.769669943397844, 1.560511957136043 ], [ -75.768056539115776, 1.566092565622853 ], [ -75.765556974845765, 1.567032937184706 ], [ -75.768982636436363, 1.569156068423126 ], [ -75.770240621993082, 1.57459042387859 ], [ -75.772051521946139, 1.576148349062862 ], [ -75.770329268714306, 1.57766690285348 ], [ -75.773631409159975, 1.582837042912104 ], [ -75.775184408877578, 1.582795303557475 ], [ -75.776408129967137, 1.579782251082065 ], [ -75.778776472727429, 1.582602538418598 ], [ -75.785477619033031, 1.581557577721526 ], [ -75.786018126787042, 1.577502874843503 ], [ -75.787510373393616, 1.577057710756435 ], [ -75.787944257326672, 1.585522975412744 ], [ -75.782608687885102, 1.594929475810886 ], [ -75.785824791217522, 1.593941267125388 ], [ -75.786064541876499, 1.597189245404479 ], [ -75.788433287980638, 1.598063267346561 ], [ -75.788611839065425, 1.600172553738787 ], [ -75.793456027858383, 1.605156496246821 ], [ -75.79743638700262, 1.605585379254705 ], [ -75.799572455788052, 1.602202798204473 ], [ -75.805471203784577, 1.606633625991719 ], [ -75.804397246345275, 1.609115944391135 ], [ -75.801416421854697, 1.609117018777113 ], [ -75.800147156143964, 1.61120218987628 ], [ -75.805144028114171, 1.615360296112442 ], [ -75.801717364002911, 1.616132634073267 ], [ -75.803146918932498, 1.622040799116405 ], [ -75.799825472777627, 1.621612014024947 ], [ -75.800455648638206, 1.623786777772125 ], [ -75.798493983412527, 1.624804330848065 ], [ -75.798799731551355, 1.627262528564586 ], [ -75.795446319719986, 1.626743511224163 ], [ -75.797958192715839, 1.633192280141202 ], [ -75.794777146165302, 1.63448280629666 ], [ -75.794243497952209, 1.635925349977299 ], [ -75.795716209779016, 1.636359030890901 ], [ -75.792989974331078, 1.641353869972022 ], [ -75.789288170402074, 1.642629141823534 ], [ -75.788493774291908, 1.645479405964977 ], [ -75.781360123866591, 1.648079074976749 ], [ -75.779898443360253, 1.650336505355483 ], [ -75.782226564021641, 1.653692030026093 ], [ -75.781154778710459, 1.656860962785345 ], [ -75.776231146443763, 1.661283238604256 ], [ -75.770680862410131, 1.660657587561445 ], [ -75.763293017302999, 1.670843273783248 ], [ -75.762945077956601, 1.675723049364535 ], [ -75.758677440050519, 1.676629183408693 ], [ -75.758094031419319, 1.678123888706125 ], [ -75.758080119199406, 1.68113799670283 ], [ -75.76018229811541, 1.683567466273701 ], [ -75.758180347010466, 1.684708945635066 ], [ -75.758139500581933, 1.686643581430587 ], [ -75.760400314018739, 1.686483649741547 ], [ -75.764768928931403, 1.691007808069571 ], [ -75.762997939361583, 1.694508726981439 ], [ -75.767355213933058, 1.694716228994253 ], [ -75.765648589603018, 1.69793372381821 ], [ -75.768543007772507, 1.699453528962977 ], [ -75.768955626769184, 1.708804112783412 ], [ -75.772905463830682, 1.71476578512079 ], [ -75.771245279742857, 1.718918488884526 ], [ -75.772829233633217, 1.723550299605392 ], [ -75.783155957263659, 1.722800898347032 ], [ -75.78658466863709, 1.726199012179165 ], [ -75.785979931289091, 1.737046851616185 ], [ -75.787588375070243, 1.747222765956565 ], [ -75.785661577081839, 1.763229164362315 ], [ -75.7797084522212, 1.761121135612484 ], [ -75.773648231923687, 1.762160286899984 ], [ -75.770198013966876, 1.766681264291094 ], [ -75.761027158025229, 1.769383123934404 ], [ -75.7570486961244, 1.776274044884929 ], [ -75.744675500848018, 1.778710612948771 ], [ -75.737149243211604, 1.782464397933154 ], [ -75.734282017067414, 1.786515244340592 ], [ -75.73401700396596, 1.796482834708968 ], [ -75.731686165000326, 1.80006842439542 ], [ -75.7334109353136, 1.808272703999194 ], [ -75.730669797701523, 1.823348968052187 ], [ -75.725358836728446, 1.829373764156571 ], [ -75.718306122778074, 1.831915025560363 ], [ -75.707912631810927, 1.839681591709962 ], [ -75.703429722356987, 1.850646138565025 ], [ -75.701002672849427, 1.86786392418162 ], [ -75.691759598589613, 1.873874086718331 ], [ -75.688198325418966, 1.880709009344343 ], [ -75.674733428267416, 1.885624217203656 ], [ -75.66802334731085, 1.890364105220783 ], [ -75.659685712696842, 1.891049388276315 ], [ -75.656145075641405, 1.897502487076451 ], [ -75.651758622867931, 1.901053837448501 ], [ -75.649691981332865, 1.907182133030858 ], [ -75.642981902172949, 1.914463280655127 ], [ -75.641268687796696, 1.922543933112649 ], [ -75.641240140212574, 1.926141677014527 ], [ -75.647379027838838, 1.935774461416486 ], [ -75.641582783986109, 1.949469912267773 ], [ -75.641038525762781, 1.958031066767205 ], [ -75.631531938589148, 1.964774606401477 ], [ -75.623927166337637, 1.974804409644491 ], [ -75.616225216956252, 1.987934501727921 ], [ -75.616136049211775, 1.997007417869384 ], [ -75.601133411138107, 2.005723661236289 ], [ -75.594122520085818, 2.006905147100724 ], [ -75.588059046986018, 2.011118373108332 ], [ -75.58959253168689, 2.021319342380309 ], [ -75.583835133712967, 2.027163906650628 ], [ -75.58436028834825, 2.031165510968208 ], [ -75.57951069618457, 2.037680846897445 ], [ -75.569829757553464, 2.04138445015343 ], [ -75.571619115888836, 2.049741118286818 ], [ -75.564981848833952, 2.059960333254992 ], [ -75.557864694185355, 2.065347757089398 ], [ -75.555413144007275, 2.06925058617287 ], [ -75.555645574289088, 2.076069346297402 ], [ -75.554140133217118, 2.080326982353142 ], [ -75.551255318944015, 2.082986825062164 ], [ -75.544610391050298, 2.0840151426587 ], [ -75.540993610934038, 2.089749644354413 ], [ -75.540645960845438, 2.103918373888632 ], [ -75.535798266823463, 2.108920889079968 ], [ -75.534984281136246, 2.117660721326729 ], [ -75.526246901292154, 2.122895537442389 ], [ -75.518251186409032, 2.121839106148286 ], [ -75.514882594833921, 2.12342853796963 ], [ -75.50137201292381, 2.122988336180128 ], [ -75.493299694143843, 2.127741307271492 ], [ -75.492100048821442, 2.130927804803548 ], [ -75.486627286763678, 2.13524057590206 ], [ -75.482924548586027, 2.136401175021206 ], [ -75.476322084987942, 2.13547723635395 ], [ -75.468335181686484, 2.142051782087378 ], [ -75.461194446242928, 2.14420864239662 ], [ -75.452945567046356, 2.145895210025344 ], [ -75.444400151043283, 2.144552289589171 ], [ -75.440981113634848, 2.151058218353228 ], [ -75.442101625402472, 2.153830116101801 ], [ -75.43910411918381, 2.163166133728282 ], [ -75.435924130849457, 2.167458583122254 ], [ -75.435234086719106, 2.172384067716564 ], [ -75.427857758023094, 2.179510554071783 ], [ -75.425701575942412, 2.19503659775944 ], [ -75.416594462707451, 2.193833996079093 ], [ -75.415452322185445, 2.192463427273026 ], [ -75.413145673073075, 2.184283315962944 ], [ -75.40600729031911, 2.173361591831565 ], [ -75.406614049776465, 2.163332161389746 ], [ -75.403223320101802, 2.153052888607021 ], [ -75.398868906666792, 2.148234480584961 ], [ -75.399297209362544, 2.137598289787434 ], [ -75.395371100419936, 2.134814321366775 ], [ -75.392546606269548, 2.126055255276128 ], [ -75.385305978985116, 2.126450514316161 ], [ -75.383670096141714, 2.124933609833704 ], [ -75.388845427568469, 2.108604556982073 ], [ -75.391968467159984, 2.10390512282936 ], [ -75.393009484249831, 2.087754529434221 ], [ -75.384147904133897, 2.068965639439341 ], [ -75.377587799728474, 2.059743514806939 ], [ -75.387581535584047, 2.04641853306731 ], [ -75.386112467326939, 2.039219672985212 ], [ -75.388087420442844, 2.034389368564405 ], [ -75.387825676313298, 2.025442595752281 ], [ -75.39132348705175, 2.016900329245061 ], [ -75.390395497877648, 2.009071904157395 ], [ -75.392846341081054, 2.004574721360484 ], [ -75.392679779819957, 1.995413797200513 ], [ -75.385563288128537, 1.984617707053303 ], [ -75.383279001694689, 1.986997164677518 ], [ -75.378824650604656, 1.988063164833648 ], [ -75.364281387977201, 1.984084705627765 ], [ -75.361406999559563, 1.987720521958408 ], [ -75.354285367704051, 1.990024812991237 ], [ -75.353438822553471, 1.986070124125092 ], [ -75.356048958743258, 1.98024803482275 ], [ -75.355450106263334, 1.977822366026885 ], [ -75.341261340689073, 1.973169612865149 ], [ -75.345782858866357, 1.965285307132319 ], [ -75.345511424602137, 1.957054260406721 ], [ -75.34764645044271, 1.953434040638513 ], [ -75.348867879029797, 1.943495640150218 ], [ -75.352881211761087, 1.932378778427392 ], [ -75.352289667980131, 1.928935835033599 ], [ -75.347289520749769, 1.924311450691107 ], [ -75.346718770289272, 1.921385269864516 ], [ -75.353607103191393, 1.907294719873448 ], [ -75.352054789787189, 1.89696044589698 ], [ -75.355376138923873, 1.884613892876587 ], [ -75.353267192095132, 1.87352253614165 ], [ -75.35493182374546, 1.866692441964119 ], [ -75.367007246132459, 1.855720340271489 ], [ -75.365147826335658, 1.854254438578266 ], [ -75.368874812757099, 1.844268747142451 ], [ -75.371586118193136, 1.843692896942059 ], [ -75.372527058388982, 1.835567647586686 ], [ -75.375381223916861, 1.828741268844112 ], [ -75.379721591282873, 1.830172994105112 ], [ -75.381908875758427, 1.827842681552681 ], [ -75.383781887974635, 1.828159140313176 ], [ -75.383395488127064, 1.824880889683186 ], [ -75.393847804419124, 1.81448444325639 ], [ -75.398964096721784, 1.81577835785987 ], [ -75.397004557810078, 1.812190025614711 ], [ -75.397601478012291, 1.809819884425792 ], [ -75.402776060243525, 1.808725687927051 ], [ -75.405630923762885, 1.810438500755993 ], [ -75.408416362726825, 1.809020965294565 ], [ -75.407846817806444, 1.79664444624899 ], [ -75.409850257420999, 1.791580319156481 ], [ -75.40697535786154, 1.782134574027225 ], [ -75.408976923588966, 1.775601744292203 ], [ -75.407987622551218, 1.772350197003675 ], [ -75.405501017387849, 1.773399442668108 ], [ -75.403814968087431, 1.772329170121054 ], [ -75.405228443160581, 1.76695888166438 ], [ -75.407139410126092, 1.764738925435893 ], [ -75.409879889272588, 1.766509046334136 ], [ -75.418408644208796, 1.762524716633209 ], [ -75.42012318000792, 1.759557491748524 ], [ -75.427454910009487, 1.756783472177574 ], [ -75.42695384731104, 1.755124301390254 ], [ -75.424155177949046, 1.755862747685001 ], [ -75.425586355237272, 1.752428279004278 ], [ -75.422766146054244, 1.747592273870112 ], [ -75.418811360169911, 1.74544346516717 ], [ -75.417646744679928, 1.740938232560609 ], [ -75.419213381732789, 1.73250031084666 ], [ -75.423733643166031, 1.729414893627563 ], [ -75.42400945402585, 1.726140775251224 ], [ -75.429114469767683, 1.721812439929693 ], [ -75.432352262939958, 1.722291041134895 ], [ -75.431158940863895, 1.71704203342307 ], [ -75.432539406417277, 1.713752817948034 ], [ -75.434909199957929, 1.713655482714501 ], [ -75.433034417160911, 1.710733072120092 ], [ -75.431843707387713, 1.712275248028277 ], [ -75.426291512635999, 1.71268405008027 ], [ -75.422556821358228, 1.711414725979012 ], [ -75.422297193661166, 1.707081410393585 ], [ -75.418285768953069, 1.702954914100815 ], [ -75.418473894289775, 1.699199560656723 ], [ -75.421471275642546, 1.698543472871222 ], [ -75.421688710335445, 1.695545721412259 ], [ -75.426991478666594, 1.695229309364208 ], [ -75.427756049787263, 1.693408272813429 ], [ -75.43357933923977, 1.694082582040721 ], [ -75.441051626949275, 1.692133332440505 ], [ -75.443288394263334, 1.685348858342763 ], [ -75.441759584398937, 1.683780332131334 ], [ -75.439728365260407, 1.684407405208447 ], [ -75.439244445126121, 1.682430958193038 ], [ -75.44528313728074, 1.67598206800335 ], [ -75.44934665713032, 1.675774989097363 ], [ -75.447293754440125, 1.671960194083567 ], [ -75.44886895783435, 1.670141942312398 ], [ -75.452640792682075, 1.671321612680231 ], [ -75.452590956805352, 1.668781249592428 ], [ -75.455935110592009, 1.663508493998847 ], [ -75.454541586218909, 1.661282185777907 ], [ -75.455269240145242, 1.654288114794383 ], [ -75.451522411719964, 1.649929594258651 ], [ -75.453831637202654, 1.646559093761994 ], [ -75.454572870971958, 1.64028962512532 ], [ -75.459760349427654, 1.637494914641934 ], [ -75.461587002250042, 1.633584678943066 ], [ -75.473857112172198, 1.634262668571012 ], [ -75.473746047975169, 1.630909045635349 ], [ -75.469263678409163, 1.630199747898189 ], [ -75.473545832203456, 1.624028988020257 ], [ -75.471090757033323, 1.621596165035783 ], [ -75.471206876054453, 1.618129636355377 ], [ -75.474656654734702, 1.616532768274169 ], [ -75.471219333900706, 1.614495995746097 ], [ -75.470802643735908, 1.612530299776608 ], [ -75.474832378819031, 1.611907650905835 ], [ -75.479351723071659, 1.604972628927953 ], [ -75.480842171249606, 1.601451834774593 ], [ -75.4793723259491, 1.597004669314288 ], [ -75.480496070756033, 1.594433289171661 ], [ -75.48556757392123, 1.594587150939503 ], [ -75.484128386349198, 1.58671757309753 ], [ -75.479566105286722, 1.583147020322656 ], [ -75.482011599916689, 1.574409636885264 ], [ -75.478697522648019, 1.574848031263002 ], [ -75.479230561802865, 1.569182813985378 ], [ -75.485403625861352, 1.564561167710053 ], [ -75.484359645226959, 1.559350132713917 ], [ -75.481674913774839, 1.557609703854439 ], [ -75.479759998710506, 1.552775385757684 ], [ -75.47791383087133, 1.544535619976955 ], [ -75.481297064098953, 1.53849993538438 ], [ -75.477660868678981, 1.537519393825903 ], [ -75.477267577849318, 1.535329372181536 ], [ -75.480216021641354, 1.533953533853833 ], [ -75.47974086188475, 1.530001432137738 ], [ -75.482339309186784, 1.527362988214122 ], [ -75.47782770482479, 1.520796061098679 ] ] ] } },
{ "type": "Feature", "properties": { "cod_mun": "18029", "municipio": "Albania" }, "geometry": { "type": "Polygon", "coordinates": [ [ [ -75.895307628639785, 1.365743154082509 ], [ -75.891096857729792, 1.36675499836025 ], [ -75.888752241291684, 1.363550220097636 ], [ -75.88766237826934, 1.364688173568709 ], [ -75.886141504128489, 1.361932539831344 ], [ -75.882818447293062, 1.360511285341659 ], [ -75.883281388155467, 1.356266765597866 ], [ -75.879664645768514, 1.355702749812394 ], [ -75.879316445012137, 1.353805094991685 ], [ -75.876024784320919, 1.354465438998432 ], [ -75.867657500787402, 1.350024649785098 ], [ -75.863822622122768, 1.351212616999476 ], [ -75.861514419822015, 1.346733319674172 ], [ -75.857526365702995, 1.345872510163758 ], [ -75.853679964338994, 1.341813631014645 ], [ -75.853194515270957, 1.338531682017731 ], [ -75.856113264329281, 1.338531682017731 ], [ -75.856921921205924, 1.335726652578444 ], [ -75.851829906791522, 1.329604175388852 ], [ -75.854974903022708, 1.326752353567485 ], [ -75.848402391076718, 1.322455966854477 ], [ -75.847242119842917, 1.313745033433463 ], [ -75.836818022351338, 1.30642921260818 ], [ -75.838154201824238, 1.302818682974703 ], [ -75.835699801289479, 1.299795696022613 ], [ -75.828639844217207, 1.296166213718152 ], [ -75.828649319654403, 1.294394119219703 ], [ -75.831577542353273, 1.293872912683241 ], [ -75.832731827209273, 1.291265968210155 ], [ -75.829398485553952, 1.28649694331358 ], [ -75.827905945198097, 1.286155790744544 ], [ -75.825599904245621, 1.288550739828167 ], [ -75.822039127843766, 1.286663740831841 ], [ -75.821047654677955, 1.277660518740561 ], [ -75.828025283783745, 1.271173294712241 ], [ -75.827140421862453, 1.269137044105776 ], [ -75.823537000603437, 1.269478197573108 ], [ -75.821106291356557, 1.267916358426021 ], [ -75.820290391357958, 1.26414785902557 ], [ -75.818527323138653, 1.262924506245611 ], [ -75.818648797021467, 1.257647243800648 ], [ -75.821658823070209, 1.251900429785849 ], [ -75.815056672086143, 1.25219294393338 ], [ -75.811965751783248, 1.245475725856181 ], [ -75.810262349712673, 1.250032521801131 ], [ -75.808661504786528, 1.251060447731959 ], [ -75.806961778625009, 1.249891044217691 ], [ -75.807986410431056, 1.24286156071912 ], [ -75.805028234283498, 1.242079670964301 ], [ -75.803425606200108, 1.244398132932076 ], [ -75.799166247174298, 1.239088731435572 ], [ -75.801992539753314, 1.233209353826965 ], [ -75.796318319552768, 1.232193939641377 ], [ -75.793892778317797, 1.229930696259828 ], [ -75.794259493366894, 1.226932940309268 ], [ -75.797290893946581, 1.229376621239226 ], [ -75.799381566333011, 1.227927068897202 ], [ -75.791769798894791, 1.218346141583027 ], [ -75.79510182272054, 1.214840519986922 ], [ -75.792485112654219, 1.212621925605504 ], [ -75.789847055904829, 1.214730621804108 ], [ -75.787967364709175, 1.214215645089098 ], [ -75.789646480806653, 1.210227637682522 ], [ -75.78659986365227, 1.20691312473059 ], [ -75.782890306357842, 1.208226855286682 ], [ -75.778574658851483, 1.212976913139244 ], [ -75.777016456087551, 1.210684405317352 ], [ -75.778769526948111, 1.207585154031847 ], [ -75.776607394422228, 1.205593331439786 ], [ -75.759146323273285, 1.199502916046583 ], [ -75.760610867611035, 1.195448057759847 ], [ -75.757508877360067, 1.192019231401957 ], [ -75.759062828394349, 1.188917090233929 ], [ -75.756693018684018, 1.189063103414867 ], [ -75.755430958365935, 1.18692709481661 ], [ -75.757261126298829, 1.184986804121877 ], [ -75.761222336040873, 1.187085479605514 ], [ -75.759849164813375, 1.188991726818756 ], [ -75.76176326690171, 1.188840674983396 ], [ -75.762222016221642, 1.184959005733276 ], [ -75.764196398008608, 1.186613307647917 ], [ -75.76900092884506, 1.184658572930232 ], [ -75.769159486110652, 1.180096726652721 ], [ -75.770902836293772, 1.179450627242772 ], [ -75.772317227649239, 1.181564403418349 ], [ -75.778030398831504, 1.178053768320638 ], [ -75.778959784886979, 1.173079346165594 ], [ -75.775240646154145, 1.167395183403585 ], [ -75.776817800690708, 1.168842362394741 ], [ -75.777740645209064, 1.165882838773143 ], [ -75.780015277440896, 1.166108370886434 ], [ -75.781477981129171, 1.168859679232298 ], [ -75.782139545947359, 1.16599879160583 ], [ -75.784602960184884, 1.165648127666998 ], [ -75.785174532604515, 1.167469071691244 ], [ -75.78679584386407, 1.166143975641091 ], [ -75.78497005611996, 1.168776357728348 ], [ -75.789572639231437, 1.169818442017629 ], [ -75.78721384197695, 1.172156171066945 ], [ -75.791480647144112, 1.170931228267648 ], [ -75.791371955399654, 1.173336972414631 ], [ -75.794394354853068, 1.173817997276387 ], [ -75.796376428919871, 1.176727021165732 ], [ -75.803978561020642, 1.172746272152381 ], [ -75.803179949113485, 1.174636702715873 ], [ -75.805111077883339, 1.17422489579684 ], [ -75.806259261377022, 1.17567992966309 ], [ -75.807485486971586, 1.173094134243627 ], [ -75.808110260359683, 1.174073890673867 ], [ -75.810197760792278, 1.172554295734983 ], [ -75.810026836410316, 1.168515103180994 ], [ -75.814810185853844, 1.160739478412836 ], [ -75.818854442215127, 1.157997679640175 ], [ -75.81665748557117, 1.153379137046613 ], [ -75.818331748067351, 1.150016721393968 ], [ -75.816821537835722, 1.147692605425334 ], [ -75.817176493030104, 1.141275232652504 ], [ -75.819160097827364, 1.13654765336122 ], [ -75.814794447357542, 1.125512336273346 ], [ -75.816159937084876, 1.121055292930293 ], [ -75.813252532859337, 1.112922938793645 ], [ -75.814076314682495, 1.111362285423695 ], [ -75.857976341170513, 1.111912017984764 ], [ -75.860327421890588, 1.108618417829291 ], [ -75.865594776808393, 1.108305405008991 ], [ -75.870353730684315, 1.100463100939066 ], [ -75.873049214080652, 1.09971063013495 ], [ -75.877441172632871, 1.100193262084076 ], [ -75.879286903890488, 1.102626956435074 ], [ -75.884748901427599, 1.104832457860766 ], [ -75.886283216172444, 1.107455023150749 ], [ -75.893213680094959, 1.107615711221854 ], [ -75.911443582179061, 1.094508351923139 ], [ -75.912973304732475, 1.096819922010525 ], [ -75.919291401010867, 1.094932460381472 ], [ -75.920162162964175, 1.098347458062847 ], [ -75.918435329219051, 1.101763011801836 ], [ -75.922162248266829, 1.107448611869472 ], [ -75.919726478805899, 1.118607805835438 ], [ -75.917693314813164, 1.121240936219863 ], [ -75.919110570000043, 1.125483071833003 ], [ -75.914498624639236, 1.129398047945472 ], [ -75.914510952229705, 1.132933277138591 ], [ -75.909243677261998, 1.145641465231165 ], [ -75.911391087286972, 1.151103971215093 ], [ -75.939157485077544, 1.174934386671907 ], [ -75.949598311908005, 1.177350998645863 ], [ -75.955621719215856, 1.181911468703277 ], [ -75.956748962065262, 1.183938979593393 ], [ -75.955088615382294, 1.184755326054983 ], [ -75.955471038384985, 1.187034607072121 ], [ -75.958836555024448, 1.194383620673591 ], [ -75.957960129188734, 1.198751449559722 ], [ -75.963769913358476, 1.203876495053464 ], [ -75.963262557956398, 1.206741332575348 ], [ -75.966690062891473, 1.208351136406975 ], [ -75.969258972665102, 1.213023468365918 ], [ -75.973411307220942, 1.214928244137582 ], [ -75.97356033335376, 1.217468262272007 ], [ -75.975900045884828, 1.216855606268439 ], [ -75.981020925887265, 1.224067687765398 ], [ -75.981154440797695, 1.229265212987229 ], [ -75.978555679085105, 1.231006621909444 ], [ -75.976821898662365, 1.234975814985773 ], [ -75.973721503820627, 1.236183166961155 ], [ -75.978721507320358, 1.245260110253241 ], [ -75.977201461426887, 1.250051497828338 ], [ -75.981069819430502, 1.255310745444262 ], [ -75.990494476591664, 1.255317261828509 ], [ -75.96859359719042, 1.275579452945522 ], [ -75.966848373120172, 1.284105300931174 ], [ -75.964427947794832, 1.287263869818787 ], [ -75.964025497735236, 1.293628692902189 ], [ -75.96181678842305, 1.293447495378473 ], [ -75.958630438214868, 1.296991970039869 ], [ -75.947607039983666, 1.324892044437831 ], [ -75.90880584702677, 1.357065201435091 ], [ -75.906057759143778, 1.360841247588212 ], [ -75.902159761203734, 1.362108084252498 ], [ -75.900898353063042, 1.364534532786593 ], [ -75.897927278894372, 1.364059719779959 ], [ -75.895662729361334, 1.36710692533137 ], [ -75.895307628639785, 1.365743154082509 ] ] ] } },
{ "type": "Feature", "properties": { "cod_mun": "18094", "municipio": "Belén De Los Andaquíes" }, "geometry": { "type": "Polygon", "coordinates": [ [ [ -75.787052958072934, 1.749820714693215 ], [ -75.78640223862385, 1.725690068554457 ], [ -75.782692933756209, 1.722725791044581 ], [ -75.772829233633217, 1.723550299605392 ], [ -75.771245279742857, 1.718918488884526 ], [ -75.772905463830682, 1.71476578512079 ], [ -75.768955626769184, 1.708804112783412 ], [ -75.768543007772507, 1.699453528962977 ], [ -75.765648589603018, 1.69793372381821 ], [ -75.767355213933058, 1.694716228994253 ], [ -75.762997939361583, 1.694508726981439 ], [ -75.764768928931403, 1.691007808069571 ], [ -75.760400314018739, 1.686483649741547 ], [ -75.758139500581933, 1.686643581430587 ], [ -75.758180347010466, 1.684708945635066 ], [ -75.76018229811541, 1.683567466273701 ], [ -75.758080119199406, 1.68113799670283 ], [ -75.758094031419319, 1.678123888706125 ], [ -75.758677440050519, 1.676629183408693 ], [ -75.762945077956601, 1.675723049364535 ], [ -75.763293017302999, 1.670843273783248 ], [ -75.770680862410131, 1.660657587561445 ], [ -75.776231146443763, 1.661283238604256 ], [ -75.781154778710459, 1.656860962785345 ], [ -75.782226564021641, 1.653692030026093 ], [ -75.779963711407561, 1.650147228377648 ], [ -75.781591931615424, 1.647902731054387 ], [ -75.788816474551936, 1.645258070784053 ], [ -75.789324626760276, 1.64260081342843 ], [ -75.792989974331078, 1.641353869972022 ], [ -75.795716209779016, 1.636359030890901 ], [ -75.794243497952209, 1.635925349977299 ], [ -75.794777146165302, 1.63448280629666 ], [ -75.797958192715839, 1.633192280141202 ], [ -75.795446319719986, 1.626743511224163 ], [ -75.798667290128549, 1.627366205909084 ], [ -75.798493983412527, 1.624804330848065 ], [ -75.800455648638206, 1.623786777772125 ], [ -75.799825472777627, 1.621612014024947 ], [ -75.803146918932498, 1.622040799116405 ], [ -75.801678457936987, 1.616221411948572 ], [ -75.805099954934576, 1.614599090083516 ], [ -75.800175312960675, 1.610898009298921 ], [ -75.801457564727514, 1.609099647142273 ], [ -75.804299318223173, 1.60919749261933 ], [ -75.80554923061402, 1.606716754357706 ], [ -75.799572455788052, 1.602202798204473 ], [ -75.79743638700262, 1.605585379254705 ], [ -75.793456027858383, 1.605156496246821 ], [ -75.788611839065425, 1.600172553738787 ], [ -75.788433287980638, 1.598063267346561 ], [ -75.786064541876499, 1.597189245404479 ], [ -75.785824791217522, 1.593941267125388 ], [ -75.782597953008917, 1.594903907940875 ], [ -75.787922274635832, 1.585601295991523 ], [ -75.787719267796263, 1.577356723321827 ], [ -75.786018126787042, 1.577502874843503 ], [ -75.785610231135877, 1.581494620142962 ], [ -75.778891130188413, 1.582606190971489 ], [ -75.808548616109761, 1.533855521289979 ], [ -75.804125936048649, 1.536149391857293 ], [ -75.796352722360609, 1.536575314913932 ], [ -75.794446980899295, 1.533488228623696 ], [ -75.795927405667271, 1.532287043587701 ], [ -75.795125867046579, 1.531084482331551 ], [ -75.78687255915213, 1.529482713936602 ], [ -75.786445553624731, 1.528047141188154 ], [ -75.784181219687525, 1.528404598192537 ], [ -75.784376472263375, 1.529822088738229 ], [ -75.782398428042143, 1.52843939895439 ], [ -75.783985511665435, 1.527740647447047 ], [ -75.782916934240689, 1.525927921217601 ], [ -75.784041681568283, 1.523237392033991 ], [ -75.781314375327668, 1.522697501423067 ], [ -75.779610452233783, 1.519691314776821 ], [ -75.780797508555793, 1.518614942664158 ], [ -75.778276364938847, 1.517805055992881 ], [ -75.778692897898338, 1.512846143263573 ], [ -75.777277983722968, 1.509816657893623 ], [ -75.775892098629129, 1.510588724562979 ], [ -75.774582842585005, 1.509102156211839 ], [ -75.775828812266923, 1.505206422926449 ], [ -75.771243351058388, 1.501885755611568 ], [ -75.770871028720819, 1.496619387044746 ], [ -75.773712070750207, 1.493621982335753 ], [ -75.77179009222715, 1.489972313074134 ], [ -75.772813030707539, 1.486206328060177 ], [ -75.770798070190267, 1.481057055882218 ], [ -75.7694601201365, 1.481823749723617 ], [ -75.769121745160533, 1.478647335788651 ], [ -75.770133075601564, 1.47463338681257 ], [ -75.774321756921097, 1.47426982215768 ], [ -75.776342121707444, 1.470150183609292 ], [ -75.77926332227014, 1.470435274971692 ], [ -75.777647587756348, 1.464660445175809 ], [ -75.77973720012983, 1.462489074368193 ], [ -75.778200871360525, 1.461425502360157 ], [ -75.776932831851127, 1.463066009734348 ], [ -75.776150254884556, 1.456996484679678 ], [ -75.777230169955544, 1.456052508175731 ], [ -75.767800893653543, 1.449977966924507 ], [ -75.769815802068479, 1.446253448177117 ], [ -75.767346832644819, 1.443885035348217 ], [ -75.767911038873251, 1.442031586657833 ], [ -75.76564628362587, 1.442797762170869 ], [ -75.762869829618523, 1.435676244401463 ], [ -75.759784539062025, 1.435213965597995 ], [ -75.758401551037252, 1.427462772330045 ], [ -75.748266724772407, 1.426034555891363 ], [ -75.748708282120731, 1.423466103360568 ], [ -75.742346861858323, 1.424911421040974 ], [ -75.737367816070787, 1.422312229035015 ], [ -75.736619756896573, 1.420016417206853 ], [ -75.752646227274965, 1.347175156398748 ], [ -75.757091844038541, 1.337542721441764 ], [ -75.755069514635125, 1.334747050658564 ], [ -75.747944686571259, 1.33581878207076 ], [ -75.741954135171113, 1.322898912101039 ], [ -75.748444037079423, 1.323006504306647 ], [ -75.748583862659814, 1.315372481089582 ], [ -75.751985585925638, 1.311835210024185 ], [ -75.750653085955037, 1.307247829114374 ], [ -75.751973199944644, 1.302287968661688 ], [ -75.754293959804727, 1.299984885863807 ], [ -75.753721233049021, 1.297760384156391 ], [ -75.749040321273924, 1.294303129690377 ], [ -75.745727834922889, 1.2863178200015 ], [ -75.748928270725969, 1.283530914087521 ], [ -75.748534645722771, 1.278594345172053 ], [ -75.741892454099627, 1.278236886371019 ], [ -75.739819076092886, 1.276425737584475 ], [ -75.73981000669454, 1.266743764093349 ], [ -75.744728844648762, 1.262698744163458 ], [ -75.742637362879634, 1.257130663591568 ], [ -75.740284640936295, 1.256635232436111 ], [ -75.738411058289387, 1.250777632702295 ], [ -75.734646097355721, 1.250013464027234 ], [ -75.733356668942349, 1.2471884793963 ], [ -75.733404752204592, 1.244746118092564 ], [ -75.735775666843551, 1.242653127152607 ], [ -75.735327546398537, 1.23502017562646 ], [ -75.732769741607342, 1.233550457886906 ], [ -75.731142420613764, 1.237107112814954 ], [ -75.728956086556536, 1.237272860201813 ], [ -75.727039728796683, 1.234315354197918 ], [ -75.727126701955171, 1.229210752579775 ], [ -75.722607848183088, 1.229116079954849 ], [ -75.720799403327703, 1.226250563305996 ], [ -75.717521174257286, 1.225193113321552 ], [ -75.719740313018235, 1.219273034811636 ], [ -75.718623379243184, 1.210954607990345 ], [ -75.72304888271151, 1.210111992972259 ], [ -75.721298868820327, 1.208295860328519 ], [ -75.717802743322636, 1.20814960999212 ], [ -75.716246839349367, 1.206050902169125 ], [ -75.720244449754034, 1.205374042622736 ], [ -75.721085886181584, 1.19987315339273 ], [ -75.724594866581185, 1.200274046670643 ], [ -75.727766222098694, 1.196184869119463 ], [ -75.732529177972424, 1.196864117288158 ], [ -75.733949210752371, 1.191318720991944 ], [ -75.740423972442841, 1.187018573928128 ], [ -75.741520669853344, 1.190712087298778 ], [ -75.750393949636816, 1.193766362597103 ], [ -75.758434749203332, 1.188116704152662 ], [ -75.757565859340559, 1.192466528091245 ], [ -75.760622178307756, 1.195530349793671 ], [ -75.759146323273285, 1.199502916046583 ], [ -75.776607394422228, 1.205593331439786 ], [ -75.778769526948111, 1.207585154031847 ], [ -75.777016456087551, 1.210684405317352 ], [ -75.778574658851483, 1.212976913139244 ], [ -75.782890306357842, 1.208226855286682 ], [ -75.78659986365227, 1.20691312473059 ], [ -75.789646480806653, 1.210227637682522 ], [ -75.787967364709175, 1.214215645089098 ], [ -75.789847055904829, 1.214730621804108 ], [ -75.792485112654219, 1.212621925605504 ], [ -75.79510182272054, 1.214840519986922 ], [ -75.791732506204369, 1.218209838299742 ], [ -75.799341502337711, 1.227342355012809 ], [ -75.797504815325567, 1.229399200411933 ], [ -75.793988155222451, 1.22706665105261 ], [ -75.794191810646225, 1.230527455663491 ], [ -75.802116100424143, 1.233448491834338 ], [ -75.801524757865991, 1.236146784264804 ], [ -75.799026076640644, 1.237892841074029 ], [ -75.79950699819608, 1.239891280661766 ], [ -75.803425606200108, 1.244398132932076 ], [ -75.805028234283498, 1.242079670964301 ], [ -75.807986410431056, 1.24286156071912 ], [ -75.806364174804344, 1.248526757335412 ], [ -75.80818024456596, 1.250902247097827 ], [ -75.810296087766687, 1.249994641612091 ], [ -75.811904184797868, 1.245470654862345 ], [ -75.815056672086143, 1.25219294393338 ], [ -75.821686077079335, 1.251950420172932 ], [ -75.818648797021467, 1.257647243800648 ], [ -75.818527323138653, 1.262924506245611 ], [ -75.820290391357958, 1.26414785902557 ], [ -75.821106291356557, 1.267916358426021 ], [ -75.823537000603437, 1.269478197573108 ], [ -75.827140421862453, 1.269137044105776 ], [ -75.828025283783745, 1.271173294712241 ], [ -75.821047654677955, 1.277660518740561 ], [ -75.822039127843766, 1.286663740831841 ], [ -75.825599904245621, 1.288550739828167 ], [ -75.829235018093129, 1.286312150729202 ], [ -75.832731827209273, 1.291265968210155 ], [ -75.831577542353273, 1.293872912683241 ], [ -75.828649319654403, 1.294394119219703 ], [ -75.828639844217207, 1.296166213718152 ], [ -75.835235452765914, 1.299302921187575 ], [ -75.838154201824238, 1.302818682974703 ], [ -75.836713780864329, 1.305699527589411 ], [ -75.837557184603895, 1.307452667620282 ], [ -75.847910210028544, 1.314530395179588 ], [ -75.848274458301887, 1.322237417351459 ], [ -75.855033538802957, 1.326874954836853 ], [ -75.851840568005855, 1.330025284370095 ], [ -75.856125899143819, 1.3337934558852 ], [ -75.856884014965715, 1.33710389587236 ], [ -75.855734206418333, 1.338721213219003 ], [ -75.853384042878929, 1.338241069605203 ], [ -75.85308611458089, 1.340756688578779 ], [ -75.857313886121176, 1.345709066059158 ], [ -75.861514419822015, 1.346733319674172 ], [ -75.86412045699592, 1.351365166327639 ], [ -75.867657500787402, 1.350024649785098 ], [ -75.876024784320919, 1.354465438998432 ], [ -75.879316445012137, 1.353805094991685 ], [ -75.881493570432042, 1.356785931160346 ], [ -75.883281388155467, 1.356266765597866 ], [ -75.882818447293062, 1.360511285341659 ], [ -75.886141504128489, 1.361932539831344 ], [ -75.88766237826934, 1.364688173568709 ], [ -75.888458959982358, 1.363564129622546 ], [ -75.889896989625015, 1.36439411791099 ], [ -75.890963303293461, 1.366728913060228 ], [ -75.893778849318153, 1.365477280394316 ], [ -75.895786609832669, 1.367058578862554 ], [ -75.897927278894372, 1.364059719779959 ], [ -75.900898353063042, 1.364534532786593 ], [ -75.907789229996069, 1.35851669324137 ], [ -75.911417961308416, 1.358966827710844 ], [ -75.913554191790752, 1.357624054598489 ], [ -75.916140554945912, 1.359766005557105 ], [ -75.917304992569314, 1.358091354090107 ], [ -75.919490813688128, 1.358400345149676 ], [ -75.918155669973544, 1.35901641924562 ], [ -75.917327880762684, 1.363765717122874 ], [ -75.922391891074142, 1.3657035832627 ], [ -75.924013137654924, 1.369413375915883 ], [ -75.934664724690322, 1.376470566174874 ], [ -75.940982819172064, 1.376432419185903 ], [ -75.942238807772299, 1.378959656080269 ], [ -75.945808411027201, 1.379419327072412 ], [ -75.948606491093869, 1.382490158334633 ], [ -75.956197892810053, 1.38297841194526 ], [ -75.959003447764189, 1.393621445215729 ], [ -75.962371826438414, 1.394723891848628 ], [ -75.965827941839734, 1.393541336089811 ], [ -75.969067572966537, 1.398998259938139 ], [ -75.980098126284702, 1.403089249392679 ], [ -75.981491089210294, 1.404785156812864 ], [ -75.981017113434177, 1.411073684121789 ], [ -75.992588043352214, 1.417463303421755 ], [ -75.995541573409412, 1.42157363990799 ], [ -75.995352584791021, 1.431274777174394 ], [ -75.998791380659895, 1.436277711879256 ], [ -75.993564281977001, 1.443901301156018 ], [ -75.999200258170447, 1.451353291415501 ], [ -75.9989805606196, 1.456467477167052 ], [ -76.005299553417331, 1.464628405837345 ], [ -76.01195985059951, 1.468170112787163 ], [ -76.014404570881027, 1.473529690622115 ], [ -76.003177876552513, 1.491871274046275 ], [ -76.003435631260743, 1.494869872617244 ], [ -76.007171733792916, 1.502329810278354 ], [ -76.012892500237001, 1.506342884294668 ], [ -76.013039788128367, 1.512228011125671 ], [ -76.015654688986217, 1.517690485668595 ], [ -76.023657521226994, 1.52265662624842 ], [ -76.025409426073395, 1.529122622171371 ], [ -76.035674270104494, 1.527162594575771 ], [ -76.044280009823638, 1.529969266136732 ], [ -76.046646387966803, 1.529399070835495 ], [ -76.053413263155846, 1.523700040045355 ], [ -76.055537987108494, 1.518859281921209 ], [ -76.059194188924096, 1.518824458701488 ], [ -76.063520838106513, 1.513243514244493 ], [ -76.076429526737002, 1.5042726000882 ], [ -76.082774684784908, 1.506016229647571 ], [ -76.086850029167977, 1.504406726751881 ], [ -76.091544409394885, 1.505789245855624 ], [ -76.097525656037874, 1.511281248045464 ], [ -76.102605411133823, 1.520839485694125 ], [ -76.102018465832487, 1.526024132657824 ], [ -76.099668412785945, 1.528308465804116 ], [ -76.096848343740191, 1.536328464863686 ], [ -76.097783781750593, 1.54815899822421 ], [ -76.095893989889817, 1.55449211793939 ], [ -76.099038168653408, 1.564323496652719 ], [ -76.089910830732038, 1.568543456437055 ], [ -76.087447493749664, 1.57715115268843 ], [ -76.080965840178862, 1.577541388345367 ], [ -76.076197401882609, 1.580806006131695 ], [ -76.074579368578156, 1.584832056322568 ], [ -76.065147185325543, 1.585726734142781 ], [ -76.062376764408498, 1.582389553084909 ], [ -76.05561506531626, 1.580342803859367 ], [ -76.046354201704673, 1.584340296584628 ], [ -76.040129530290301, 1.581613436807004 ], [ -76.03437752939891, 1.582767257233627 ], [ -76.030516509738675, 1.587300348416022 ], [ -76.023520895448257, 1.590845744749629 ], [ -76.016501484766991, 1.600125644575598 ], [ -76.015549700100394, 1.603672229381289 ], [ -76.01258012971266, 1.605371166821328 ], [ -76.011023965227707, 1.609782685306129 ], [ -76.006027096850801, 1.614751001607374 ], [ -75.999895358023252, 1.615825084810865 ], [ -75.994063167157492, 1.614751001607374 ], [ -75.989157669195833, 1.619566077775346 ], [ -75.983429515000978, 1.621334016664036 ], [ -75.980728826761776, 1.624581982366692 ], [ -75.981276103326877, 1.631494313780706 ], [ -75.977528446654276, 1.64235655501983 ], [ -75.97847144040054, 1.648262952177106 ], [ -75.981876392214076, 1.652660456033971 ], [ -75.979993573082083, 1.657589866269234 ], [ -75.972473044905087, 1.661124859205245 ], [ -75.962790067994945, 1.659155549310469 ], [ -75.952651186731714, 1.663800256255854 ], [ -75.951861548103068, 1.6702732114328 ], [ -75.942746882725487, 1.675376970430591 ], [ -75.93868072003022, 1.682375875252546 ], [ -75.938291121279349, 1.686717794010292 ], [ -75.93583433032569, 1.687990805698746 ], [ -75.933702605796441, 1.692964438234014 ], [ -75.923510554107452, 1.696345039395794 ], [ -75.921188199736434, 1.699452613579012 ], [ -75.920650378845551, 1.70421152074249 ], [ -75.912236604764075, 1.711959046186166 ], [ -75.903660647813581, 1.716763065880855 ], [ -75.899953230307858, 1.717104929916161 ], [ -75.891634636399829, 1.716914573162455 ], [ -75.883342514965989, 1.713296379995143 ], [ -75.873341340155662, 1.714249575916256 ], [ -75.862104351125765, 1.719436573772896 ], [ -75.858225829574906, 1.723481658381502 ], [ -75.853493734449046, 1.725649147565719 ], [ -75.847327898241133, 1.722172953005156 ], [ -75.84402044695122, 1.722648843990953 ], [ -75.840697096366512, 1.725304242730772 ], [ -75.841640985733818, 1.728145402439566 ], [ -75.837280543700103, 1.740225752988124 ], [ -75.830320250296495, 1.747400987359356 ], [ -75.816449676334287, 1.753619540343493 ], [ -75.813141034775697, 1.75153067986048 ], [ -75.806636526249235, 1.751855336652739 ], [ -75.799402964220121, 1.749987461007436 ], [ -75.791871729014701, 1.759790457426732 ], [ -75.785661577081839, 1.763229164362315 ], [ -75.787052958072934, 1.749820714693215 ] ] ] } },
{ "type": "Feature", "properties": { "cod_mun": "18150", "municipio": "Cartagena Del Chairá" }, "geometry": { "type": "Polygon", "coordinates": [ [ [ -74.787221464917934, 1.567372832111346 ], [ -74.608960859587683, 1.283407189024842 ], [ -74.606843422774375, 1.281596625940324 ], [ -74.598095899146017, 1.282832168868367 ], [ -74.595540361704366, 1.274951392619187 ], [ -74.590186574414304, 1.268198487142229 ], [ -74.586060584771815, 1.264415143069925 ], [ -74.581420643392789, 1.263472873366368 ], [ -74.577808616266509, 1.259675254154445 ], [ -74.572369172749234, 1.247896921038318 ], [ -74.570755897824597, 1.238260108587497 ], [ -74.572569048059222, 1.236718213852214 ], [ -74.57255476483482, 1.233448833194416 ], [ -74.566715571595864, 1.22788089365821 ], [ -74.562075621233703, 1.226110575130463 ], [ -74.555436926754737, 1.218786593104369 ], [ -74.54240223762713, 1.212847463108687 ], [ -74.539603994066908, 1.214389357843913 ], [ -74.534364417774782, 1.21190519340513 ], [ -74.527325973574079, 1.206137378558878 ], [ -74.525384337202013, 1.199641455238407 ], [ -74.518088902760098, 1.19504433478653 ], [ -74.514619654877151, 1.195101443429564 ], [ -74.511064741783798, 1.191889172313211 ], [ -74.505525353424957, 1.195201381982884 ], [ -74.503269620863477, 1.193402509582768 ], [ -74.498015779313278, 1.193802253016258 ], [ -74.493789852015766, 1.191318095763961 ], [ -74.491933870074263, 1.185350408302668 ], [ -74.483225045000893, 1.181438577194569 ], [ -74.481483283040461, 1.176398876212431 ], [ -74.482268500157772, 1.173557802741925 ], [ -74.480797993696683, 1.172330004196112 ], [ -74.47642930691876, 1.17157333466298 ], [ -74.473188481929981, 1.17594201964431 ], [ -74.470361681802444, 1.1753709511799 ], [ -74.469376580392009, 1.171330624951167 ], [ -74.466449841711153, 1.173200882032177 ], [ -74.465891143956469, 1.159765015758808 ], [ -74.464049445239368, 1.161007089444183 ], [ -74.46302152110519, 1.158365887690479 ], [ -74.461336856109767, 1.160735833046488 ], [ -74.459637925856214, 1.159822120808599 ], [ -74.460237542803043, 1.155924563043357 ], [ -74.457325088244943, 1.155624751874996 ], [ -74.454755267578889, 1.148814732365167 ], [ -74.450400855940529, 1.148072335276652 ], [ -74.448059468948429, 1.144017736603246 ], [ -74.448459218670109, 1.141347978282226 ], [ -74.444404610115271, 1.139020867327986 ], [ -74.446017885938147, 1.136165516921324 ], [ -74.444418893339673, 1.135608723596533 ], [ -74.445489649180672, 1.133038903828833 ], [ -74.444547378578818, 1.129512540116309 ], [ -74.440635549267313, 1.126971278712517 ], [ -74.439193591288756, 1.128156257229591 ], [ -74.438622522824403, 1.125900521973165 ], [ -74.43593849205871, 1.126714299251034 ], [ -74.433725591204109, 1.119276104430355 ], [ -74.425930478368684, 1.115021630446961 ], [ -74.42346059625595, 1.115278608111851 ], [ -74.423746134081398, 1.116963264124138 ], [ -74.418749264806138, 1.117591448418068 ], [ -74.418249577429435, 1.113536839863229 ], [ -74.419834303871539, 1.112009225657403 ], [ -74.418692158857993, 1.111066965835334 ], [ -74.415793977642807, 1.111780801864938 ], [ -74.413980827408182, 1.110453064765807 ], [ -74.412024907811713, 1.112337597884675 ], [ -74.4078846439279, 1.108211608242186 ], [ -74.403501682908768, 1.107840414189468 ], [ -74.403915707770011, 1.105613241788603 ], [ -74.39683443186243, 1.105984433146318 ], [ -74.393208131393237, 1.102372414104877 ], [ -74.390895292883613, 1.103985690826107 ], [ -74.389396237940105, 1.103129083638009 ], [ -74.390181455057359, 1.101715683125065 ], [ -74.388211261219624, 1.09844630336562 ], [ -74.386198234776714, 1.098931714704406 ], [ -74.38644094179358, 1.101244544230838 ], [ -74.38492760362567, 1.098489132377551 ], [ -74.383000242393166, 1.099174413636433 ], [ -74.382657597721277, 1.097875234901267 ], [ -74.38452785390399, 1.096875856554618 ], [ -74.381872379705669, 1.092949744917007 ], [ -74.384013892286077, 1.09070829557993 ], [ -74.382257856084436, 1.086882118902395 ], [ -74.380030680988568, 1.087324700330953 ], [ -74.3824862798769, 1.082213620057757 ], [ -74.380316210729177, 1.080300528574924 ], [ -74.381601125104623, 1.077916312570892 ], [ -74.379816523352474, 1.075118067214078 ], [ -74.380630297935397, 1.072619627635675 ], [ -74.377946266271465, 1.070835035765015 ], [ -74.380487536658393, 1.069450195412685 ], [ -74.380616022795891, 1.063625274618346 ], [ -74.3762187785523, 1.062854323657461 ], [ -74.3740201609221, 1.060127459388298 ], [ -74.37007977324663, 1.062140484034558 ], [ -74.370265365332216, 1.058885383906215 ], [ -74.367638448599564, 1.058085887157802 ], [ -74.368266623012005, 1.059841929647689 ], [ -74.366182217278038, 1.059556390923888 ], [ -74.365739634951183, 1.056001477830591 ], [ -74.362341766359293, 1.055230535852843 ], [ -74.363840821302801, 1.053060465806823 ], [ -74.360514341883402, 1.050747629093848 ], [ -74.35823005185631, 1.0517470029489 ], [ -74.359001003715491, 1.049919580269659 ], [ -74.357730372564447, 1.048406241203452 ], [ -74.361171072863215, 1.044394462558841 ], [ -74.357758921046923, 1.043495034443595 ], [ -74.354875014971299, 1.044979814247597 ], [ -74.354717971368189, 1.041610494138183 ], [ -74.35129154531063, 1.039397603165014 ], [ -74.352733503289187, 1.034586326873693 ], [ -74.343810518783073, 1.031031411983747 ], [ -74.344552914074995, 1.029746509286383 ], [ -74.346780089170807, 1.030388958838444 ], [ -74.341883156652273, 1.02750505096617 ], [ -74.340484040262027, 1.023764535905741 ], [ -74.342782594648952, 1.023222025805353 ], [ -74.340755294863072, 1.019210251652339 ], [ -74.337742893666814, 1.021508815022344 ], [ -74.335587107743436, 1.019809873989061 ], [ -74.333902442748013, 1.014841563976063 ], [ -74.330890051433187, 1.015455462350644 ], [ -74.329833568935101, 1.014127724353216 ], [ -74.325393492984631, 1.020723588921896 ], [ -74.326050223964444, 1.014684521271249 ], [ -74.32308065357671, 1.017625533295018 ], [ -74.323623173558587, 1.012400236634051 ], [ -74.320053988020618, 1.013242564190989 ], [ -74.319283036161437, 1.011729222429835 ], [ -74.321495936117742, 1.009973188024787 ], [ -74.319639954176239, 1.006875121618123 ], [ -74.315927999276425, 1.007631790252958 ], [ -74.313315346903494, 1.00306322996164 ], [ -74.309374959228023, 1.002991849772286 ], [ -74.308789617420757, 0.999679634712663 ], [ -74.3073476594422, 0.999065735439729 ], [ -74.3068622552899, 1.000993096672289 ], [ -74.305634445964301, 0.999993721918884 ], [ -74.305006271551804, 0.998323341944513 ], [ -74.307304836718458, 0.997209752599929 ], [ -74.307490428804101, 0.994340130647004 ], [ -74.297339645752118, 0.99378333642386 ], [ -74.295911970997963, 0.995896292436953 ], [ -74.29334215212856, 0.995111071726399 ], [ -74.295412282722964, 0.993340753198652 ], [ -74.293699070143361, 0.990428290555712 ], [ -74.289101959572918, 0.991470499710886 ], [ -74.287874151145616, 0.989971433089295 ], [ -74.286375097100404, 0.991342002793601 ], [ -74.286489308996636, 0.989057719953053 ], [ -74.283876126617258, 0.989662575878754 ], [ -74.281424580032422, 0.984142643247878 ], [ -74.284587863282411, 0.978812506821441 ], [ -74.280920966116526, 0.974919289719196 ], [ -74.26194714609494, 0.968637515051626 ], [ -74.26331771490095, 0.965111159423941 ], [ -74.266929733044094, 0.962255802729089 ], [ -74.265701933599928, 0.955445783219204 ], [ -74.261790103390126, 0.954018107566753 ], [ -74.25710732042279, 0.95740170101908 ], [ -74.250668502152109, 0.95747309019157 ], [ -74.249754789015867, 0.955602833110561 ], [ -74.253152657607757, 0.952733202174443 ], [ -74.252895677247977, 0.950506027976928 ], [ -74.24662817592332, 0.947593562638986 ], [ -74.246114214305408, 0.949520925668139 ], [ -74.24896956291542, 0.952618990278211 ], [ -74.247170695006901, 0.954831882149676 ], [ -74.240217906135172, 0.948721424428186 ], [ -74.240446338012475, 0.947550730932107 ], [ -74.245214776308728, 0.947279476331062 ], [ -74.246271257010221, 0.945580537094372 ], [ -74.240232180376381, 0.936314916899562 ], [ -74.240032314049586, 0.929490623148467 ], [ -74.226298061336934, 0.937142975605184 ], [ -74.223771073276112, 0.934830137993913 ], [ -74.222314841954642, 0.926992192553257 ], [ -74.217860490864609, 0.924422373683853 ], [ -74.204797253254526, 0.926292629866566 ], [ -74.204069133102166, 0.923351618741094 ], [ -74.210108209736006, 0.922666329397316 ], [ -74.211578716197039, 0.920953115919417 ], [ -74.210279527580383, 0.916698641037726 ], [ -74.206481909266813, 0.912701148312465 ], [ -74.207738266176591, 0.909717302785168 ], [ -74.202527247350133, 0.906490753834305 ], [ -74.198943776791111, 0.910502527987319 ], [ -74.197287670159653, 0.907889877411037 ], [ -74.192990362672731, 0.907218872189958 ], [ -74.189321238581499, 0.904591947372467 ], [ -74.194532259204664, 0.902764521099982 ], [ -74.189264132633411, 0.900651557900346 ], [ -74.180426813337647, 0.902950114982218 ], [ -74.180883669007471, 0.914342980702713 ], [ -74.178927749411002, 0.917983553616523 ], [ -74.176743406022013, 0.91772657415504 ], [ -74.177699949966836, 0.906690625550993 ], [ -74.176243717747013, 0.900451685285304 ], [ -74.179199013893481, 0.892371031031132 ], [ -74.174544788391813, 0.886417627692538 ], [ -74.175101581716604, 0.881863329964347 ], [ -74.1683343930153, 0.876994954911424 ], [ -74.168034580948643, 0.869314054870529 ], [ -74.162480916551942, 0.867143984824452 ], [ -74.158968836962117, 0.876852186447877 ], [ -74.151302210264134, 0.882520063639106 ], [ -74.149446228322631, 0.880264339162466 ], [ -74.149731766148079, 0.876009861585828 ], [ -74.144949046424074, 0.874339480713104 ], [ -74.147090567089322, 0.870698906900941 ], [ -74.146833585831189, 0.868043423719485 ], [ -74.130072656782716, 0.865716310070297 ], [ -74.130243983610228, 0.861361898431937 ], [ -74.135140907145683, 0.856236543917476 ], [ -74.116880924051998, 0.851882128685872 ], [ -74.11835143859787, 0.845971548969317 ], [ -74.113397401029488, 0.845143489365341 ], [ -74.106630213226538, 0.839803985299682 ], [ -74.104474418320024, 0.839775426935716 ], [ -74.100305605953793, 0.842330971563911 ], [ -74.097250373050599, 0.848998225305138 ], [ -74.090368971554767, 0.85532282898464 ], [ -74.087042484050528, 0.849455079178313 ], [ -74.091482560000998, 0.848013122098052 ], [ -74.091753823585179, 0.846085759068899 ], [ -74.076940561304127, 0.840375961063216 ], [ -74.07739434113995, 0.829333982063872 ], [ -74.075488464931198, 0.823041566843301 ], [ -74.080117021053184, 0.824735680326455 ], [ -74.082748944999253, 0.822769298941807 ], [ -74.084745576276873, 0.813330675661803 ], [ -74.074459896704468, 0.795209729427029 ], [ -74.08286995265604, 0.796329053620923 ], [ -74.086258176029048, 0.794907208937616 ], [ -74.083596000393356, 0.788584542925776 ], [ -74.08386826829485, 0.785438333069692 ], [ -74.071797721068776, 0.786587909851505 ], [ -74.072523768806093, 0.784470270018801 ], [ -74.076305268635679, 0.782261873320635 ], [ -74.077031317271292, 0.779357682371369 ], [ -74.074732164605962, 0.775182906085206 ], [ -74.071253186164085, 0.774003079410363 ], [ -74.071464948889741, 0.772308966825562 ], [ -74.075669976865527, 0.770221578682481 ], [ -74.072947296952293, 0.765048486757507 ], [ -74.068984286086675, 0.761872027008451 ], [ -74.071253186164085, 0.757757755898126 ], [ -74.055975926601036, 0.756608180014609 ], [ -74.052829719439899, 0.755095580262434 ], [ -74.052224679359369, 0.752040129966815 ], [ -74.05812381902166, 0.745505695839427 ], [ -74.051861654592415, 0.73888051023647 ], [ -74.046749066944983, 0.737186399448262 ], [ -74.046839822912148, 0.72880659428796 ], [ -74.044205882246672, 0.727942548145052 ], [ -74.03694741979632, 0.7316805344459 ], [ -74.029142404823574, 0.73225532193851 ], [ -74.030685257163668, 0.727808277750853 ], [ -74.029928956838432, 0.725599881950984 ], [ -74.027357537169905, 0.724813331732776 ], [ -74.022849988704706, 0.728050295759374 ], [ -74.023182760883742, 0.722544430757011 ], [ -74.025784433140188, 0.718067135778085 ], [ -74.024846620880624, 0.715253699897687 ], [ -74.016708833728842, 0.713105809273657 ], [ -74.010991206000881, 0.714194879082982 ], [ -74.011293725591997, 0.710594892984375 ], [ -74.013986153815608, 0.707751202719408 ], [ -74.019582773886782, 0.708235236041446 ], [ -74.020429830179182, 0.701973073408851 ], [ -74.016981101630336, 0.695196623967888 ], [ -74.008298778675567, 0.696194939606698 ], [ -74.009387851179895, 0.689055469890377 ], [ -74.005061814648968, 0.685879010141321 ], [ -74.006907186580179, 0.681401715162337 ], [ -74.00990213529326, 0.683216833607275 ], [ -74.01201977422761, 0.682611796221693 ], [ -74.010386165920352, 0.678739537729996 ], [ -74.005939122630991, 0.677650466124021 ], [ -74.004547531433957, 0.675744591711918 ], [ -74.010870198344094, 0.669452174694698 ], [ -74.009206339245566, 0.663069005303612 ], [ -74.013320610355834, 0.66373454786509 ], [ -74.013471869702244, 0.66128413585335 ], [ -74.010658433821845, 0.657442131746166 ], [ -74.003942489556778, 0.659529518990951 ], [ -73.999495446267417, 0.657926165068261 ], [ -73.998950909566133, 0.660225315936998 ], [ -74.003549214896793, 0.663674045384141 ], [ -74.000735779016395, 0.664974878817418 ], [ -73.996651758697396, 0.662433711736867 ], [ -73.993868575404917, 0.655324493710111 ], [ -73.987606411873969, 0.655082478396537 ], [ -73.987818176396217, 0.651300976770358 ], [ -73.984732471716029, 0.649425354946118 ], [ -73.989905562742706, 0.646188389122926 ], [ -73.992658496142155, 0.641862355286946 ], [ -73.99132740832431, 0.638443878427722 ], [ -73.985458521249996, 0.635327921159558 ], [ -73.971058568770616, 0.632363225034453 ], [ -73.970816554355395, 0.630487604108566 ], [ -73.974900572877743, 0.629580042640328 ], [ -73.973539231573682, 0.625405268150757 ], [ -73.971330836672109, 0.623045611207885 ], [ -73.966187998233409, 0.621986791291533 ], [ -73.962769416271158, 0.615689377840738 ], [ -73.960760410690625, 0.615187124873557 ], [ -73.94452756838092, 0.620262426118757 ], [ -73.93847716757557, 0.618538063640983 ], [ -73.93618597129506, 0.616084003567948 ], [ -73.932132084986279, 0.616406878999612 ], [ -73.925710443415824, 0.622756771172817 ], [ -73.925892337134485, 0.631153147568341 ], [ -73.923986461824029, 0.635116159332256 ], [ -73.915697414427541, 0.637778334967948 ], [ -73.912067173944308, 0.633482549228347 ], [ -73.905562995099842, 0.631334660400967 ], [ -73.903324346711997, 0.635327921159558 ], [ -73.901085699222563, 0.63535817284918 ], [ -73.897273947703354, 0.631788439338493 ], [ -73.896729411900367, 0.621896036222665 ], [ -73.884356345083177, 0.617660756557257 ], [ -73.884489958808388, 0.614074996190823 ], [ -73.888687344809966, 0.610523362849221 ], [ -73.888712632405372, 0.607012053116193 ], [ -73.895037236983171, 0.606864103165947 ], [ -73.892736148446829, 0.598057461361634 ], [ -73.875976540821227, 0.592642355021383 ], [ -73.873737894230032, 0.581600374225445 ], [ -73.867747997702281, 0.584444060897113 ], [ -73.871529498430164, 0.578333160305817 ], [ -73.870168158024399, 0.574793675789806 ], [ -73.861667347003959, 0.575307958106578 ], [ -73.851381667431554, 0.581025585834539 ], [ -73.844998496243818, 0.582538187383307 ], [ -73.841549766796618, 0.5750659436913 ], [ -73.83586239255493, 0.575005437617108 ], [ -73.834712816671413, 0.573734854076804 ], [ -73.839069103095255, 0.568531512258858 ], [ -73.834380045390674, 0.567321432097799 ], [ -73.835650628930978, 0.563328167745965 ], [ -73.829116196600239, 0.561331537366641 ], [ -73.824094365818269, 0.562783631942978 ], [ -73.816712878093426, 0.561301284778722 ], [ -73.812628858672724, 0.564023963793659 ], [ -73.808333074729774, 0.564659254665457 ], [ -73.800044028231582, 0.576548290855555 ], [ -73.795717991700712, 0.579452482703118 ], [ -73.795929756222961, 0.580904579076048 ], [ -73.801465872016593, 0.582235666893894 ], [ -73.801465872016593, 0.584232299069811 ], [ -73.798803696380901, 0.586501198248925 ], [ -73.795778495978254, 0.584958346807127 ], [ -73.791361704378517, 0.576790307067427 ], [ -73.784524753354958, 0.580632311174554 ], [ -73.784101225208758, 0.576518039165933 ], [ -73.786400376975791, 0.573039058927463 ], [ -73.785523068993768, 0.570528142638182 ], [ -73.777143264731819, 0.571496205689016 ], [ -73.778232337236091, 0.583324736703219 ], [ -73.774571845961589, 0.586833968631311 ], [ -73.778716368761536, 0.589254128953428 ], [ -73.773180253866201, 0.591523030827489 ], [ -73.770518078230509, 0.594608733711084 ], [ -73.769186990412663, 0.594578482021461 ], [ -73.767946657663686, 0.591160006060534 ], [ -73.766161790010017, 0.591523030827489 ], [ -73.765375237995158, 0.594064197908097 ], [ -73.767129853959204, 0.599570062012106 ], [ -73.763741630586196, 0.6067397852147 ], [ -73.760504666559598, 0.605832224644757 ], [ -73.760897943016175, 0.593761679215277 ], [ -73.758417279314813, 0.591976810663311 ], [ -73.754424014962979, 0.592884370334957 ], [ -73.756360142861354, 0.602655764895701 ], [ -73.751761840225583, 0.621169986688699 ], [ -73.748555127888608, 0.619203607999054 ], [ -73.74701227644681, 0.60655827328037 ], [ -73.741355152098095, 0.605015421838573 ], [ -73.737089620743063, 0.608040620444626 ], [ -73.734639686635433, 0.612926994156908 ], [ -73.734608957041701, 0.616662439121853 ], [ -73.736514833250453, 0.619506129386764 ], [ -73.742050948145788, 0.619415371623006 ], [ -73.743926571766622, 0.620746457644202 ], [ -73.74226271176974, 0.628067442888153 ], [ -73.740296333080039, 0.628127946267398 ], [ -73.735092988567146, 0.622440572025653 ], [ -73.728104777298881, 0.621623768321172 ], [ -73.726561925857084, 0.616601934844255 ], [ -73.719785478212771, 0.609341455674553 ], [ -73.716306497974301, 0.608766668181943 ], [ -73.709711563162614, 0.613425475095198 ], [ -73.706414094858474, 0.612880941987214 ], [ -73.703721666634863, 0.609129692050601 ], [ -73.706414094858474, 0.605227183665875 ], [ -73.711647691060989, 0.603533072877724 ], [ -73.718424137807006, 0.604017107098116 ], [ -73.719906485869558, 0.601959969746304 ], [ -73.719301445789029, 0.599993589260009 ], [ -73.715852718138478, 0.596998639648632 ], [ -73.704447715270476, 0.596575113299082 ], [ -73.698699835852892, 0.593459157827567 ], [ -73.696158667873988, 0.586924726395125 ], [ -73.700877979963138, 0.580753317933045 ], [ -73.684693160728443, 0.570316379912526 ], [ -73.685963745167101, 0.561301284778722 ], [ -73.689714993307064, 0.555825673262632 ], [ -73.69231666376686, 0.555674413916222 ], [ -73.697671267626163, 0.562420609870969 ], [ -73.699849411736409, 0.561573551781919 ], [ -73.699879664324385, 0.558911377942877 ], [ -73.693829264417332, 0.550047543053779 ], [ -73.684178876615078, 0.544450922084252 ], [ -73.676494870197473, 0.544934952711401 ], [ -73.676404114230309, 0.538158505965384 ], [ -73.665725159099622, 0.53286440728192 ], [ -73.658071402574933, 0.52642073002005 ], [ -73.649389079620164, 0.523244272067586 ], [ -73.645274807611543, 0.511809015713368 ], [ -73.644639514943094, 0.497893095657787 ], [ -73.637651304573126, 0.499254436961849 ], [ -73.629574021698943, 0.504760300167561 ], [ -73.615930371341449, 0.508904824764102 ], [ -73.614145502789484, 0.502975433412189 ], [ -73.599745552106754, 0.495926718764736 ], [ -73.599866559763541, 0.49284101408449 ], [ -73.606098470706513, 0.490148584962583 ], [ -73.606552251440689, 0.487577165294056 ], [ -73.604767383787021, 0.48521750924948 ], [ -73.59575228775492, 0.481526767183652 ], [ -73.594965735740061, 0.491509925368348 ], [ -73.591244741086314, 0.4934158015771 ], [ -73.583500228594517, 0.488393969896833 ], [ -73.58062629023317, 0.48449146241046 ], [ -73.59299935705036, 0.466370516175687 ], [ -73.591789276889301, 0.462407502615179 ], [ -73.583893505051094, 0.461590698910697 ], [ -73.576027985800806, 0.463073047871546 ], [ -73.569886829926645, 0.461409187874665 ], [ -73.569614562025151, 0.464010859232815 ], [ -73.575664961932148, 0.469365463990414 ], [ -73.577782601764852, 0.477624258798983 ], [ -73.575090174439538, 0.480982229584072 ], [ -73.569493554368364, 0.483795666362766 ], [ -73.562777611001593, 0.472874694121913 ], [ -73.555305368207883, 0.467489838572988 ], [ -73.557457010199528, 0.459345949160593 ], [ -73.562595373227907, 0.453077146176099 ], [ -73.561053863870256, 0.450816266263928 ], [ -73.557251474600378, 0.450816266263928 ], [ -73.546769213842765, 0.455338025189974 ], [ -73.541733618164756, 0.454413118138064 ], [ -73.538753366799767, 0.452049470875465 ], [ -73.53834229829647, 0.449257183150337 ], [ -73.542956556821025, 0.446117548967379 ], [ -73.549752658721104, 0.445668750293805 ], [ -73.553236196116643, 0.43840247878245 ], [ -73.550253283939696, 0.434394155061227 ], [ -73.539120548973187, 0.432548783130017 ], [ -73.540562311118833, 0.43024136056755 ], [ -73.547046571602721, 0.429009297715652 ], [ -73.546804556289146, 0.422595876634944 ], [ -73.540723904692527, 0.417241272775641 ], [ -73.537849965432883, 0.410979108346339 ], [ -73.534613001406285, 0.409012728758398 ], [ -73.527715546105185, 0.408468192955411 ], [ -73.524932361914409, 0.409799280773257 ], [ -73.523540769819022, 0.414306828340159 ], [ -73.525476897717397, 0.41972193557865 ], [ -73.524024802242764, 0.421930332276872 ], [ -73.520152546446013, 0.420145462826554 ], [ -73.519063474840038, 0.414579096241596 ], [ -73.520666829661081, 0.409284996659835 ], [ -73.52677773384562, 0.401903510731643 ], [ -73.532011329149839, 0.399211080711382 ], [ -73.540149117199917, 0.400784185639452 ], [ -73.540754157280446, 0.394975801944327 ], [ -73.538787776794152, 0.392827910422 ], [ -73.520182798135636, 0.384296845915287 ], [ -73.515433235255159, 0.384871636102844 ], [ -73.508626535022927, 0.390362372565448 ], [ -73.50632738415419, 0.390150607144847 ], [ -73.505540832139332, 0.375750658258767 ], [ -73.499218164330841, 0.366281782390843 ], [ -73.506448391810977, 0.360231381585493 ], [ -73.503392939718708, 0.349764192773705 ], [ -73.509050063169127, 0.343592784311625 ], [ -73.501668576342581, 0.329858376190316 ], [ -73.485120733239228, 0.324715537751615 ], [ -73.480098901558961, 0.32480629371878 ], [ -73.472384641655083, 0.330433164581279 ], [ -73.469026670869994, 0.338843221431148 ], [ -73.466546007168631, 0.339932292138826 ], [ -73.46427710709122, 0.338782718051903 ], [ -73.46300652265262, 0.331491986294225 ], [ -73.458256959772143, 0.329344092975305 ], [ -73.456895620264675, 0.323717222112805 ], [ -73.4500284157549, 0.321024793889194 ], [ -73.4500284157549, 0.305656779257276 ], [ -73.456199824216981, 0.294221524699651 ], [ -73.455050248333464, 0.282816520035055 ], [ -73.453265379781499, 0.280971148103845 ], [ -73.44760825633108, 0.279821573118625 ], [ -73.44700321625055, 0.275132515414043 ], [ -73.444280537235613, 0.274527475333514 ], [ -73.441043573209015, 0.278278719880177 ], [ -73.445097340940094, 0.288050118034164 ], [ -73.443645244567165, 0.28922994381071 ], [ -73.440226768606237, 0.286477014004447 ], [ -73.436747789266065, 0.278702248924731 ], [ -73.432119234042375, 0.276584609092026 ], [ -73.432905786057233, 0.267206489191267 ], [ -73.429275545574058, 0.261609870916686 ], [ -73.435053676681264, 0.257374591251278 ], [ -73.43463014943336, 0.254409895126173 ], [ -73.432149485731998, 0.253653595699234 ], [ -73.425403289777307, 0.255710732152693 ], [ -73.415117611103199, 0.26475607897612 ], [ -73.407826880243874, 0.265633386059847 ], [ -73.404468907662135, 0.265088850256859 ], [ -73.399265564047539, 0.260823318901828 ], [ -73.3957563330178, 0.253441831176985 ], [ -73.390946264961428, 0.260127522854134 ], [ -73.389826940767534, 0.268235059214589 ], [ -73.387134513442277, 0.267720774202928 ], [ -73.380448821765071, 0.261519114949522 ], [ -73.377030345804144, 0.254621659648421 ], [ -73.375063966216146, 0.253623344009611 ], [ -73.373188341697016, 0.25410737463676 ], [ -73.367652226801681, 0.26215440941462 ], [ -73.360543006978332, 0.262426674621167 ], [ -73.35836486376644, 0.252625028370801 ], [ -73.352798496283185, 0.247784707726566 ], [ -73.348109436781954, 0.247270425409852 ], [ -73.34151450107197, 0.252171246738385 ], [ -73.338549804946865, 0.250900663198081 ], [ -73.33906408906023, 0.247845212902405 ], [ -73.342906093167358, 0.245092280401252 ], [ -73.343934661394087, 0.240675489699868 ], [ -73.342452313331535, 0.237529280742081 ], [ -73.338459048979701, 0.234988112763176 ], [ -73.338459048979701, 0.232961229795933 ], [ -73.345205244934391, 0.230994850207935 ], [ -73.347534649289344, 0.228302422882678 ], [ -73.356327159684668, 0.226511614665299 ], [ -73.337927916051399, 0.211276042354541 ], [ -73.322546499443092, 0.21565708726564 ], [ -73.32206246701935, 0.219952869411998 ], [ -73.323847333774665, 0.22545873261771 ], [ -73.322304483231221, 0.227001585856101 ], [ -73.315830555178024, 0.226850324713098 ], [ -73.316223830736305, 0.232567952441059 ], [ -73.314741482673753, 0.234625088894518 ], [ -73.307541507781536, 0.229542752038412 ], [ -73.302186903922234, 0.223371347169575 ], [ -73.298556665235651, 0.222161266110163 ], [ -73.29501718071964, 0.224097394008538 ], [ -73.289178545334892, 0.233021733175178 ], [ -73.286607125666364, 0.234050303198558 ], [ -73.285034021636648, 0.230994850207935 ], [ -73.289057536779808, 0.219952869411998 ], [ -73.288270984764949, 0.215324313290012 ], [ -73.283884445753131, 0.21438650282704 ], [ -73.278802109795322, 0.223159580850677 ], [ -73.274385319093881, 0.223522605617632 ], [ -73.271874402804599, 0.217472206608932 ], [ -73.271602134903105, 0.21033273509596 ], [ -73.274929853998572, 0.208184845370283 ], [ -73.291356689445138, 0.209152905726228 ], [ -73.293928109113665, 0.20558317221554 ], [ -73.294321384671946, 0.200440331081836 ], [ -73.290388624597654, 0.195630263025521 ], [ -73.28019370189071, 0.194389932073136 ], [ -73.277017242141653, 0.195479002780814 ], [ -73.273084482965658, 0.199744536830792 ], [ -73.27066432264354, 0.19956302399811 ], [ -73.270634070953918, 0.195569759646276 ], [ -73.27674497424016, 0.187159703694704 ], [ -73.273810530702974, 0.181714343868236 ], [ -73.263797119032063, 0.181169808963546 ], [ -73.259047556151586, 0.183045434381029 ], [ -73.256778656074175, 0.185828618571804 ], [ -73.254328244062435, 0.185798365085532 ], [ -73.255659331880281, 0.169704301818001 ], [ -73.253874464226612, 0.168131198686581 ], [ -73.250032461017781, 0.171216904265123 ], [ -73.248308096743358, 0.183015180894756 ], [ -73.24304424885122, 0.183922740566402 ], [ -73.235693013714297, 0.178537886814127 ], [ -73.235662762024674, 0.174484118184694 ], [ -73.238718213218647, 0.166890866835899 ], [ -73.232819073556357, 0.159176606932022 ], [ -73.218751895052662, 0.15708921878894 ], [ -73.210130076375435, 0.160991727173609 ], [ -73.206862859760918, 0.160568199027409 ], [ -73.206560340169801, 0.155001829747562 ], [ -73.214516615387254, 0.144413632380633 ], [ -73.211551920160446, 0.140208604404847 ], [ -73.205804039844566, 0.140269108682389 ], [ -73.196032645283822, 0.143717836332939 ], [ -73.192946940603633, 0.149949747275969 ], [ -73.183962098057748, 0.152279153427571 ], [ -73.180876394275856, 0.157361487588787 ], [ -73.180876394275856, 0.163472390874972 ], [ -73.178214217741868, 0.164712721827357 ], [ -73.173767175350804, 0.160628702406655 ], [ -73.173283142927062, 0.156605188161848 ], [ -73.181662946290714, 0.14686404259578 ], [ -73.187350322329053, 0.143082542766194 ], [ -73.187168810394724, 0.138393484163259 ], [ -73.181662946290714, 0.138211973127284 ], [ -73.172768858813697, 0.145623711643395 ], [ -73.166657954629159, 0.147408579297064 ], [ -73.154103375877639, 0.141569945708966 ], [ -73.146056344693022, 0.129771664587736 ], [ -73.148022725179317, 0.12036329389565 ], [ -73.153770603698604, 0.11159021407542 ], [ -73.151955485253666, 0.101244032022123 ], [ -73.158368908130967, 0.092954983727282 ], [ -73.155434463695485, 0.086420553193193 ], [ -73.149656332588279, 0.080309649906951 ], [ -73.143938704860318, 0.081701242002339 ], [ -73.138069817785947, 0.078645789011716 ], [ -73.143757192925989, 0.070023971232843 ], [ -73.147145417197294, 0.048847572007503 ], [ -73.145316062240397, 0.042764485974487 ], [ -73.146993709591243, 0.040438124215825 ], [ -73.15088043815706, 0.044511928885299 ], [ -73.155236491917094, 0.042345608410244 ], [ -73.158690848415688, 0.044092100004377 ], [ -73.159664545704516, 0.051719364291898 ], [ -73.164032100604288, 0.059259353586697 ], [ -73.172408907185797, 0.057107999954553 ], [ -73.171778645086931, 0.054878616797964 ], [ -73.167126892649151, 0.055379464798932 ], [ -73.165908433894742, 0.053739961742053 ], [ -73.167929402349444, 0.048937798866518 ], [ -73.173692601648099, 0.04744282317597 ], [ -73.175821404853707, 0.05136016455441 ], [ -73.180806921211399, 0.054272637977192 ], [ -73.180600767570866, 0.060357190061893 ], [ -73.186127340553639, 0.060376399651261 ], [ -73.186756260568359, 0.054791049852611 ], [ -73.191279209763081, 0.058935470244478 ], [ -73.195433838618044, 0.054733892700483 ], [ -73.199343599107806, 0.061788616183662 ], [ -73.202438372287986, 0.060322030871987 ], [ -73.199970920120052, 0.056434994183746 ], [ -73.200812476921897, 0.053324152825212 ], [ -73.20376638786513, 0.054364547382136 ], [ -73.20706065457108, 0.051875327220841 ], [ -73.218274024178356, 0.053492904180757 ], [ -73.22041069124225, 0.045577384661954 ], [ -73.216089590957779, 0.043721490755445 ], [ -73.214733241595695, 0.040016574161484 ], [ -73.215123859036964, 0.037308747004943 ], [ -73.218112771066444, 0.035469380316215 ], [ -73.222788117773973, 0.036292672557181 ], [ -73.224475175883242, 0.039966945795754 ], [ -73.232863039836332, 0.046155419566901 ], [ -73.24142953123112, 0.04472422431229 ], [ -73.243893489848119, 0.055299530844593 ], [ -73.248216619428433, 0.059603717635412 ], [ -73.260904086065864, 0.057715535556895 ], [ -73.262133230289066, 0.055608071847871 ], [ -73.260240668021709, 0.052087907414034 ], [ -73.262535133274184, 0.050613484295241 ], [ -73.263199497245068, 0.047796700391075 ], [ -73.266017854998836, 0.048276762258126 ], [ -73.266481225256257, 0.042840530220531 ], [ -73.268294038622344, 0.040592430650122 ], [ -73.272700963119121, 0.042484704557978 ], [ -73.274688572609193, 0.045516238088453 ], [ -73.277846843255872, 0.044895392137903 ], [ -73.284362430713543, 0.049753280249831 ], [ -73.289789165754428, 0.045465768000611 ], [ -73.286699409669041, 0.042831246124706 ], [ -73.287355475895026, 0.038121109435167 ], [ -73.28524598558505, 0.032000901391768 ], [ -73.289137364732824, 0.025528715173323 ], [ -73.294531374121789, 0.026185768648531 ], [ -73.292606125728469, 0.028922925822428 ], [ -73.294860615020639, 0.034580829011134 ], [ -73.303504217860848, 0.035659592440993 ], [ -73.302106866661575, 0.041481460757609 ], [ -73.307573302778053, 0.046401582405394 ], [ -73.309216188892947, 0.046306385163916 ], [ -73.312461326696848, 0.041440281952191 ], [ -73.31797086760821, 0.04137862423687 ], [ -73.321062229882614, 0.043219631250622 ], [ -73.32126255165565, 0.048975626953279 ], [ -73.325291401897516, 0.044098861628925 ], [ -73.320744413766647, 0.037996269562314 ], [ -73.323173819557041, 0.033586889967864 ], [ -73.32587099717739, 0.037947842245046 ], [ -73.333846139725779, 0.035309322862929 ], [ -73.33709375778011, 0.040300038673593 ], [ -73.346800685591461, 0.040652550448385 ], [ -73.348408622722388, 0.042029623960616 ], [ -73.351255452601777, 0.041514700246239 ], [ -73.352990490666912, 0.043559468685032 ], [ -73.355909474185694, 0.043072729635185 ], [ -73.357469573294679, 0.044724679758531 ], [ -73.355334226755303, 0.047952720812305 ], [ -73.358980775267185, 0.051575958023932 ], [ -73.362732907350107, 0.046028094951964 ], [ -73.364505141985831, 0.048369902355944 ], [ -73.367982339965408, 0.047335858893234 ], [ -73.369973062120323, 0.049698950098161 ], [ -73.371505724862061, 0.04924757415597 ], [ -73.371759314977282, 0.045997919619253 ], [ -73.375192349945621, 0.048654392744936 ], [ -73.375731918959445, 0.045974134008191 ], [ -73.382262791263884, 0.040819818684213 ], [ -73.383765397250556, 0.045695531182275 ], [ -73.38754594576352, 0.043338305980797 ], [ -73.394573185268712, 0.043050315752623 ], [ -73.395094554400373, 0.047283920957057 ], [ -73.392155011123236, 0.045791834250736 ], [ -73.387514855945085, 0.04781244337903 ], [ -73.385912555747041, 0.053695054026889 ], [ -73.387645871740403, 0.054847288925771 ], [ -73.391514126437698, 0.052385249111751 ], [ -73.394948887071052, 0.054802439601133 ], [ -73.396556295093887, 0.058887430101436 ], [ -73.392824103829525, 0.059530892055591 ], [ -73.392194496603054, 0.061119501019505 ], [ -73.396082453166855, 0.063771342427913 ], [ -73.39309641485022, 0.065314252260237 ], [ -73.393246813609892, 0.067199916359016 ], [ -73.404210116297293, 0.063840869391356 ], [ -73.412393942144092, 0.066759903215882 ], [ -73.421554650708231, 0.064872251143811 ], [ -73.419816609572649, 0.067393745104027 ], [ -73.421244098375439, 0.071059602019943 ], [ -73.417339910139845, 0.074657832809123 ], [ -73.418796604992338, 0.07919068773441 ], [ -73.416494038726228, 0.088947222351862 ], [ -73.419044443190216, 0.092565305026312 ], [ -73.417769527970165, 0.095847078851591 ], [ -73.418589271862913, 0.098176686225997 ], [ -73.420203147760958, 0.098532938588619 ], [ -73.422026349253258, 0.093242354117365 ], [ -73.426387153308326, 0.089748735819683 ], [ -73.431180995981038, 0.092043871215878 ], [ -73.434454771200706, 0.089225300561225 ], [ -73.439249022607214, 0.095603884947479 ], [ -73.443818730946361, 0.092702332352303 ], [ -73.44542386533135, 0.094033922328776 ], [ -73.447924792346726, 0.092373394185927 ], [ -73.4494360598963, 0.093475167980159 ], [ -73.454941458672636, 0.090431889866295 ], [ -73.45622930515151, 0.091931508952257 ], [ -73.453450702372322, 0.094871753814175 ], [ -73.453253528298546, 0.097695579617437 ], [ -73.462672059842873, 0.098725698337603 ], [ -73.46336873534193, 0.101051810364424 ], [ -73.460017077023394, 0.102422945109538 ], [ -73.459196809412447, 0.106683481827588 ], [ -73.462762843657856, 0.113864724136249 ], [ -73.46494686365304, 0.114611781688211 ], [ -73.469485397732058, 0.106046188609412 ], [ -73.47473837240733, 0.112672510582115 ], [ -73.48275506566398, 0.114518924559889 ], [ -73.480305283371763, 0.105992631009485 ], [ -73.489779215860437, 0.104448194039946 ], [ -73.492934267840894, 0.108220549910982 ], [ -73.491471308132589, 0.110568856631232 ], [ -73.488459382145436, 0.111433572019564 ], [ -73.488280015389762, 0.113835738173918 ], [ -73.489655550984935, 0.115927466979883 ], [ -73.494034485751797, 0.115405501366411 ], [ -73.496200257355781, 0.112517389375228 ], [ -73.496097505276737, 0.1064286556296 ], [ -73.499638434284918, 0.104704022758654 ], [ -73.503409039338067, 0.107742986260746 ], [ -73.504341526380358, 0.1055696984468 ], [ -73.502712818386897, 0.104454052856909 ], [ -73.506440386018767, 0.102389942776313 ], [ -73.505234685148253, 0.099139083597834 ], [ -73.507604494858583, 0.099189612076202 ], [ -73.507759911611402, 0.095913876731061 ], [ -73.509264950237821, 0.096900796333102 ], [ -73.510903934966336, 0.094327497387496 ], [ -73.513583132791894, 0.095801974405219 ], [ -73.51491110435154, 0.094340289407342 ], [ -73.517128945944137, 0.094980868665459 ], [ -73.517483052229863, 0.092931579002254 ], [ -73.515881015238449, 0.091513786622386 ], [ -73.517960362555016, 0.089102314812635 ], [ -73.523016809045714, 0.090605654723447 ], [ -73.522810627557362, 0.086571121734551 ], [ -73.530523984653655, 0.08643388599927 ], [ -73.53314765936392, 0.083692090819852 ], [ -73.534197538341118, 0.078101661942526 ], [ -73.536922649097448, 0.077629839429846 ], [ -73.536591574735667, 0.081665402787223 ], [ -73.541184211692382, 0.081141407877851 ], [ -73.545413193264324, 0.076606638641238 ], [ -73.545667334945563, 0.074126363012397 ], [ -73.548161130230199, 0.073130401859828 ], [ -73.550954280338715, 0.075529055598565 ], [ -73.554041978382145, 0.074897871827488 ], [ -73.55407524302359, 0.077442094080823 ], [ -73.562255931052562, 0.073275434978029 ], [ -73.56527753100471, 0.078190656312017 ], [ -73.567052377045115, 0.074620851834368 ], [ -73.570553569943286, 0.075897940979132 ], [ -73.575868065789848, 0.071301404432631 ], [ -73.576127256905295, 0.07301788059425 ], [ -73.583334656379293, 0.072377631916424 ], [ -73.585849391409852, 0.075526925691349 ], [ -73.587010714571704, 0.072848178820379 ], [ -73.590052463751761, 0.072945859905587 ], [ -73.592662960166251, 0.069646671326325 ], [ -73.594071266329138, 0.070352928263844 ], [ -73.592879812750368, 0.071180238672241 ], [ -73.594266021237956, 0.073320718189223 ], [ -73.597779637846429, 0.067770290425074 ], [ -73.600867901828906, 0.069748252899615 ], [ -73.60342727418157, 0.06799841777331 ], [ -73.605307411840329, 0.068786751148764 ], [ -73.603770332078795, 0.066004361967657 ], [ -73.607663055107309, 0.064070667607325 ], [ -73.609632188932153, 0.066147284043268 ], [ -73.616467830210979, 0.063710532722951 ], [ -73.622020819074066, 0.066835907037671 ], [ -73.623833277605343, 0.070119117270281 ], [ -73.630584540062273, 0.072748259131743 ], [ -73.636111622390217, 0.069792882136767 ], [ -73.644460186814968, 0.071176288776769 ], [ -73.644778352375852, 0.074335126260848 ], [ -73.649448172643304, 0.079500426192851 ], [ -73.649151431918995, 0.081563169036485 ], [ -73.647783846420396, 0.081378265959245 ], [ -73.648658112704481, 0.085472309688214 ], [ -73.650516727610125, 0.088373338565134 ], [ -73.651288919145429, 0.086912832157793 ], [ -73.653474404294059, 0.088559228891654 ], [ -73.651896010081373, 0.094956238637337 ], [ -73.656116078561979, 0.096379818867206 ], [ -73.656892573929213, 0.100939611594356 ], [ -73.66104634758733, 0.101246994668259 ], [ -73.661393116427917, 0.098706445629091 ], [ -73.66618232199346, 0.094264345772672 ], [ -73.666777868670522, 0.091107775638193 ], [ -73.670459569185766, 0.091304514028707 ], [ -73.672636053208066, 0.089023253123116 ], [ -73.671932186689446, 0.087414288318712 ], [ -73.674596491334057, 0.087274089038885 ], [ -73.676603983252051, 0.08418192007673 ], [ -73.681388231011624, 0.081740034880454 ], [ -73.686596887267058, 0.082882046943269 ], [ -73.686745244154451, 0.085227097267989 ], [ -73.690986432942509, 0.084803012165878 ], [ -73.694265957384516, 0.089858500153412 ], [ -73.691920177627196, 0.093352235232203 ], [ -73.692717307312989, 0.09666701857725 ], [ -73.690916534974519, 0.096777448563103 ], [ -73.692963715391784, 0.102250144145444 ], [ -73.695484243662293, 0.102153287714373 ], [ -73.698318347997201, 0.106334957677518 ], [ -73.702353463094823, 0.104792000234454 ], [ -73.703123247143253, 0.106130553956575 ], [ -73.704968018999352, 0.104789295404942 ], [ -73.711227775941779, 0.106119180377675 ], [ -73.710911264180652, 0.104607719690193 ], [ -73.715784615005873, 0.098109254135466 ], [ -73.719237765964408, 0.0944018330365 ], [ -73.723137459925113, 0.093203367202989 ], [ -73.727492869592538, 0.083083698224016 ], [ -73.732878494998261, 0.080077840361469 ], [ -73.733366288671107, 0.077924252617379 ], [ -73.738148685899716, 0.07797804288117 ], [ -73.738925127367963, 0.079863247940409 ], [ -73.741909447206126, 0.080405999687855 ], [ -73.749361798588609, 0.078582761364544 ], [ -73.750458506778898, 0.07678867339547 ], [ -73.75482809187281, 0.078557015628007 ], [ -73.757394614820839, 0.077885714860997 ], [ -73.757899314800795, 0.079153900795859 ], [ -73.76035891119534, 0.078024890060533 ], [ -73.765011870071476, 0.082779860803328 ], [ -73.77111047900496, 0.0846865733443 ], [ -73.771461864291496, 0.087803978697821 ], [ -73.774585459042271, 0.088689950039338 ], [ -73.776053027111686, 0.093169698319286 ], [ -73.780284675783832, 0.093980595596065 ], [ -73.781052879694357, 0.092446111967831 ], [ -73.789991817394309, 0.096005514844535 ], [ -73.792294289337292, 0.098271640922121 ], [ -73.792523620428938, 0.101897080804633 ], [ -73.794784831819698, 0.102010338689297 ], [ -73.795214352631945, 0.105628205767857 ], [ -73.800182764154613, 0.107481125350148 ], [ -73.803790461397796, 0.106355582114531 ], [ -73.806660290861714, 0.113332066765736 ], [ -73.809691306063883, 0.114094834966181 ], [ -73.81020735177492, 0.116821464774887 ], [ -73.814157496060432, 0.118323761740839 ], [ -73.818862825861061, 0.114713810622845 ], [ -73.827852725027697, 0.122451000940941 ], [ -73.829052246382503, 0.125352479874209 ], [ -73.836152700438333, 0.127104470958898 ], [ -73.835819857292336, 0.131500503374184 ], [ -73.840702191277558, 0.142635740150752 ], [ -73.842814605606122, 0.157519855309658 ], [ -73.846368502704024, 0.159636207855556 ], [ -73.857515536166318, 0.159813406974763 ], [ -73.859476737860916, 0.161069881563947 ], [ -73.861568888875411, 0.169232163996412 ], [ -74.511606627554613, 0.169097663633295 ], [ -74.511286751600039, 0.171670737101579 ], [ -74.513697406840606, 0.170916256764542 ], [ -74.51307174142471, 0.173934176316038 ], [ -74.515298375734289, 0.176308028448375 ], [ -74.513679004837343, 0.177872193335588 ], [ -74.519751647048508, 0.183245563016101 ], [ -74.520027676199049, 0.185177766171876 ], [ -74.51767222696833, 0.185840234696002 ], [ -74.521426223955245, 0.186815539072143 ], [ -74.517469805830785, 0.188342899952829 ], [ -74.516862540621503, 0.193808277853066 ], [ -74.51844510930863, 0.192869779280045 ], [ -74.520009273297489, 0.194268327036241 ], [ -74.518353099292312, 0.198555979422736 ], [ -74.520892566759017, 0.199089635720668 ], [ -74.519696441038718, 0.200469782371897 ], [ -74.521518233073209, 0.201371477836688 ], [ -74.52168385110258, 0.205456709085695 ], [ -74.527038816983236, 0.206192787419411 ], [ -74.524701768857426, 0.207388914038063 ], [ -74.526910002960392, 0.210885282979348 ], [ -74.522953583937635, 0.215062526041265 ], [ -74.524977798008024, 0.216479474902371 ], [ -74.519917264179526, 0.222128871936889 ], [ -74.520929370765543, 0.224153086905631 ], [ -74.522824771711441, 0.223306594755627 ], [ -74.524260121677514, 0.225938074035298 ], [ -74.527314846133834, 0.225238800606348 ], [ -74.524830583778567, 0.229876091054848 ], [ -74.527370052143567, 0.230556965175424 ], [ -74.526284336646199, 0.2327651965835 ], [ -74.52887901102099, 0.235875126151257 ], [ -74.529136638168325, 0.238028154244489 ], [ -74.527094022993026, 0.239721132256193 ], [ -74.532375379962332, 0.239978759403527 ], [ -74.534510006950597, 0.243567139259426 ], [ -74.534767634097875, 0.249308545411907 ], [ -74.5390920895926, 0.250007819739153 ], [ -74.541631559754308, 0.248204428809572 ], [ -74.54297490239901, 0.250651888056609 ], [ -74.540435433135656, 0.253154553313436 ], [ -74.541687008309395, 0.257324219079919 ], [ -74.538391115651507, 0.257690426580439 ], [ -74.539489746238019, 0.259704592986395 ], [ -74.535278317760742, 0.263488774289215 ], [ -74.536010741745031, 0.264526372388389 ], [ -74.537597651993337, 0.263122556008909 ], [ -74.54437255722911, 0.268676760293488 ], [ -74.544189454377147, 0.273315434148572 ], [ -74.546081538740339, 0.273071290724431 ], [ -74.545288084065305, 0.277893070126424 ], [ -74.547424313649344, 0.277282718303411 ], [ -74.548095706044592, 0.278686525699754 ], [ -74.546508786813092, 0.283874511704028 ], [ -74.547607418297957, 0.285095215350111 ], [ -74.543701173816999, 0.285888668228495 ], [ -74.549194336631103, 0.288696290207724 ], [ -74.547424313649344, 0.290710446732191 ], [ -74.54980468755582, 0.290710446732191 ], [ -74.551696772817365, 0.295898433634761 ], [ -74.548522954117345, 0.298522950965435 ], [ -74.555419921632847, 0.30548096174806 ], [ -74.552795413285367, 0.308288573845857 ], [ -74.554992673560093, 0.308288573845857 ], [ -74.554077146723841, 0.310913083989988 ], [ -74.555725098442679, 0.311096195825087 ], [ -74.555908201294642, 0.314086911673144 ], [ -74.554687499445208, 0.314514157949247 ], [ -74.55639648005814, 0.31549072625603 ], [ -74.55480957070813, 0.317504883678794 ], [ -74.558898926125835, 0.32128906318502 ], [ -74.560485836374198, 0.326293948133923 ], [ -74.554992673560093, 0.330078126741853 ], [ -74.565979007273143, 0.337280271067186 ], [ -74.567871093432984, 0.336914062668313 ], [ -74.567504885932408, 0.339294439269736 ], [ -74.569091795282418, 0.339294439269736 ], [ -74.569885249957395, 0.337280271067186 ], [ -74.575927731208878, 0.342102049570883 ], [ -74.582702636444651, 0.344116207891943 ], [ -74.593811034234079, 0.352294917829113 ], [ -74.593688961174507, 0.362487795968832 ], [ -74.596801759065272, 0.367675782871402 ], [ -74.59367837811368, 0.37023053787982 ], [ -74.593932538659601, 0.373396964337473 ], [ -74.591274702788496, 0.377795134744872 ], [ -74.590438084029699, 0.397339170728912 ], [ -74.59508709929861, 0.409115849146986 ], [ -74.601259989083758, 0.413426136401711 ], [ -74.607129706202102, 0.423372327086383 ], [ -74.617010707891268, 0.432526521062869 ], [ -74.621262991780213, 0.441812836661711 ], [ -74.620501084166506, 0.45263473363093 ], [ -74.626379085555016, 0.458533377422839 ], [ -74.628216875699195, 0.462971873235404 ], [ -74.631601468977237, 0.465000589665578 ], [ -74.632327433171156, 0.472527916298077 ], [ -74.63480786870025, 0.476921449598308 ], [ -74.632195263938058, 0.484619914411951 ], [ -74.633186015756166, 0.489560233796681 ], [ -74.630956998214174, 0.496844361135118 ], [ -74.631590517606867, 0.502832033432469 ], [ -74.636417650073952, 0.51189123678023 ], [ -74.645590930570506, 0.515280645032021 ], [ -74.646425538898086, 0.521920838800384 ], [ -74.641982131093584, 0.525091253781113 ], [ -74.641789305767531, 0.527235360698114 ], [ -74.695632800144438, 0.597385847980661 ], [ -74.695521013701409, 0.600534488679841 ], [ -74.700216029037733, 0.602260963996855 ], [ -74.699185114409602, 0.606421891843581 ], [ -74.703432985770348, 0.604372479111078 ], [ -74.702029448767121, 0.608160784582651 ], [ -74.705084935893751, 0.609489799985511 ], [ -74.706553335803733, 0.61398539366138 ], [ -74.709975923357035, 0.616149351565355 ], [ -74.70859354798381, 0.618180809655996 ], [ -74.712247521975712, 0.619540109986133 ], [ -74.711747320762242, 0.621966086006012 ], [ -74.716649299121798, 0.621453379335549 ], [ -74.717299561328105, 0.623929378980279 ], [ -74.721863903127485, 0.623154066695179 ], [ -74.729979677943959, 0.617164150404449 ], [ -74.736482300905152, 0.616701464663834 ], [ -74.739633572771879, 0.621878552298369 ], [ -74.740809047105699, 0.619365038977492 ], [ -74.745398398920827, 0.61941505990734 ], [ -74.748049468675788, 0.622003603275459 ], [ -74.751901022780316, 0.620390449623528 ], [ -74.75332659817002, 0.622928978349989 ], [ -74.752501264955129, 0.624342045587696 ], [ -74.756090213445077, 0.628018531378586 ], [ -74.757303203251638, 0.635734142349747 ], [ -74.761704978601131, 0.635133901971585 ], [ -74.761917565082513, 0.637759959914149 ], [ -74.76468118035757, 0.63806008010323 ], [ -74.766969602638312, 0.643049594865431 ], [ -74.773059560788681, 0.646288401338154 ], [ -74.773872389444819, 0.638210141096067 ], [ -74.776448428254241, 0.636709536557476 ], [ -74.780074892216987, 0.640373516891316 ], [ -74.779174528056501, 0.641911636004409 ], [ -74.780875213619481, 0.644500182067475 ], [ -74.782388325411773, 0.643037090306677 ], [ -74.78280099201919, 0.645400541736365 ], [ -74.788453271749745, 0.644100019120401 ], [ -74.789391151383029, 0.645925754762175 ], [ -74.791316927986145, 0.645613130912693 ], [ -74.790766705842884, 0.648339228020006 ], [ -74.792554926910157, 0.647814016790846 ], [ -74.793267714605008, 0.650077429954138 ], [ -74.796418987370032, 0.648676863681885 ], [ -74.794493208970323, 0.651915671951258 ], [ -74.800170499614921, 0.655016922888137 ], [ -74.795681188761137, 0.655191994795075 ], [ -74.795743714249681, 0.65669260023202 ], [ -74.799632782928711, 0.661369486653143 ], [ -74.801733631438708, 0.661081872819409 ], [ -74.802058761643536, 0.662832578413884 ], [ -74.805935326662166, 0.662682517421047 ], [ -74.803796963577668, 0.673574411172979 ], [ -74.809974456334032, 0.669547786059866 ], [ -74.810174537358364, 0.666484049697431 ], [ -74.815326615875506, 0.666621605233274 ], [ -74.815276595843955, 0.67572527881623 ], [ -74.817239887919868, 0.679201682684436 ], [ -74.812462961435756, 0.684466306721561 ], [ -74.815013990229374, 0.687905194218672 ], [ -74.817514998991498, 0.68823032622015 ], [ -74.816914756816743, 0.689968528154225 ], [ -74.821804229719248, 0.692932223555317 ], [ -74.823329845171941, 0.692081879426325 ], [ -74.82305473410031, 0.689180707717185 ], [ -74.824930490671932, 0.689643396152746 ], [ -74.827056349197676, 0.693682525824613 ], [ -74.823517420739279, 0.697171433353219 ], [ -74.826493621597422, 0.699259778202872 ], [ -74.829344773275068, 0.699947554983623 ], [ -74.829194712282231, 0.697359011615504 ], [ -74.830707823176169, 0.699072200838884 ], [ -74.832496044243499, 0.697071392391877 ], [ -74.831983336674682, 0.69968495026734 ], [ -74.827956711561569, 0.702786199407626 ], [ -74.828744530201959, 0.704899550679727 ], [ -74.826693702621753, 0.706925368244185 ], [ -74.824692895073042, 0.70632512876432 ], [ -74.825543239202034, 0.712240014109511 ], [ -74.822879663990022, 0.711414681792917 ], [ -74.822441987366801, 0.714903591118116 ], [ -74.82382829826247, 0.719740004986079 ], [ -74.824782587434072, 0.718398841655983 ], [ -74.829425076437246, 0.722551291196339 ], [ -74.828986619177442, 0.726058949274773 ], [ -74.831694737388318, 0.731810476753651 ], [ -74.828006537556803, 0.736427176901088 ], [ -74.821249136906658, 0.735111802426673 ], [ -74.819108433708948, 0.737897296187896 ], [ -74.829837742146367, 0.744603112838433 ], [ -74.832494277255876, 0.750122519954459 ], [ -74.834222314744466, 0.748239732263528 ], [ -74.836982016955005, 0.751541056139956 ], [ -74.840128592425685, 0.7596396192219 ], [ -74.838013680778658, 0.763456776806777 ], [ -74.842888293737929, 0.763766277211516 ], [ -74.842630378231149, 0.767273935290007 ], [ -74.845364287992709, 0.767867141853856 ], [ -74.845312704891342, 0.770575260064732 ], [ -74.847272867234324, 0.770497885412738 ], [ -74.846473328265063, 0.771684301235382 ], [ -74.848639822115103, 0.774134503041182 ], [ -74.845751163049499, 0.77565620632771 ], [ -74.845364287992709, 0.779731281215959 ], [ -74.850393652052617, 0.782181483021759 ], [ -74.850084151647877, 0.785534391796205 ], [ -74.853101770263493, 0.791028003768304 ], [ -74.850806316863441, 0.790537964305429 ], [ -74.846757035322469, 0.796263699335327 ], [ -74.843429918098764, 0.795360995061628 ], [ -74.842862503085541, 0.798636527387373 ], [ -74.834686563554953, 0.801705728206059 ], [ -74.834970269714063, 0.804517012619613 ], [ -74.832752191864358, 0.807973091190036 ], [ -74.828393410816943, 0.809830083736983 ], [ -74.824782585637479, 0.813879369769552 ], [ -74.824498877681719, 0.817980234411891 ], [ -74.826123749865872, 0.818831354685869 ], [ -74.826304291618897, 0.821926347953536 ], [ -74.824473087029332, 0.823370679282959 ], [ -74.825169459795916, 0.825769298885746 ], [ -74.82702645683446, 0.826259336551914 ], [ -74.823467214756363, 0.828838497907725 ], [ -74.825943208112847, 0.830334414135166 ], [ -74.824215172420907, 0.833661527765628 ], [ -74.821945509673185, 0.834847942689976 ], [ -74.820475388589728, 0.833532570012267 ], [ -74.819804807373828, 0.836060149165007 ], [ -74.817328813119047, 0.83598277541131 ], [ -74.818205726740359, 0.842611219206447 ], [ -74.816400314599775, 0.841631133992507 ], [ -74.815755524934559, 0.84673787180617 ], [ -74.812325240609766, 0.848801202148479 ], [ -74.813795362591577, 0.849497574016709 ], [ -74.812531573913532, 0.851277198199853 ], [ -74.815213900573724, 0.853933729716118 ], [ -74.814801234864603, 0.857131890084815 ], [ -74.813176363578748, 0.857570350039566 ], [ -74.814723861110849, 0.858988888021713 ], [ -74.813356905331773, 0.859092053326094 ], [ -74.813872738141924, 0.862677086954875 ], [ -74.816761397207529, 0.866752159148234 ], [ -74.815858691137237, 0.867964364724969 ], [ -74.81758672862577, 0.867732240768873 ], [ -74.817689894828504, 0.869228153403014 ], [ -74.824705211883725, 0.868480196636767 ], [ -74.824653628782414, 0.870311400328035 ], [ -74.828367620164556, 0.87224577201863 ], [ -74.830611489565001, 0.876166096704537 ], [ -74.830044074551779, 0.878409966104925 ], [ -74.834144940092415, 0.878977381118148 ], [ -74.836182477087391, 0.881891831734436 ], [ -74.835718228276903, 0.885038409001709 ], [ -74.839174303254026, 0.886508531881816 ], [ -74.839509594311153, 0.891305766595792 ], [ -74.847608158291393, 0.897573131376362 ], [ -74.847401824987685, 0.898888499562531 ], [ -74.845080580935246, 0.897934211289225 ], [ -74.845028997833936, 0.899481707024734 ], [ -74.852947020959448, 0.901106578310589 ], [ -74.855603556068957, 0.906187526370161 ], [ -74.858466423583934, 0.906342274775909 ], [ -74.865301199784426, 0.913847631294004 ], [ -74.861741957706272, 0.91753583112552 ], [ -74.86468220077154, 0.922771527590839 ], [ -74.860375002825492, 0.927156100188938 ], [ -74.862541497573886, 0.932469174899552 ], [ -74.866719737766573, 0.933810333738052 ], [ -74.867235569678371, 0.931514881236296 ], [ -74.871052728161601, 0.936518454643874 ], [ -74.875334134556965, 0.935203081067812 ], [ -74.875411509209016, 0.938040157032106 ], [ -74.878506501578329, 0.939278155956117 ], [ -74.878996542837797, 0.941986273268697 ], [ -74.882994242175755, 0.941908897718349 ], [ -74.882039952105799, 0.945287598941718 ], [ -74.888152563090728, 0.951193875724641 ], [ -74.887198273020772, 0.953386162922016 ], [ -74.889029476712039, 0.954314662339584 ], [ -74.888642602553603, 0.956739071696404 ], [ -74.890293266288438, 0.955887949625776 ], [ -74.891247554561744, 0.962387433870902 ], [ -74.893104550701992, 0.962490601870229 ], [ -74.892949801397947, 0.964631305966236 ], [ -74.894574672683802, 0.964012305156757 ], [ -74.896663792780146, 0.967571547234854 ], [ -74.900145660206249, 0.9678036729876 ], [ -74.898237080964634, 0.970872873806229 ], [ -74.899629827396097, 0.972600908599816 ], [ -74.898159706312583, 0.974870571347537 ], [ -74.899990910003851, 0.976134360923936 ], [ -74.898669867155547, 0.978726806576731 ], [ -74.900229876432945, 0.98084432244184 ], [ -74.896740067893404, 0.982159872986131 ], [ -74.89798110671876, 0.984967864173257 ], [ -74.896126961833488, 0.983702660647509 ], [ -74.895746275275656, 0.993500138711624 ], [ -74.898215713620289, 0.992006549122607 ], [ -74.902309293818121, 0.996295379201456 ], [ -74.90620778223871, 0.997061488239069 ], [ -74.90479910776628, 0.998486255144371 ], [ -74.905814674665521, 1.00059478425618 ], [ -74.906971343652174, 0.999642274648522 ], [ -74.906101065891221, 0.998084990861912 ], [ -74.908815045613949, 0.99888153125238 ], [ -74.907835108622237, 1.000153694032178 ], [ -74.909903608773106, 1.001122634737783 ], [ -74.909735384729004, 1.002724769645681 ], [ -74.911736757318465, 1.002071781948644 ], [ -74.910882524379531, 1.004691909208987 ], [ -74.915203052436709, 1.004495847250439 ], [ -74.913832815109288, 1.006119304586889 ], [ -74.916279773994347, 1.007859726259824 ], [ -74.915672229408813, 1.008860084669209 ], [ -74.920666820554686, 1.010380817774433 ], [ -74.918779154109529, 1.011118903844476 ], [ -74.921971366727973, 1.013285188386874 ], [ -74.919951419658616, 1.014233747200763 ], [ -74.921574877893363, 1.01555389891962 ], [ -74.919675598917308, 1.021614942074621 ], [ -74.920442477811775, 1.024208224059635 ], [ -74.921433224239991, 1.022260737853742 ], [ -74.922333053004081, 1.025024159092538 ], [ -74.926871481980129, 1.024049257161948 ], [ -74.926672891262001, 1.025907304331895 ], [ -74.932038582137409, 1.026324671827012 ], [ -74.932416057215562, 1.03148080174924 ], [ -74.930480695580741, 1.032292584765628 ], [ -74.934700844011445, 1.035457865870342 ], [ -74.932436069899381, 1.039403639848558 ], [ -74.937121751732491, 1.039293960854877 ], [ -74.936355495371004, 1.042856301224845 ], [ -74.937856278674474, 1.045237697414962 ], [ -74.94008265696408, 1.045516673042016 ], [ -74.940572779071999, 1.050632173029953 ], [ -74.943178253900044, 1.050909848793765 ], [ -74.944412451150754, 1.054156520023071 ], [ -74.946833393007807, 1.054063757217932 ], [ -74.944704157712181, 1.05548119925453 ], [ -74.950996639408118, 1.056257760198832 ], [ -74.949451220579249, 1.058088688107091 ], [ -74.951924227035022, 1.058423777043117 ], [ -74.952267953279318, 1.062570154865568 ], [ -74.950754854063462, 1.064316682392359 ], [ -74.951391684648911, 1.068474988054675 ], [ -74.953051700751644, 1.069188731557745 ], [ -74.950068141787142, 1.070220947845769 ], [ -74.949771301349813, 1.072084152247896 ], [ -74.951275869258609, 1.07037331930735 ], [ -74.953485633193793, 1.072962720567261 ], [ -74.952023435257388, 1.074276485259361 ], [ -74.953013784629945, 1.078283425574 ], [ -74.951120457895684, 1.078736009751196 ], [ -74.953579520690482, 1.082956324370343 ], [ -74.951504294847723, 1.083995384029663 ], [ -74.955218962661888, 1.085979593393631 ], [ -74.953647747790683, 1.088063073862088 ], [ -74.954728598008614, 1.090157997079814 ], [ -74.951900791767173, 1.091032354093784 ], [ -74.951173866375143, 1.094538447305752 ], [ -74.952557679952292, 1.096071737970362 ], [ -74.954140937647765, 1.093652275639784 ], [ -74.955974005344729, 1.0946596489988 ], [ -74.958117326235254, 1.098189771265481 ], [ -74.956648627185984, 1.098025275232828 ], [ -74.95684941877829, 1.099808917583459 ], [ -74.960029786201972, 1.1008708636395 ], [ -74.95917457589519, 1.102557081823306 ], [ -74.960363833091378, 1.101762613847825 ], [ -74.963077800237727, 1.105854540245957 ], [ -74.962435168327545, 1.108096574386764 ], [ -74.965481701938586, 1.108052895567937 ], [ -74.96583419305216, 1.109726534632784 ], [ -74.96394719495413, 1.111083201998724 ], [ -74.966721086065888, 1.112554525927351 ], [ -74.967066440058829, 1.110654663045864 ], [ -74.967133899997179, 1.113012540424791 ], [ -74.969027800755327, 1.114435260966218 ], [ -74.967440257194255, 1.117969707726104 ], [ -74.968814913338065, 1.117029930849412 ], [ -74.969683990948909, 1.119770206976455 ], [ -74.971619060631042, 1.119205336892492 ], [ -74.971473847849609, 1.117393947357243 ], [ -74.973222249263586, 1.120125121746582 ], [ -74.973649929426358, 1.118365977371582 ], [ -74.975415115874796, 1.119198344400786 ], [ -74.972738755829425, 1.124024539924221 ], [ -74.97708395074568, 1.128293939427977 ], [ -74.9764613467907, 1.131848422227904 ], [ -74.977874959306178, 1.130449125276186 ], [ -74.978063523919445, 1.131847921865926 ], [ -74.979465097203899, 1.130790709036887 ], [ -74.982475699073234, 1.13226802832645 ], [ -74.982790692680339, 1.130380393322412 ], [ -74.985261554855811, 1.133110127711177 ], [ -74.984959229300955, 1.136689817258116 ], [ -74.986798030948933, 1.136512085437516 ], [ -74.987180999229452, 1.138527776285684 ], [ -74.988983508012723, 1.138734893819276 ], [ -74.990566788166063, 1.136553648722213 ], [ -74.994414883754018, 1.138006249948717 ], [ -74.994889232331275, 1.141103107222079 ], [ -74.997007509070045, 1.14190874935025 ], [ -74.994538218049229, 1.144188015994303 ], [ -74.997961438915297, 1.145445263135286 ], [ -74.996900466633804, 1.148811388832996 ], [ -74.998805827209196, 1.147998342784319 ], [ -75.002527013204201, 1.152014179122318 ], [ -75.001187978883024, 1.154390932815318 ], [ -75.002196481425244, 1.158952513191309 ], [ -75.000813354161551, 1.157939715800296 ], [ -75.001748697848768, 1.160824180628481 ], [ -75.005436558116799, 1.159411031644026 ], [ -75.01072836968774, 1.164869443103669 ], [ -75.012752454400584, 1.164254482919546 ], [ -75.013457793259192, 1.167024620867039 ], [ -75.010281023591062, 1.169669956671044 ], [ -75.008409852024386, 1.169403420025617 ], [ -75.00825009999852, 1.172072561203549 ], [ -75.011470060699878, 1.172472056701793 ], [ -75.012829134654339, 1.176611746561662 ], [ -75.020892922127302, 1.174362772031429 ], [ -75.024171743187935, 1.178910429407722 ], [ -75.023920017976764, 1.180768259185243 ], [ -75.02826962542116, 1.183436714049776 ], [ -75.028211505274271, 1.185105454597476 ], [ -75.026570961967479, 1.184388324443091 ], [ -75.028326369347951, 1.187715980656435 ], [ -75.027109971330447, 1.190321687250048 ], [ -75.023861770268979, 1.190700859247102 ], [ -75.0235077062041, 1.193613119768997 ], [ -75.022242544000903, 1.192296300802468 ], [ -75.02132574335252, 1.196487429134834 ], [ -75.023674219854513, 1.200001456273696 ], [ -75.025422745236085, 1.198961220718786 ], [ -75.025705200040989, 1.201158514231224 ], [ -75.027682953207886, 1.201128287694416 ], [ -75.024538242641199, 1.203834781750004 ], [ -75.024587296983043, 1.209913041131074 ], [ -75.02193050944669, 1.210624328638232 ], [ -75.02149963936381, 1.214007378609381 ], [ -75.018740135681128, 1.21633208387334 ], [ -75.020374539896352, 1.218411217390724 ], [ -75.019458112049165, 1.219436137556158 ], [ -75.021734589422067, 1.219957325227995 ], [ -75.021806543635307, 1.223963068087414 ], [ -75.023610178008539, 1.225508972905288 ], [ -75.0250961633526, 1.222920349587014 ], [ -75.026129125242903, 1.225068834896206 ], [ -75.027424405286638, 1.222640721782568 ], [ -75.028728900255942, 1.224126303782725 ], [ -75.030975904779154, 1.223212833191781 ], [ -75.029790249830171, 1.22526478995519 ], [ -75.033276901687259, 1.227188824723555 ], [ -75.034956342975192, 1.232198697122953 ], [ -75.036984270683888, 1.232492540778139 ], [ -75.036761093955192, 1.236832398798981 ], [ -75.038394898095362, 1.238412534846361 ], [ -75.043273401661168, 1.237590140921384 ], [ -75.04422004526532, 1.239459840148243 ], [ -75.047067987259936, 1.23830152005678 ], [ -75.046186809332596, 1.236815805105834 ], [ -75.048109802054398, 1.235991856195881 ], [ -75.048032278281937, 1.238390589884773 ], [ -75.050975231566554, 1.239825570643006 ], [ -75.052476390366166, 1.243099557865207 ], [ -75.056886844346536, 1.241527717766076 ], [ -75.058734381219324, 1.243892328921731 ], [ -75.059822080198444, 1.242598649677063 ], [ -75.063742481241206, 1.242741418140668 ], [ -75.06474152002437, 1.244721288638345 ], [ -75.068501621068549, 1.244893447306481 ], [ -75.069430160910372, 1.246704652686901 ], [ -75.070911551368056, 1.245965776997139 ], [ -75.070535790276836, 1.247914383403042 ], [ -75.072377195244599, 1.248576207834617 ], [ -75.073773597822139, 1.253293716105247 ], [ -75.076162857870486, 1.254316696806427 ], [ -75.075329101146508, 1.257272194175698 ], [ -75.077598465653296, 1.256632266196675 ], [ -75.080921096686893, 1.25835748027805 ], [ -75.080940148172601, 1.262308292910689 ], [ -75.079624850953451, 1.262739543879547 ], [ -75.081774065695242, 1.264149182245035 ], [ -75.080203017012536, 1.266343390042039 ], [ -75.081598461985209, 1.268036232408008 ], [ -75.079922525028053, 1.271211407565204 ], [ -75.08180423743471, 1.274930839149079 ], [ -75.072972995246744, 1.282347191416193 ], [ -75.072951623410802, 1.286077901357487 ], [ -75.068599764786484, 1.288579606314499 ], [ -75.069711450599414, 1.293371238231543 ], [ -75.074032564358617, 1.298253473402042 ], [ -75.072424215798947, 1.301189310227358 ], [ -75.074494468564353, 1.301823845615445 ], [ -75.074123020288255, 1.305840987206579 ], [ -75.076425779692329, 1.308258084271131 ], [ -75.074643055420665, 1.309213182825488 ], [ -75.075257886247243, 1.312884376636816 ], [ -75.072371064237871, 1.312929871850599 ], [ -75.067171118054375, 1.323519223553546 ], [ -75.068250801359852, 1.325229901085436 ], [ -75.066822580429573, 1.328504845014209 ], [ -75.069125164662012, 1.331101317817627 ], [ -75.07279874529894, 1.342403360197295 ], [ -75.068408814245913, 1.347139336946555 ], [ -75.068371757812599, 1.357527211642093 ], [ -75.071753954383553, 1.359003098117682 ], [ -75.071893937169193, 1.362121505093512 ], [ -75.070440117826195, 1.364635964341119 ], [ -75.066471231075639, 1.365804375216214 ], [ -75.068070698883332, 1.371006845667637 ], [ -75.066251640424412, 1.37270314565194 ], [ -75.066439687607613, 1.375130493400377 ], [ -75.069265946050621, 1.376555725633352 ], [ -75.066769312087388, 1.378729711438837 ], [ -75.06809849367869, 1.380380851281132 ], [ -75.066327198681449, 1.381766307878252 ], [ -75.067878106221144, 1.388152462373398 ], [ -75.070709842595079, 1.389660219304062 ], [ -75.074383183381656, 1.395287769293418 ], [ -75.081360501670076, 1.39884255392758 ], [ -75.076051259175529, 1.397403202862051 ], [ -75.068815349846659, 1.398437211290457 ], [ -75.06571734991536, 1.395242130349061 ], [ -75.064189777930437, 1.389394048273232 ], [ -75.059564409931909, 1.386433516741079 ], [ -75.055849665760945, 1.387671415053717 ], [ -75.049135976268985, 1.396651632170517 ], [ -75.043169891403465, 1.399360549882658 ], [ -75.039855117041554, 1.399668521353533 ], [ -75.037231880709498, 1.397083644911334 ], [ -75.031839628426667, 1.396578706877619 ], [ -75.025163373559053, 1.399918646663934 ], [ -75.02014721384603, 1.399663983061146 ], [ -75.020768132560192, 1.404648078282833 ], [ -75.018605779946881, 1.405416107920132 ], [ -75.014685272902852, 1.403086828431071 ], [ -75.011255645247104, 1.403511101281254 ], [ -75.01123838500348, 1.406336561121293 ], [ -75.009554695579197, 1.405578677064966 ], [ -75.008473415966193, 1.40736847557514 ], [ -75.010414786436741, 1.408913897099012 ], [ -75.009542472193345, 1.41445679068687 ], [ -75.006570595828464, 1.416926628782107 ], [ -75.003904812555731, 1.416186827826834 ], [ -75.002702925036601, 1.418492082752778 ], [ -75.003740628238745, 1.419374457237041 ], [ -75.002624965580821, 1.42057486612805 ], [ -75.00151361483978, 1.419407068802798 ], [ -75.000312068680671, 1.42257661780684 ], [ -74.998691363784474, 1.42174469364744 ], [ -74.99648133394777, 1.424888214843747 ], [ -74.995803334438335, 1.423788962622552 ], [ -74.995575488263057, 1.425390766950159 ], [ -74.993624063839832, 1.425040020366282 ], [ -74.992325236346176, 1.427961155351909 ], [ -74.990483074996348, 1.426071629392652 ], [ -74.988275605360286, 1.426106098675916 ], [ -74.988535567230883, 1.428245141785624 ], [ -74.985779106144491, 1.426540558429508 ], [ -74.9837668333887, 1.429526302098509 ], [ -74.984544750790121, 1.432692847133865 ], [ -74.981953898749907, 1.433212787044795 ], [ -74.981699918765571, 1.434631685251588 ], [ -74.980413618288537, 1.433200265418066 ], [ -74.978984928437285, 1.434823246647056 ], [ -74.980832512920813, 1.436241311216634 ], [ -74.976533369276012, 1.441070868238569 ], [ -74.977219165269958, 1.442344883345982 ], [ -74.975006331789075, 1.44156411019793 ], [ -74.974673989903408, 1.442884513445279 ], [ -74.967325555715774, 1.440241803418985 ], [ -74.964310359858416, 1.443558104918111 ], [ -74.962898759570749, 1.441519773811763 ], [ -74.960378219622157, 1.442552365595873 ], [ -74.948839382043218, 1.436499439624299 ], [ -74.945922376616238, 1.43643207311078 ], [ -74.945025997385528, 1.433439363001241 ], [ -74.941233223690119, 1.430374197418075 ], [ -74.939247782734924, 1.433344117250726 ], [ -74.937479788150711, 1.430312127375714 ], [ -74.934596316859995, 1.431801632321822 ], [ -74.934080184012259, 1.428103624676226 ], [ -74.929534419387778, 1.425517310030102 ], [ -74.926828049299843, 1.421302786854199 ], [ -74.916049261617161, 1.418480628325426 ], [ -74.907433985375349, 1.41816001665012 ], [ -74.906409234093303, 1.415446187844395 ], [ -74.911469551427672, 1.406005731101459 ], [ -74.910053220607949, 1.400357340180904 ], [ -74.888920873900929, 1.411022216004881 ], [ -74.875126031570744, 1.411852366888468 ], [ -74.870985892552881, 1.405495581038338 ], [ -74.874725332329035, 1.3975738128334 ], [ -74.874827454688557, 1.393137835898813 ], [ -74.869204098038267, 1.387546791675049 ], [ -74.85377078391798, 1.394610607014499 ], [ -74.837299418947282, 1.387930165994362 ], [ -74.835396685047897, 1.393118428679941 ], [ -74.826028275943088, 1.391702812021492 ], [ -74.823261136574388, 1.395082686445562 ], [ -74.826121232784431, 1.405263092365942 ], [ -74.823727058049258, 1.408305413773235 ], [ -74.820676588017477, 1.407172060578375 ], [ -74.816924562834174, 1.398784477798131 ], [ -74.813750312942489, 1.397134220102146 ], [ -74.810886332414043, 1.398078431066608 ], [ -74.809564022940151, 1.402340274834444 ], [ -74.813202281791973, 1.407023156616503 ], [ -74.813069466669674, 1.410588561142447 ], [ -74.808102063057504, 1.414084568960675 ], [ -74.801618890434384, 1.415092996044393 ], [ -74.79856479929083, 1.418634782046013 ], [ -74.799250901610549, 1.423650335395735 ], [ -74.803514763894441, 1.429700050785982 ], [ -74.804943628019032, 1.435282183715003 ], [ -74.794030758588463, 1.4401706909278 ], [ -74.797162270198157, 1.447507771299513 ], [ -74.79623034190837, 1.460906389798311 ], [ -74.807519647963773, 1.470524552310735 ], [ -74.808708722801782, 1.475377074781193 ], [ -74.804329708983119, 1.477694147952434 ], [ -74.794465289309016, 1.476228870588841 ], [ -74.790664799079195, 1.480630246187673 ], [ -74.793229750872513, 1.483781067998109 ], [ -74.800210866342695, 1.482351324422211 ], [ -74.80260743688666, 1.486390985897117 ], [ -74.798405064332997, 1.493604286408868 ], [ -74.801613375672446, 1.504811036325577 ], [ -74.795353386964507, 1.512762255820576 ], [ -74.797151042146481, 1.523885517146539 ], [ -74.791740388758626, 1.535642196355468 ], [ -74.790871512370586, 1.541028535922408 ], [ -74.793643955396988, 1.544124972783891 ], [ -74.803458083748126, 1.546943741068048 ], [ -74.804333275297665, 1.549276429666293 ], [ -74.80156022231472, 1.553408767707992 ], [ -74.793203043937865, 1.553648609096854 ], [ -74.787221464917934, 1.567372832111346 ] ] ] } },
{ "type": "Feature", "properties": { "cod_mun": "18205", "municipio": "Curillo" }, "geometry": { "type": "Polygon", "coordinates": [ [ [ -76.087231131646149, 1.06690376689528 ], [ -76.092262928345804, 1.071121459330072 ], [ -76.098427030803862, 1.06776896827256 ], [ -76.100812251125149, 1.068114368079648 ], [ -76.102954541647193, 1.078729924558615 ], [ -76.113726358397798, 1.085603195396345 ], [ -76.116386037613324, 1.084294413663088 ], [ -76.124077480290794, 1.087605415996109 ], [ -76.12326309125973, 1.100437274354078 ], [ -76.128192932686659, 1.102598608277049 ], [ -76.132462014186501, 1.1009686695906 ], [ -76.137498855828824, 1.107370376630683 ], [ -76.135224342174695, 1.110279084312822 ], [ -76.136900427354021, 1.112871140096445 ], [ -76.127622604434634, 1.110496520802258 ], [ -76.12459659644594, 1.114017487432307 ], [ -76.118727684218698, 1.115549088364503 ], [ -76.0998950659976, 1.147352515564137 ], [ -76.096784592050312, 1.146528244158787 ], [ -76.092116356412248, 1.14057731568073 ], [ -76.082293509904332, 1.139446257683289 ], [ -76.079782485817134, 1.136312485012184 ], [ -76.080426216367755, 1.132200241401108 ], [ -76.078065872213131, 1.13145256041787 ], [ -76.079185485664766, 1.129369735720104 ], [ -76.074321745922418, 1.12825775166624 ], [ -76.073620796235843, 1.126033782660159 ], [ -76.070479392370373, 1.124303818283806 ], [ -76.067081451014872, 1.125593184713352 ], [ -76.061273574868267, 1.124616622694759 ], [ -76.058272362197783, 1.121696473161819 ], [ -76.057120323131755, 1.12264060956602 ], [ -76.052460670004791, 1.11977958719217 ], [ -76.048137665290426, 1.120845794859292 ], [ -76.045440673621499, 1.118680953910655 ], [ -76.042810440306141, 1.120309829889266 ], [ -76.037457465992077, 1.117567061833597 ], [ -76.036133765925001, 1.11440849294604 ], [ -76.030638217183593, 1.113597869655621 ], [ -76.029442786759887, 1.111061096238586 ], [ -76.02597808794917, 1.113376617119798 ], [ -76.024047852105468, 1.112035751132282 ], [ -76.022415160978824, 1.115262986396601 ], [ -76.021162985729973, 1.113029479969555 ], [ -76.018865584780826, 1.115201950315964 ], [ -76.017301559132591, 1.114301682275311 ], [ -76.016370771704146, 1.117513656947438 ], [ -76.017791747715933, 1.116380691825043 ], [ -76.019910812277772, 1.117822648007007 ], [ -76.015378951788364, 1.12162971480825 ], [ -76.016641616673098, 1.126234055025861 ], [ -76.021659850597814, 1.126958847815729 ], [ -76.020694732226787, 1.12927246067369 ], [ -76.022258757875022, 1.131240844404715 ], [ -76.020179748325234, 1.132551193699385 ], [ -76.022607803946698, 1.132728576973363 ], [ -76.022655486559984, 1.135469437005781 ], [ -76.030658722144665, 1.142015457612956 ], [ -76.027616501348746, 1.143404007112053 ], [ -76.027822785245064, 1.154656337582594 ], [ -76.02562047014618, 1.158687930383223 ], [ -75.995036534764324, 1.158725177259498 ], [ -75.935568103599337, 1.171246643184929 ], [ -75.911814974759579, 1.151781351784791 ], [ -75.90927925506719, 1.145820904750451 ], [ -75.914510952229705, 1.132933277138591 ], [ -75.914498624639236, 1.129398047945472 ], [ -75.919110570000043, 1.125483071833003 ], [ -75.917693314813164, 1.121240936219863 ], [ -75.919726478805899, 1.118607805835438 ], [ -75.922162248266829, 1.107448611869472 ], [ -75.918435329219051, 1.101763011801836 ], [ -75.920162162964175, 1.098347458062847 ], [ -75.919655729234364, 1.09499493376768 ], [ -75.912973304732475, 1.096819922010525 ], [ -75.911443582179061, 1.094508351923139 ], [ -75.893213680094959, 1.107615711221854 ], [ -75.886283216172444, 1.107455023150749 ], [ -75.884748901427599, 1.104832457860766 ], [ -75.879286903890488, 1.102626956435074 ], [ -75.877441172632871, 1.100193262084076 ], [ -75.873049214080652, 1.09971063013495 ], [ -75.870353730684315, 1.100463100939066 ], [ -75.865594776808393, 1.108305405008991 ], [ -75.860327421890588, 1.108618417829291 ], [ -75.857976341170513, 1.111912017984764 ], [ -75.81474082597714, 1.111276685790358 ], [ -75.85821708357031, 1.097805892092595 ], [ -75.857035208734999, 1.095218051207553 ], [ -75.860159779955268, 1.091665251851794 ], [ -75.86063124493819, 1.083200085111912 ], [ -75.862551007315687, 1.079330103851248 ], [ -75.858105581893426, 1.074083432659393 ], [ -75.852834366911793, 1.07448642799676 ], [ -75.848614336160495, 1.06915225813151 ], [ -75.853717976580583, 1.062254983391938 ], [ -75.853176708851208, 1.051963167422912 ], [ -75.857130536232319, 1.051004169278826 ], [ -75.861358294297872, 1.046751959950029 ], [ -75.863497712903666, 1.037242004989764 ], [ -75.873651669706021, 1.029137716041646 ], [ -75.875724394637075, 1.022067874798438 ], [ -75.874821426258507, 1.017953209327402 ], [ -75.868083634948277, 1.013086337157119 ], [ -75.86884701580027, 1.008297846651146 ], [ -75.863060247384738, 0.990990226739598 ], [ -75.863971302403911, 0.988645668692016 ], [ -75.862152077756491, 0.987815151295479 ], [ -75.865853207948533, 0.980342194340608 ], [ -75.863172364408058, 0.972601417945043 ], [ -75.858805114935706, 0.967327760442174 ], [ -75.855218103215066, 0.966400727974587 ], [ -75.851221236616084, 0.962101664279885 ], [ -75.850029006892214, 0.955308436092707 ], [ -75.845272507215611, 0.948117800991952 ], [ -75.83729947031992, 0.944143698618689 ], [ -75.834008415992002, 0.94055459292349 ], [ -75.831152031623674, 0.941982784209358 ], [ -75.831524606388029, 0.935711158715947 ], [ -75.82841984123894, 0.934345060828662 ], [ -75.828270812411176, 0.935748414575414 ], [ -75.824420903123212, 0.937201446095344 ], [ -75.821050680206213, 0.934771965744687 ], [ -75.819979536292692, 0.932545849763414 ], [ -75.821581594843735, 0.931269790088777 ], [ -75.819746679310754, 0.930664363732376 ], [ -75.819280964448524, 0.922942808604262 ], [ -75.820445251154865, 0.922840355664448 ], [ -75.821730623671499, 0.914587886797165 ], [ -75.823463082671367, 0.914792799863278 ], [ -75.82377045496554, 0.913442229368059 ], [ -75.820817823224274, 0.911067082762372 ], [ -75.819299592827406, 0.911169541092022 ], [ -75.819420677739402, 0.912482855727831 ], [ -75.814251243757155, 0.912520113383948 ], [ -75.811633927327591, 0.910713139970142 ], [ -75.809398495809376, 0.904072046987437 ], [ -75.808902135795165, 0.895518667413 ], [ -75.815362893637484, 0.891696571785076 ], [ -75.822699013709382, 0.877779524342884 ], [ -75.827445914879547, 0.87411146116284 ], [ -75.832138873970507, 0.873787809586133 ], [ -75.847632954676612, 0.87911976600077 ], [ -75.856596852086625, 0.885003548052737 ], [ -75.859293927298893, 0.889498672807633 ], [ -75.86480736780004, 0.903277069666842 ], [ -75.866218148823521, 0.919043322154607 ], [ -75.870030362077159, 0.925461842076913 ], [ -75.879599792743193, 0.930090957849757 ], [ -75.893201869934501, 0.933808080761537 ], [ -75.896897382058228, 0.940654500035748 ], [ -75.900942994876686, 0.943416410307009 ], [ -75.903082502415771, 0.950223929803428 ], [ -75.904366205861265, 0.9657061796878 ], [ -75.909179674941981, 0.973059217744947 ], [ -75.917064772091123, 0.977116599401256 ], [ -75.932069422392658, 0.977805586213719 ], [ -75.945694268301281, 0.98092269063136 ], [ -75.947124576917986, 0.985351772990612 ], [ -75.945961908078743, 0.987677109770743 ], [ -75.936155811570927, 0.99066111429994 ], [ -75.931999872971289, 0.993886122638912 ], [ -75.930416591919595, 0.999519109236701 ], [ -75.930933333825521, 1.007141049205302 ], [ -75.921703625609439, 1.020252945898164 ], [ -75.920516101264809, 1.027255249947814 ], [ -75.925184301868512, 1.03425755040422 ], [ -75.936122563997458, 1.02959395187338 ], [ -75.947624426889831, 1.030694977370388 ], [ -75.951555543045856, 1.033274769344018 ], [ -75.974906785968471, 1.061084349184739 ], [ -75.986246142598134, 1.070088698662516 ], [ -75.994205762246054, 1.072586516606236 ], [ -76.000068936928983, 1.06960649071857 ], [ -76.000713885596156, 1.065214694761551 ], [ -75.996653673346088, 1.05976417410966 ], [ -75.988922639187535, 1.055576530345093 ], [ -75.985701374131338, 1.048103196995783 ], [ -75.989115914569879, 1.033156531195459 ], [ -75.994012236233573, 1.027229407193147 ], [ -76.000648040829958, 1.03103049570143 ], [ -76.001754456222955, 1.037343953075947 ], [ -76.00081223592673, 1.047563412386125 ], [ -76.002443001063909, 1.052528186627342 ], [ -76.004943506769052, 1.054666299979999 ], [ -76.012155113056849, 1.053905279004141 ], [ -76.019916571381657, 1.047760486746824 ], [ -76.038508525356519, 1.052786454273985 ], [ -76.045215922144848, 1.046775453608404 ], [ -76.051630101404271, 1.046408929002268 ], [ -76.056175003645365, 1.048058286585672 ], [ -76.064055280430921, 1.054582423316731 ], [ -76.084951515557123, 1.057551879618359 ], [ -76.083706631939322, 1.060297084805313 ], [ -76.080761573001951, 1.061904437132512 ], [ -76.080486879647253, 1.064351263965079 ], [ -76.087231131646149, 1.06690376689528 ] ] ] } },
{ "type": "Feature", "properties": { "cod_mun": "18247", "municipio": "El Doncello" }, "geometry": { "type": "Polygon", "coordinates": [ [ [ -75.361668450838124, 2.321427725783394 ], [ -75.357130865380782, 2.320092638662743 ], [ -75.348710470710387, 2.323499110426951 ], [ -75.345539048717455, 2.31958514312339 ], [ -75.333042721266963, 2.311774941274052 ], [ -75.33141589704212, 2.302071571692409 ], [ -75.332510047726771, 2.296132941160465 ], [ -75.328296616903117, 2.293845868150356 ], [ -75.322402771915336, 2.293863861419823 ], [ -75.319602614043731, 2.290567022835205 ], [ -75.314391013108434, 2.289911969909667 ], [ -75.31225310726677, 2.287451335960213 ], [ -75.313620794275096, 2.280069434111681 ], [ -75.312685006819777, 2.278118683425419 ], [ -75.314772527913647, 2.272986264553992 ], [ -75.313908727909336, 2.271107497725495 ], [ -75.307970092885739, 2.269984556911368 ], [ -75.305378690177804, 2.272121266196109 ], [ -75.299437652158986, 2.272898685032203 ], [ -75.287098685417163, 2.270911910976054 ], [ -75.287753034961213, 2.260144857096918 ], [ -75.282696682793699, 2.254255694132155 ], [ -75.283767440431404, 2.248188068117543 ], [ -75.277818787387787, 2.238789189032332 ], [ -75.277699812620142, 2.228617000906695 ], [ -75.274190115364377, 2.218385316414128 ], [ -75.262471263343855, 2.212496149856065 ], [ -75.258247716583753, 2.200241924855789 ], [ -75.258902073314346, 2.189891267392113 ], [ -75.261876403878546, 2.1862625926737 ], [ -75.261757430907494, 2.179421645940636 ], [ -75.259080528279299, 2.174960152340077 ], [ -75.256403642719135, 2.163895657948501 ], [ -75.262233321893348, 2.154913195940026 ], [ -75.258426176938599, 2.148726597852715 ], [ -75.256701075146736, 2.139030289034849 ], [ -75.261459999378246, 2.133022152200681 ], [ -75.268538892053414, 2.11666336059784 ], [ -75.26758711098006, 2.106312704032518 ], [ -75.270429794232768, 2.093822224619203 ], [ -75.274965706127375, 2.087939337289981 ], [ -75.274666525576833, 2.083569194341806 ], [ -75.276883146357989, 2.081583649181937 ], [ -75.276936982435871, 2.078173461982715 ], [ -75.290820454419247, 2.064619471646893 ], [ -75.294045656794481, 2.057625975585609 ], [ -75.297455661635524, 2.054242621983633 ], [ -75.297530706954149, 2.048830991228044 ], [ -75.295627285843011, 2.044945434964575 ], [ -75.297583132675925, 2.025017677012897 ], [ -75.296475079652907, 2.016032925196953 ], [ -75.283333285206936, 2.002565866697068 ], [ -75.291063592627836, 2.001933499843801 ], [ -75.292143177118533, 1.997453323965431 ], [ -75.297104986916906, 1.990431247980609 ], [ -75.294593952948219, 1.975850401608341 ], [ -75.301972426822886, 1.970219933888586 ], [ -75.300012374972823, 1.963824692028766 ], [ -75.30113542717811, 1.955996754726641 ], [ -75.303934437001885, 1.950312881222374 ], [ -75.302654625959633, 1.941371203658662 ], [ -75.29848827228426, 1.933196770603956 ], [ -75.300973023323422, 1.918035450398804 ], [ -75.299840590902477, 1.914553544345097 ], [ -75.30121768058433, 1.91246059921923 ], [ -75.299107601877381, 1.909010597756605 ], [ -75.304158188652821, 1.893338196832929 ], [ -75.305781474410935, 1.871123029901014 ], [ -75.311639216977028, 1.866704917776758 ], [ -75.315239207567231, 1.844212665274597 ], [ -75.323074299057964, 1.839093477699521 ], [ -75.317844031116181, 1.828055818701785 ], [ -75.319194384218974, 1.822485069233096 ], [ -75.317218783417275, 1.818885571818385 ], [ -75.31966766020696, 1.815811457211225 ], [ -75.31943075002323, 1.810369065420787 ], [ -75.325219140797458, 1.806939994720949 ], [ -75.326538013314348, 1.804346205187414 ], [ -75.318413762886337, 1.804406266595151 ], [ -75.31562930039189, 1.801459577214246 ], [ -75.29862521606691, 1.79590873802141 ], [ -75.289956049848286, 1.800203696411927 ], [ -75.281613179848648, 1.797173898428014 ], [ -75.278988537652083, 1.791273243306591 ], [ -75.260748707379548, 1.794072263910152 ], [ -75.253661453179006, 1.78583653066994 ], [ -75.253721350194951, 1.783089933093208 ], [ -75.250140392225831, 1.778599894603474 ], [ -75.245413175854196, 1.775919122029961 ], [ -75.233380648954494, 1.773732720599014 ], [ -75.227035140563373, 1.762711116304899 ], [ -75.221746137128264, 1.762357272327449 ], [ -75.218680823322984, 1.759461170713791 ], [ -75.220639445053962, 1.757828269381207 ], [ -75.214657322552853, 1.748946290305526 ], [ -75.211897870972507, 1.7492911735809 ], [ -75.207224392762271, 1.745994773374434 ], [ -75.204013284066775, 1.741179893039316 ], [ -75.201484514645301, 1.74204850262754 ], [ -75.195631900565274, 1.739352141576433 ], [ -75.196637524903053, 1.735198658972763 ], [ -75.195105923970857, 1.728190143966231 ], [ -75.191967538447159, 1.725661703328456 ], [ -75.192520734016398, 1.724651316119207 ], [ -75.194508047960426, 1.725716922812921 ], [ -75.192954223588686, 1.723096078696415 ], [ -75.194412029658167, 1.721461077999379 ], [ -75.191052158036427, 1.719534223417043 ], [ -75.186442907623587, 1.720355560024075 ], [ -75.186119761798807, 1.713001825772039 ], [ -75.184573115870251, 1.711840328336848 ], [ -75.180557026207111, 1.712198957643636 ], [ -75.177598733278501, 1.710522495171631 ], [ -75.17039716387535, 1.71287051892233 ], [ -75.168131678297073, 1.711414409771805 ], [ -75.166408885177304, 1.716869538784749 ], [ -75.161097510978891, 1.716528608099793 ], [ -75.157151429776604, 1.710540098571926 ], [ -75.153657410829965, 1.709548221163914 ], [ -75.147063649218978, 1.70945182377227 ], [ -75.142520257047067, 1.713614372181041 ], [ -75.137519744202109, 1.710009887315891 ], [ -75.132368181318384, 1.712282997800401 ], [ -75.131334294162627, 1.710294254635585 ], [ -75.127877683789166, 1.710080694379656 ], [ -75.123037320924084, 1.714856250033563 ], [ -75.117233330892475, 1.717682762700008 ], [ -75.116260957721465, 1.715334279909825 ], [ -75.112910967575715, 1.717225173105987 ], [ -75.112644905241154, 1.715062379419578 ], [ -75.104195488675714, 1.714877482630527 ], [ -75.09963979406615, 1.719934187836259 ], [ -75.093650418561708, 1.719976630572319 ], [ -75.092103830125325, 1.72135219221866 ], [ -75.089777168329135, 1.71932552035571 ], [ -75.087073589309, 1.719534049143761 ], [ -75.07966642771288, 1.723549580054282 ], [ -75.076132613367406, 1.721683934927569 ], [ -75.076542691926477, 1.719837527238042 ], [ -75.074653000677074, 1.721590221704162 ], [ -75.07320794979654, 1.719715263735452 ], [ -75.071780740370059, 1.722514843091574 ], [ -75.068882806191766, 1.722244575739808 ], [ -75.067465736057954, 1.72498645536092 ], [ -75.065556204601421, 1.724335188837358 ], [ -75.064412038376815, 1.726440765184464 ], [ -75.060487674862202, 1.726510019059845 ], [ -75.059581636039525, 1.724360783656834 ], [ -75.056232490310833, 1.727875640839727 ], [ -75.053969151707804, 1.72770893405135 ], [ -75.055309002598221, 1.729787339932784 ], [ -75.05472275439007, 1.732537288228173 ], [ -75.050961156751498, 1.731572476182919 ], [ -75.050235586019994, 1.728903616177888 ], [ -75.046243909890791, 1.727762601245843 ], [ -75.045196422230788, 1.724302713815632 ], [ -75.038722233665965, 1.722708623327492 ], [ -75.034913939765033, 1.717343242371157 ], [ -75.030617423694537, 1.69464714759556 ], [ -75.027726805401755, 1.690024393696604 ], [ -75.028319399314057, 1.680611992260651 ], [ -75.031150867091526, 1.673578101623775 ], [ -75.029135178938304, 1.670386880746207 ], [ -75.02216127874226, 1.666808365298266 ], [ -75.024265248900406, 1.664143395001531 ], [ -75.031898107001609, 1.663144999412566 ], [ -75.033508816335711, 1.660602580977809 ], [ -75.03262946827806, 1.657317098904059 ], [ -75.022683239864136, 1.647320665405516 ], [ -75.012939356230902, 1.647251980164185 ], [ -75.010729638109922, 1.645941364069643 ], [ -75.006376483215604, 1.633396776388679 ], [ -75.014262210084325, 1.629650091693975 ], [ -75.014464851309299, 1.625672530804138 ], [ -75.007619932222838, 1.624203272104012 ], [ -74.997417839157549, 1.629108676640783 ], [ -74.993151570285136, 1.629136565759325 ], [ -74.990947765778344, 1.627717189648365 ], [ -74.990469434966201, 1.625044541444765 ], [ -74.993543971781889, 1.615171198797839 ], [ -74.992779091640557, 1.611373681993939 ], [ -74.98923359469552, 1.610461602894532 ], [ -74.983759628894347, 1.613648345666832 ], [ -74.979527028007283, 1.613222885242919 ], [ -74.978749166301384, 1.610165538602189 ], [ -74.983000521331633, 1.600252545185299 ], [ -74.979869202859902, 1.596354812248478 ], [ -74.97933021236156, 1.592248776899282 ], [ -74.981407425279315, 1.589810239726717 ], [ -74.985949557113884, 1.588366692627176 ], [ -74.98696893017808, 1.585860731448918 ], [ -74.984140339706755, 1.583267385683484 ], [ -74.972795067666198, 1.588578343063318 ], [ -74.970414805150938, 1.587654865232139 ], [ -74.978909516605711, 1.577568344113558 ], [ -74.974733801579305, 1.561150872712972 ], [ -74.972338215589673, 1.558425814058978 ], [ -74.962521021286022, 1.553786346990819 ], [ -74.960466282437949, 1.54797221766654 ], [ -74.960044156563015, 1.537971601608717 ], [ -74.954872237838742, 1.530127126309083 ], [ -74.94904184180831, 1.529144078449008 ], [ -74.942952863720734, 1.536637420888894 ], [ -74.939765874809837, 1.534525550939861 ], [ -74.942897770898753, 1.525350493574251 ], [ -74.939633770255512, 1.521172241703482 ], [ -74.94003700723988, 1.518824509905471 ], [ -74.942527194887475, 1.515937429181122 ], [ -74.94639281931552, 1.514721417439489 ], [ -74.942968588742303, 1.51139125672114 ], [ -74.935515745980922, 1.513006487279711 ], [ -74.933044316069754, 1.511584565341195 ], [ -74.932656974786937, 1.50488925719128 ], [ -74.938728756411422, 1.485432875289234 ], [ -74.930190366137708, 1.481682762620665 ], [ -74.93356705423497, 1.475674623989903 ], [ -74.932478355430135, 1.47203839712887 ], [ -74.929365762355417, 1.47039239475572 ], [ -74.922697048850694, 1.470474307700215 ], [ -74.920469467715975, 1.468627746398624 ], [ -74.922060520997718, 1.465592227040077 ], [ -74.931285727752311, 1.464400863292838 ], [ -74.933402993885579, 1.461695947578505 ], [ -74.928807128381152, 1.456433297141587 ], [ -74.920805223202478, 1.455806673222526 ], [ -74.918336702038459, 1.453764668902068 ], [ -74.919288065394937, 1.450289575676948 ], [ -74.928483119274688, 1.448750501653933 ], [ -74.932581382393892, 1.444705652404082 ], [ -74.927207728845474, 1.441983315647576 ], [ -74.918375169726232, 1.443363401213333 ], [ -74.91631509038956, 1.439980461735047 ], [ -74.918158468957586, 1.432277215185309 ], [ -74.929534419387778, 1.425517310030102 ], [ -74.934080184012259, 1.428103624676226 ], [ -74.9346373869692, 1.431820102597101 ], [ -74.937479788150711, 1.430312127375714 ], [ -74.939247782734924, 1.433344117250726 ], [ -74.941189918570728, 1.430358778722223 ], [ -74.945025997385528, 1.433439363001241 ], [ -74.945922376616238, 1.43643207311078 ], [ -74.948839382043218, 1.436499439624299 ], [ -74.960378219622157, 1.442552365595873 ], [ -74.962898759570749, 1.441519773811763 ], [ -74.963414320191134, 1.443478134132818 ], [ -74.966469327617006, 1.445355383705646 ], [ -74.968813390692446, 1.444908585581743 ], [ -74.969830847648609, 1.446851928754256 ], [ -74.977155091084626, 1.446782032582917 ], [ -74.980113884375328, 1.45171360955635 ], [ -74.982784161923007, 1.450869338941857 ], [ -74.985651415914958, 1.453320184840209 ], [ -74.987036285911756, 1.458151054301823 ], [ -74.990896844735857, 1.460661357041317 ], [ -74.992748157230778, 1.460446671195427 ], [ -74.99360568519279, 1.457119067982717 ], [ -74.996702500245306, 1.45595806282472 ], [ -74.998988665956233, 1.45987948704942 ], [ -75.003242383557563, 1.460505950169932 ], [ -75.002778323393386, 1.462689458125055 ], [ -75.006230835649262, 1.462543646166864 ], [ -75.004826442550893, 1.465383732388034 ], [ -75.005738198256552, 1.466644641064988 ], [ -75.008601844611462, 1.465130621973572 ], [ -75.008805026622667, 1.468463574658017 ], [ -75.016877133400101, 1.470225078909152 ], [ -75.018326612978512, 1.475149920309207 ], [ -75.028338402290728, 1.473820683920678 ], [ -75.032940160748126, 1.47592043109529 ], [ -75.034813700275834, 1.480808566405244 ], [ -75.039384410237346, 1.483284849917823 ], [ -75.039467923980908, 1.485452086675195 ], [ -75.037503164056659, 1.485223440100356 ], [ -75.035331975607221, 1.489621650033598 ], [ -75.03847468382753, 1.492538251218377 ], [ -75.039732046851213, 1.498768741025515 ], [ -75.041629380074824, 1.498820535231118 ], [ -75.039995298355052, 1.500745330873144 ], [ -75.04601119574113, 1.503489439216253 ], [ -75.046057167062429, 1.505370499445519 ], [ -75.050380237353863, 1.504469386987807 ], [ -75.05143914171191, 1.508174674586257 ], [ -75.053393721919235, 1.508931415984648 ], [ -75.054409752349557, 1.514546945607663 ], [ -75.063701017669587, 1.521395428313667 ], [ -75.06288771380423, 1.526896908635649 ], [ -75.060831480158356, 1.528181137595993 ], [ -75.061423164076587, 1.531451088684435 ], [ -75.062940167373768, 1.530813993994059 ], [ -75.06572432713574, 1.534187520018975 ], [ -75.065766337781781, 1.53254650329967 ], [ -75.069986710791511, 1.535370754006351 ], [ -75.073764349658916, 1.535508821582312 ], [ -75.072469136090547, 1.536978039858184 ], [ -75.073525473061466, 1.541523879042927 ], [ -75.077892559938618, 1.547415625564554 ], [ -75.078133038233489, 1.550099676093168 ], [ -75.081035760436066, 1.548789040235647 ], [ -75.084213880273126, 1.552083672556194 ], [ -75.084882870571391, 1.550969913429924 ], [ -75.086075680607337, 1.552360165237872 ], [ -75.088331409575574, 1.551869994620859 ], [ -75.091161882018923, 1.554624206324036 ], [ -75.093637605880588, 1.55368790503195 ], [ -75.09979575070696, 1.557051801109367 ], [ -75.105334532702443, 1.556129755193922 ], [ -75.106633102379419, 1.553736013447008 ], [ -75.111232571029348, 1.555552085903571 ], [ -75.113115874353639, 1.55875615719151 ], [ -75.110672020946993, 1.5628462564149 ], [ -75.113808120256522, 1.562275479903235 ], [ -75.115314064385416, 1.565493193017971 ], [ -75.116685067078095, 1.564999861227022 ], [ -75.117926720351647, 1.569667141056811 ], [ -75.120238491661837, 1.569956643150761 ], [ -75.117277404970423, 1.574602867351814 ], [ -75.123089793358247, 1.577177921606904 ], [ -75.123729164381359, 1.58055697766514 ], [ -75.125758521310843, 1.579618000289713 ], [ -75.12572475271412, 1.580911012085551 ], [ -75.130258666753889, 1.582561806974525 ], [ -75.133768004683304, 1.588913096029103 ], [ -75.139780801980862, 1.592990110381663 ], [ -75.144483213152796, 1.592703422711736 ], [ -75.146986432670587, 1.594516678947627 ], [ -75.154631851026124, 1.590718971700767 ], [ -75.155559326363516, 1.591938008970658 ], [ -75.169408370386179, 1.59010442833528 ], [ -75.1737735770879, 1.593145856816477 ], [ -75.174544308859709, 1.595661003275779 ], [ -75.179709706708138, 1.597231767192341 ], [ -75.182442516032609, 1.603087618803215 ], [ -75.188024731606731, 1.603216111228903 ], [ -75.188191295562831, 1.606999455301263 ], [ -75.191851076269359, 1.60641634131764 ], [ -75.195128044104081, 1.610961013589872 ], [ -75.198219950757903, 1.608341113603444 ], [ -75.201780657091149, 1.609626533730818 ], [ -75.202799835220731, 1.608671472007416 ], [ -75.202967031591299, 1.611138958311358 ], [ -75.206365219983695, 1.613064258807015 ], [ -75.221532623584778, 1.610339298069448 ], [ -75.223602519718725, 1.615131027004622 ], [ -75.225643394855979, 1.61612436776943 ], [ -75.22547257288204, 1.617983795651071 ], [ -75.228312219826648, 1.619200589825937 ], [ -75.232571992976148, 1.618644171098879 ], [ -75.234439370954419, 1.615612107562015 ], [ -75.240556618148219, 1.616239012653978 ], [ -75.241051268667093, 1.618321676553194 ], [ -75.244275037329999, 1.619037378385144 ], [ -75.245160234323123, 1.625360719930654 ], [ -75.249241241690243, 1.628252205996716 ], [ -75.260245355771872, 1.628466134562188 ], [ -75.265420346736903, 1.632790398715656 ], [ -75.267790702623358, 1.631509542931894 ], [ -75.269321267797181, 1.634060934645163 ], [ -75.274441718404603, 1.629935537891186 ], [ -75.278531018126728, 1.630729233314923 ], [ -75.281232734039463, 1.627039574618209 ], [ -75.292367686948182, 1.628909278336607 ], [ -75.295721608124722, 1.633601334619982 ], [ -75.302062909701988, 1.636697560377172 ], [ -75.305143517337228, 1.641661629440364 ], [ -75.309918587900484, 1.645382287225573 ], [ -75.316533741110391, 1.646175739205603 ], [ -75.316108012988309, 1.649686609662126 ], [ -75.318300425051575, 1.652602564957704 ], [ -75.331228323271432, 1.65889997032366 ], [ -75.332986812774095, 1.663523602775626 ], [ -75.332128196053077, 1.670047125956899 ], [ -75.336715113431808, 1.678225399312453 ], [ -75.33644843575081, 1.680938060307369 ], [ -75.338541731219891, 1.682641188391528 ], [ -75.338676528027293, 1.686321218039041 ], [ -75.341040123187497, 1.690955780301806 ], [ -75.344514000092829, 1.692076640616051 ], [ -75.344749481055771, 1.695022490071494 ], [ -75.350211291743165, 1.698883954398127 ], [ -75.349328459117714, 1.709020154188181 ], [ -75.3437487076244, 1.716280917225788 ], [ -75.346481982276543, 1.720585041134484 ], [ -75.345456062285393, 1.727544219727918 ], [ -75.352994376220863, 1.730053429216809 ], [ -75.351960978647298, 1.73421114288891 ], [ -75.35544524278049, 1.736629514663832 ], [ -75.357084822194224, 1.743259752396 ], [ -75.361552436021668, 1.748296579665293 ], [ -75.358796315397001, 1.749672205092054 ], [ -75.359307432048183, 1.751725272174099 ], [ -75.357826255389682, 1.753090607391073 ], [ -75.352488397937236, 1.753835563781877 ], [ -75.353693722413425, 1.75864417297305 ], [ -75.350505588149588, 1.759582794615312 ], [ -75.350657954221333, 1.763106955657008 ], [ -75.353259277931159, 1.760943438826189 ], [ -75.35127140972611, 1.765664735295388 ], [ -75.345063307750365, 1.771292828765979 ], [ -75.340906218407952, 1.771392978423535 ], [ -75.338283206654921, 1.773404406762324 ], [ -75.342214460253274, 1.778256779214018 ], [ -75.337235456686585, 1.78555241038714 ], [ -75.342241701685964, 1.790651926638475 ], [ -75.340889009368311, 1.795859838189926 ], [ -75.337006922401258, 1.800135039018357 ], [ -75.337338706432718, 1.804480683990903 ], [ -75.332404949246325, 1.809005747821516 ], [ -75.333447031738956, 1.812141424922459 ], [ -75.340232582917622, 1.816099195910851 ], [ -75.335283239948694, 1.827787212336318 ], [ -75.334498024628033, 1.837566794149097 ], [ -75.33828136959869, 1.848417139887715 ], [ -75.337067844395733, 1.857839802787339 ], [ -75.339066586715944, 1.867048315237412 ], [ -75.33778168132369, 1.868475999873056 ], [ -75.33449802372968, 1.868333229612858 ], [ -75.330500525614525, 1.875328842106626 ], [ -75.324432905888159, 1.88103954920814 ], [ -75.324290135627962, 1.884394586093151 ], [ -75.319221886163348, 1.894245556180124 ], [ -75.318793575382756, 1.899385194817285 ], [ -75.31529577183079, 1.901955014584985 ], [ -75.314796083555791, 1.908094022585601 ], [ -75.310441671019078, 1.91401887744172 ], [ -75.309513683641626, 1.92215663315244 ], [ -75.312297653858877, 1.925654443890892 ], [ -75.310156143075119, 1.930365772645757 ], [ -75.319364656423545, 1.936290639179958 ], [ -75.322291393307751, 1.941144738195021 ], [ -75.322291393307751, 1.947355126384991 ], [ -75.324361514918962, 1.950567400196348 ], [ -75.322077233875007, 1.957848551413917 ], [ -75.324504283382566, 1.959990061299379 ], [ -75.324932593264805, 1.962916800878531 ], [ -75.320578178931498, 1.969626881835097 ], [ -75.386284212769738, 2.314576027106114 ], [ -75.376361333385262, 2.319007650801325 ], [ -75.371772092062997, 2.326050324273695 ], [ -75.365478300622328, 2.326446434018919 ], [ -75.361668450838124, 2.321427725783394 ] ] ] } },
{ "type": "Feature", "properties": { "cod_mun": "18256", "municipio": "El Paujíl" }, "geometry": { "type": "Polygon", "coordinates": [ [ [ -75.386284212769738, 2.314576027106114 ], [ -75.320578178931498, 1.969626881835097 ], [ -75.324932593264805, 1.962916800878531 ], [ -75.324504283382566, 1.959990061299379 ], [ -75.322077233875007, 1.957848551413917 ], [ -75.324361514918962, 1.950567400196348 ], [ -75.322291393307751, 1.947355126384991 ], [ -75.322291393307751, 1.941144738195021 ], [ -75.319364656423545, 1.936290639179958 ], [ -75.310156143075119, 1.930365772645757 ], [ -75.312297653858877, 1.925654443890892 ], [ -75.309585064729276, 1.923298779064282 ], [ -75.310441671019078, 1.91401887744172 ], [ -75.314796083555791, 1.908094022585601 ], [ -75.31529577183079, 1.901955014584985 ], [ -75.318793575382756, 1.899385194817285 ], [ -75.319221886163348, 1.894245556180124 ], [ -75.324290135627962, 1.884394586093151 ], [ -75.324432905888159, 1.88103954920814 ], [ -75.330500525614525, 1.875328842106626 ], [ -75.33449802372968, 1.868333229612858 ], [ -75.33778168132369, 1.868475999873056 ], [ -75.339066586715944, 1.867048315237412 ], [ -75.337067844395733, 1.857839802787339 ], [ -75.33828136959869, 1.848417139887715 ], [ -75.334498024628033, 1.837566794149097 ], [ -75.335283239948694, 1.827787212336318 ], [ -75.340232582917622, 1.816099195910851 ], [ -75.333447031738956, 1.812141424922459 ], [ -75.332404949246325, 1.809005747821516 ], [ -75.337338706432718, 1.804480683990903 ], [ -75.337006922401258, 1.800135039018357 ], [ -75.340889009368311, 1.795859838189926 ], [ -75.342241701685964, 1.790651926638475 ], [ -75.337235456686585, 1.78555241038714 ], [ -75.342214460253274, 1.778256779214018 ], [ -75.338283206654921, 1.773404406762324 ], [ -75.340906218407952, 1.771392978423535 ], [ -75.345063307750365, 1.771292828765979 ], [ -75.35127140972611, 1.765664735295388 ], [ -75.353259277931159, 1.760943438826189 ], [ -75.350657954221333, 1.763106955657008 ], [ -75.350505588149588, 1.759582794615312 ], [ -75.353693722413425, 1.75864417297305 ], [ -75.352488397937236, 1.753835563781877 ], [ -75.357826255389682, 1.753090607391073 ], [ -75.359307432048183, 1.751725272174099 ], [ -75.358796315397001, 1.749672205092054 ], [ -75.361552436021668, 1.748296579665293 ], [ -75.357084822194224, 1.743259752396 ], [ -75.35544524278049, 1.736629514663832 ], [ -75.351960978647298, 1.73421114288891 ], [ -75.352994376220863, 1.730053429216809 ], [ -75.345456062285393, 1.727544219727918 ], [ -75.346481982276543, 1.720585041134484 ], [ -75.3437487076244, 1.716280917225788 ], [ -75.349328459117714, 1.709020154188181 ], [ -75.350211291743165, 1.698883954398127 ], [ -75.344749481055771, 1.695022490071494 ], [ -75.344514000092829, 1.692076640616051 ], [ -75.341040123187497, 1.690955780301806 ], [ -75.338676528027293, 1.686321218039041 ], [ -75.338541731219891, 1.682641188391528 ], [ -75.33644843575081, 1.680938060307369 ], [ -75.336715113431808, 1.678225399312453 ], [ -75.332128196053077, 1.670047125956899 ], [ -75.332986812774095, 1.663523602775626 ], [ -75.331228323271432, 1.65889997032366 ], [ -75.318300425051575, 1.652602564957704 ], [ -75.316108012988309, 1.649686609662126 ], [ -75.316533741110391, 1.646175739205603 ], [ -75.309918587900484, 1.645382287225573 ], [ -75.305143517337228, 1.641661629440364 ], [ -75.302062909701988, 1.636697560377172 ], [ -75.295721608124722, 1.633601334619982 ], [ -75.292367686948182, 1.628909278336607 ], [ -75.281232734039463, 1.627039574618209 ], [ -75.278531018126728, 1.630729233314923 ], [ -75.274441718404603, 1.629935537891186 ], [ -75.269321267797181, 1.634060934645163 ], [ -75.267790702623358, 1.631509542931894 ], [ -75.265420346736903, 1.632790398715656 ], [ -75.260245355771872, 1.628466134562188 ], [ -75.249241241690243, 1.628252205996716 ], [ -75.245160234323123, 1.625360719930654 ], [ -75.244275037329999, 1.619037378385144 ], [ -75.241051268667093, 1.618321676553194 ], [ -75.240556618148219, 1.616239012653978 ], [ -75.234439370954419, 1.615612107562015 ], [ -75.232571992976148, 1.618644171098879 ], [ -75.228312219826648, 1.619200589825937 ], [ -75.22547257288204, 1.617983795651071 ], [ -75.225643394855979, 1.61612436776943 ], [ -75.223602519718725, 1.615131027004622 ], [ -75.221532623584778, 1.610339298069448 ], [ -75.206365219983695, 1.613064258807015 ], [ -75.202967031591299, 1.611138958311358 ], [ -75.202799835220731, 1.608671472007416 ], [ -75.201780657091149, 1.609626533730818 ], [ -75.198219950757903, 1.608341113603444 ], [ -75.195128044104081, 1.610961013589872 ], [ -75.191851076269359, 1.60641634131764 ], [ -75.188191295562831, 1.606999455301263 ], [ -75.188024731606731, 1.603216111228903 ], [ -75.182442516032609, 1.603087618803215 ], [ -75.179709706708138, 1.597231767192341 ], [ -75.174544308859709, 1.595661003275779 ], [ -75.1737735770879, 1.593145856816477 ], [ -75.169408370386179, 1.59010442833528 ], [ -75.155559326363516, 1.591938008970658 ], [ -75.154631851026124, 1.590718971700767 ], [ -75.146986432670587, 1.594516678947627 ], [ -75.144483213152796, 1.592703422711736 ], [ -75.139780801980862, 1.592990110381663 ], [ -75.133768004683304, 1.588913096029103 ], [ -75.130258666753889, 1.582561806974525 ], [ -75.12572475271412, 1.580911012085551 ], [ -75.125758521310843, 1.579618000289713 ], [ -75.123729164381359, 1.58055697766514 ], [ -75.123089793358247, 1.577177921606904 ], [ -75.117277404970423, 1.574602867351814 ], [ -75.120238491661837, 1.569956643150761 ], [ -75.117926720351647, 1.569667141056811 ], [ -75.116685067078095, 1.564999861227022 ], [ -75.115314064385416, 1.565493193017971 ], [ -75.113808120256522, 1.562275479903235 ], [ -75.110672020946993, 1.5628462564149 ], [ -75.113115874353639, 1.55875615719151 ], [ -75.111232571029348, 1.555552085903571 ], [ -75.106633102379419, 1.553736013447008 ], [ -75.105334532702443, 1.556129755193922 ], [ -75.09979575070696, 1.557051801109367 ], [ -75.093637605880588, 1.55368790503195 ], [ -75.091161882018923, 1.554624206324036 ], [ -75.088331409575574, 1.551869994620859 ], [ -75.086075680607337, 1.552360165237872 ], [ -75.084882870571391, 1.550969913429924 ], [ -75.084213880273126, 1.552083672556194 ], [ -75.081035760436066, 1.548789040235647 ], [ -75.078133038233489, 1.550099676093168 ], [ -75.077892559938618, 1.547415625564554 ], [ -75.073525473061466, 1.541523879042927 ], [ -75.072469136090547, 1.536978039858184 ], [ -75.073764349658916, 1.535508821582312 ], [ -75.069986710791511, 1.535370754006351 ], [ -75.065766337781781, 1.53254650329967 ], [ -75.06572432713574, 1.534187520018975 ], [ -75.062940167373768, 1.530813993994059 ], [ -75.061423164076587, 1.531451088684435 ], [ -75.060831480158356, 1.528181137595993 ], [ -75.06288771380423, 1.526896908635649 ], [ -75.063701017669587, 1.521395428313667 ], [ -75.054409752349557, 1.514546945607663 ], [ -75.053393721919235, 1.508931415984648 ], [ -75.05143914171191, 1.508174674586257 ], [ -75.050380237353863, 1.504469386987807 ], [ -75.046057167062429, 1.505370499445519 ], [ -75.04601119574113, 1.503489439216253 ], [ -75.039995298355052, 1.500745330873144 ], [ -75.041629380074824, 1.498820535231118 ], [ -75.039732046851213, 1.498768741025515 ], [ -75.03847468382753, 1.492538251218377 ], [ -75.035331975607221, 1.489621650033598 ], [ -75.037503164056659, 1.485223440100356 ], [ -75.039467923980908, 1.485452086675195 ], [ -75.039384410237346, 1.483284849917823 ], [ -75.034813700275834, 1.480808566405244 ], [ -75.032940160748126, 1.47592043109529 ], [ -75.028338402290728, 1.473820683920678 ], [ -75.018326612978512, 1.475149920309207 ], [ -75.016877133400101, 1.470225078909152 ], [ -75.008805026622667, 1.468463574658017 ], [ -75.008601844611462, 1.465130621973572 ], [ -75.005738198256552, 1.466644641064988 ], [ -75.004826442550893, 1.465383732388034 ], [ -75.006230835649262, 1.462543646166864 ], [ -75.002778323393386, 1.462689458125055 ], [ -75.003242383557563, 1.460505950169932 ], [ -74.998988665956233, 1.45987948704942 ], [ -74.996702500245306, 1.45595806282472 ], [ -74.99360568519279, 1.457119067982717 ], [ -74.992748157230778, 1.460446671195427 ], [ -74.990896844735857, 1.460661357041317 ], [ -74.987036285911756, 1.458151054301823 ], [ -74.985651415914958, 1.453320184840209 ], [ -74.982784161923007, 1.450869338941857 ], [ -74.980113884375328, 1.45171360955635 ], [ -74.977230521780825, 1.446828234771431 ], [ -74.974724686366869, 1.44583566566007 ], [ -74.969893664191545, 1.446869261761435 ], [ -74.968813390692446, 1.444908585581743 ], [ -74.966337321877461, 1.445318330865575 ], [ -74.964310359858416, 1.443558104918111 ], [ -74.967325555715774, 1.440241803418985 ], [ -74.974673989903408, 1.442884513445279 ], [ -74.975006331789075, 1.44156411019793 ], [ -74.977219165269958, 1.442344883345982 ], [ -74.976533369276012, 1.441070868238569 ], [ -74.980832512920813, 1.436241311216634 ], [ -74.978984928437285, 1.434823246647056 ], [ -74.980413618288537, 1.433200265418066 ], [ -74.981699918765571, 1.434631685251588 ], [ -74.981953898749907, 1.433212787044795 ], [ -74.984544750790121, 1.432692847133865 ], [ -74.9837668333887, 1.429526302098509 ], [ -74.985779106144491, 1.426540558429508 ], [ -74.988535567230883, 1.428245141785624 ], [ -74.988275605360286, 1.426106098675916 ], [ -74.990483074996348, 1.426071629392652 ], [ -74.992325236346176, 1.427961155351909 ], [ -74.993624063839832, 1.425040020366282 ], [ -74.995575488263057, 1.425390766950159 ], [ -74.995803334438335, 1.423788962622552 ], [ -74.99648133394777, 1.424888214843747 ], [ -74.998691363784474, 1.42174469364744 ], [ -75.000312068680671, 1.42257661780684 ], [ -75.00151361483978, 1.419407068802798 ], [ -75.002624965580821, 1.42057486612805 ], [ -75.003740628238745, 1.419374457237041 ], [ -75.002702925036601, 1.418492082752778 ], [ -75.003904812555731, 1.416186827826834 ], [ -75.006570595828464, 1.416926628782107 ], [ -75.009542472193345, 1.41445679068687 ], [ -75.010414786436741, 1.408913897099012 ], [ -75.008473415966193, 1.40736847557514 ], [ -75.009554695579197, 1.405578677064966 ], [ -75.01123838500348, 1.406336561121293 ], [ -75.011255645247104, 1.403511101281254 ], [ -75.014685272902852, 1.403086828431071 ], [ -75.018605779946881, 1.405416107920132 ], [ -75.020768132560192, 1.404648078282833 ], [ -75.02014721384603, 1.399663983061146 ], [ -75.025163373559053, 1.399918646663934 ], [ -75.031839628426667, 1.396578706877619 ], [ -75.037231880709498, 1.397083644911334 ], [ -75.039855117041554, 1.399668521353533 ], [ -75.043169891403465, 1.399360549882658 ], [ -75.049135976268985, 1.396651632170517 ], [ -75.055849665760945, 1.387671415053717 ], [ -75.059564409931909, 1.386433516741079 ], [ -75.064189777930437, 1.389394048273232 ], [ -75.06571734991536, 1.395242130349061 ], [ -75.068815349846659, 1.398437211290457 ], [ -75.076051259175529, 1.397403202862051 ], [ -75.081360501670076, 1.39884255392758 ], [ -75.074383183381656, 1.395287769293418 ], [ -75.070709842595079, 1.389660219304062 ], [ -75.067954823305854, 1.388280461623651 ], [ -75.066303185796471, 1.382065204560945 ], [ -75.06809849367869, 1.380380851281132 ], [ -75.066769312087388, 1.378729711438837 ], [ -75.069265825676268, 1.37669920556317 ], [ -75.066439687607613, 1.375130493400377 ], [ -75.066335067929629, 1.372380386103032 ], [ -75.068070698883332, 1.371006845667637 ], [ -75.066471231075639, 1.365804375216214 ], [ -75.070440117826195, 1.364635964341119 ], [ -75.071980460271391, 1.360925915667849 ], [ -75.071753954383553, 1.359003098117682 ], [ -75.068438070601417, 1.357785529594423 ], [ -75.068408814245913, 1.347139336946555 ], [ -75.07279874529894, 1.342403360197295 ], [ -75.069125164662012, 1.331101317817627 ], [ -75.066822580429573, 1.328504845014209 ], [ -75.068250801359852, 1.325229901085436 ], [ -75.067171118054375, 1.323519223553546 ], [ -75.072371064237871, 1.312929871850599 ], [ -75.075257886247243, 1.312884376636816 ], [ -75.074643055420665, 1.309213182825488 ], [ -75.076425779692329, 1.308258084271131 ], [ -75.074123020288255, 1.305840987206579 ], [ -75.074494468564353, 1.301823845615445 ], [ -75.072424215798947, 1.301189310227358 ], [ -75.074032564358617, 1.298253473402042 ], [ -75.069711450599414, 1.293371238231543 ], [ -75.068599764786484, 1.288579606314499 ], [ -75.072951623410802, 1.286077901357487 ], [ -75.072972995246744, 1.282347191416193 ], [ -75.08180423743471, 1.274930839149079 ], [ -75.091159682941338, 1.232328225306958 ], [ -75.117814153271979, 1.340469216678969 ], [ -75.217267078755015, 1.344888782278531 ], [ -75.216565373584672, 1.347159263392086 ], [ -75.221876649866658, 1.346447700101976 ], [ -75.223597157670497, 1.348620887304492 ], [ -75.227701984784687, 1.34850036204341 ], [ -75.229078582189459, 1.351470377995895 ], [ -75.230777488188437, 1.350568535207287 ], [ -75.229295159888807, 1.354116101872364 ], [ -75.236765442556987, 1.355618954895931 ], [ -75.234993855607058, 1.357352474807044 ], [ -75.237147753270165, 1.361366213577128 ], [ -75.242021779629056, 1.361322022718184 ], [ -75.242782761079013, 1.363045563236824 ], [ -75.244075888757607, 1.362254866391936 ], [ -75.25239142120472, 1.365981456656016 ], [ -75.253361968099341, 1.368583080403425 ], [ -75.256383913903164, 1.370004227993547 ], [ -75.255051431000538, 1.37108816841851 ], [ -75.259582433598212, 1.371419463766017 ], [ -75.266518748252849, 1.387253990066426 ], [ -75.265003528112914, 1.39100378113784 ], [ -75.266234444713575, 1.401827460366064 ], [ -75.260419300292256, 1.408402588208219 ], [ -75.262531958064415, 1.422759181669221 ], [ -75.271072468363798, 1.436289390885577 ], [ -75.277576382205098, 1.441117804351279 ], [ -75.278099054793302, 1.446491537849795 ], [ -75.283755087688064, 1.450610409236333 ], [ -75.286721803227579, 1.45608700440846 ], [ -75.28930384907602, 1.457551007959978 ], [ -75.291907079012447, 1.455855122997662 ], [ -75.293106508739015, 1.458473524592989 ], [ -75.297093825340653, 1.458758186560317 ], [ -75.299939305949351, 1.469531577160524 ], [ -75.303950436908167, 1.472716101990613 ], [ -75.308327560669966, 1.473373670200942 ], [ -75.311049069179148, 1.477352848059581 ], [ -75.315245805698225, 1.47957102023247 ], [ -75.317272667105897, 1.486880031822466 ], [ -75.32448054807719, 1.483410447071037 ], [ -75.325996759059706, 1.481229208262164 ], [ -75.328608365792775, 1.483261898842329 ], [ -75.328763921784628, 1.490294210239654 ], [ -75.331330971145803, 1.495069491008849 ], [ -75.328680577822752, 1.500223041865922 ], [ -75.330508354438507, 1.505144714007145 ], [ -75.336762180698656, 1.507398006742335 ], [ -75.336556973883205, 1.514141092727073 ], [ -75.338881797724866, 1.516091341254651 ], [ -75.338181728387951, 1.518268696643474 ], [ -75.341037517172822, 1.521548372900895 ], [ -75.343470031136576, 1.520971973829376 ], [ -75.345227901699502, 1.526139452177688 ], [ -75.34962463569957, 1.526572533914532 ], [ -75.352057096662691, 1.528575005144489 ], [ -75.353568613045752, 1.53453792164953 ], [ -75.356303346563095, 1.536586763951334 ], [ -75.355114700221804, 1.541687008736972 ], [ -75.357083094732559, 1.543725447641179 ], [ -75.357129595162007, 1.549390944295055 ], [ -75.360913959721302, 1.552542905170128 ], [ -75.361274529390641, 1.556560025201691 ], [ -75.363799728006029, 1.558151108127845 ], [ -75.366443451332771, 1.563141600257836 ], [ -75.368692039587074, 1.563640013822408 ], [ -75.368494795444633, 1.565964507083777 ], [ -75.373116126411048, 1.56542596484519 ], [ -75.380351477885654, 1.573401851199208 ], [ -75.391072281067181, 1.571098168326273 ], [ -75.402169015121672, 1.575634668617852 ], [ -75.394659556892748, 1.585225976871754 ], [ -75.38324878683602, 1.590988648858911 ], [ -75.379986544197209, 1.591131416424162 ], [ -75.37546461728607, 1.596088906220928 ], [ -75.371938258963439, 1.596717083328372 ], [ -75.366836696348287, 1.602936994566221 ], [ -75.360532909345466, 1.605019025152671 ], [ -75.359390767026866, 1.608921338602784 ], [ -75.357106485084557, 1.610420397139592 ], [ -75.356869599155345, 1.616240453552848 ], [ -75.354718560832112, 1.620961302660646 ], [ -75.354927953800143, 1.628746902329681 ], [ -75.356945736826276, 1.631221541025639 ], [ -75.356910591111102, 1.640041369210508 ], [ -75.347273775066924, 1.645509371990101 ], [ -75.346245849136153, 1.653304483927229 ], [ -75.344761275944848, 1.654804993244397 ], [ -75.345070603872955, 1.659183203070199 ], [ -75.342845810212793, 1.661217643569955 ], [ -75.340029241006221, 1.661176254558598 ], [ -75.404044694438142, 1.769442763133668 ], [ -75.403882584332734, 1.772452225040013 ], [ -75.40860595860687, 1.773137268245193 ], [ -75.407057995747039, 1.78517530541518 ], [ -75.409859366345245, 1.791759102006779 ], [ -75.407856018358927, 1.796534946020131 ], [ -75.408362874297268, 1.809107176681039 ], [ -75.405630923762885, 1.810438500755993 ], [ -75.402776060243525, 1.808725687927051 ], [ -75.397601478012291, 1.809819884425792 ], [ -75.397004557810078, 1.812190025614711 ], [ -75.398964096721784, 1.81577835785987 ], [ -75.393847804419124, 1.81448444325639 ], [ -75.383395488127064, 1.824880889683186 ], [ -75.383781887974635, 1.828159140313176 ], [ -75.381908875758427, 1.827842681552681 ], [ -75.379721591282873, 1.830172994105112 ], [ -75.375381223916861, 1.828741268844112 ], [ -75.372527058388982, 1.835567647586686 ], [ -75.371586118193136, 1.843692896942059 ], [ -75.368874812757099, 1.844268747142451 ], [ -75.365147826335658, 1.854254438578266 ], [ -75.367007246132459, 1.855720340271489 ], [ -75.35493182374546, 1.866692441964119 ], [ -75.353267192095132, 1.87352253614165 ], [ -75.355376138923873, 1.884613892876587 ], [ -75.352054789787189, 1.89696044589698 ], [ -75.353607103191393, 1.907294719873448 ], [ -75.346718770289272, 1.921385269864516 ], [ -75.347289520749769, 1.924311450691107 ], [ -75.352289667980131, 1.928935835033599 ], [ -75.352881211761087, 1.932378778427392 ], [ -75.348867879029797, 1.943495640150218 ], [ -75.34764645044271, 1.953434040638513 ], [ -75.345511424602137, 1.957054260406721 ], [ -75.345782858866357, 1.965285307132319 ], [ -75.341289316944255, 1.973631537732103 ], [ -75.348608033940252, 1.974661778623272 ], [ -75.355450106263334, 1.977822366026885 ], [ -75.356048958743258, 1.98024803482275 ], [ -75.353438822553471, 1.986070124125092 ], [ -75.354285367704051, 1.990024812991237 ], [ -75.361406999559563, 1.987720521958408 ], [ -75.364281387977201, 1.984084705627765 ], [ -75.378824650604656, 1.988063164833648 ], [ -75.383279001694689, 1.986997164677518 ], [ -75.385563288128537, 1.984617707053303 ], [ -75.392679779819957, 1.995413797200513 ], [ -75.392846341081054, 2.004574721360484 ], [ -75.390395497877648, 2.009071904157395 ], [ -75.39132348705175, 2.016900329245061 ], [ -75.387825676313298, 2.025442595752281 ], [ -75.388087420442844, 2.034389368564405 ], [ -75.386112467326939, 2.039219672985212 ], [ -75.387581535584047, 2.04641853306731 ], [ -75.377587799728474, 2.059743514806939 ], [ -75.384147904133897, 2.068965639439341 ], [ -75.393009484249831, 2.087754529434221 ], [ -75.391968467159984, 2.10390512282936 ], [ -75.388845427568469, 2.108604556982073 ], [ -75.383670096141714, 2.124933609833704 ], [ -75.385305978985116, 2.126450514316161 ], [ -75.392546606269548, 2.126055255276128 ], [ -75.395371100419936, 2.134814321366775 ], [ -75.399297209362544, 2.137598289787434 ], [ -75.398868906666792, 2.148234480584961 ], [ -75.403223320101802, 2.153052888607021 ], [ -75.406614049776465, 2.163332161389746 ], [ -75.40600729031911, 2.173361591831565 ], [ -75.413145673073075, 2.184283315962944 ], [ -75.415452322185445, 2.192463427273026 ], [ -75.416594462707451, 2.193833996079093 ], [ -75.426275415711586, 2.195036536673967 ], [ -75.427503995792392, 2.197359065318267 ], [ -75.433629208354205, 2.198864555797627 ], [ -75.435828949777715, 2.201044675304729 ], [ -75.440242849698222, 2.213501152559161 ], [ -75.438641310373839, 2.223628522801221 ], [ -75.433462338970628, 2.232413863736554 ], [ -75.418528456207014, 2.23839887342524 ], [ -75.410405195723285, 2.245648226951346 ], [ -75.413321484294102, 2.250668023945877 ], [ -75.407687551769527, 2.261191353914398 ], [ -75.408617033944836, 2.264625975308832 ], [ -75.40530740603532, 2.26778142165 ], [ -75.396665387824498, 2.287676333575462 ], [ -75.390538275324388, 2.293714217245622 ], [ -75.393739996617683, 2.299082666849415 ], [ -75.394188251810078, 2.303911160265216 ], [ -75.386284212769738, 2.314576027106114 ] ] ] } },
{ "type": "Feature", "properties": { "cod_mun": "18410", "municipio": "La Montañita" }, "geometry": { "type": "Polygon", "coordinates": [ [ [ -75.081436305167415, 1.273945558075411 ], [ -75.079908460992726, 1.2709404422219 ], [ -75.081598461985209, 1.268036232408008 ], [ -75.080203017012536, 1.266343390042039 ], [ -75.081711520443719, 1.263984114883442 ], [ -75.079663644729919, 1.263276188874784 ], [ -75.080940148172601, 1.262308292910689 ], [ -75.080871915682508, 1.258177434395463 ], [ -75.075329101146508, 1.257272194175698 ], [ -75.076162857870486, 1.254316696806427 ], [ -75.073773597822139, 1.253293716105247 ], [ -75.072377195244599, 1.248576207834617 ], [ -75.070535790276836, 1.247914383403042 ], [ -75.070911551368056, 1.245965776997139 ], [ -75.069430160910372, 1.246704652686901 ], [ -75.068501621068549, 1.244893447306481 ], [ -75.06474152002437, 1.244721288638345 ], [ -75.063742481241206, 1.242741418140668 ], [ -75.059822080198444, 1.242598649677063 ], [ -75.058734381219324, 1.243892328921731 ], [ -75.056886844346536, 1.241527717766076 ], [ -75.052476390366166, 1.243099557865207 ], [ -75.050975231566554, 1.239825570643006 ], [ -75.048032278281937, 1.238390589884773 ], [ -75.048109802054398, 1.235991856195881 ], [ -75.046186809332596, 1.236815805105834 ], [ -75.047067987259936, 1.23830152005678 ], [ -75.04422004526532, 1.239459840148243 ], [ -75.043273401661168, 1.237590140921384 ], [ -75.038394898095362, 1.238412534846361 ], [ -75.036761093955192, 1.236832398798981 ], [ -75.036984270683888, 1.232492540778139 ], [ -75.034956342975192, 1.232198697122953 ], [ -75.033276901687259, 1.227188824723555 ], [ -75.029790249830171, 1.22526478995519 ], [ -75.030975904779154, 1.223212833191781 ], [ -75.028728900255942, 1.224126303782725 ], [ -75.027424405286638, 1.222640721782568 ], [ -75.026129125242903, 1.225068834896206 ], [ -75.0250961633526, 1.222920349587014 ], [ -75.023610178008539, 1.225508972905288 ], [ -75.021806543635307, 1.223963068087414 ], [ -75.021734589422067, 1.219957325227995 ], [ -75.019458112049165, 1.219436137556158 ], [ -75.020374539896352, 1.218411217390724 ], [ -75.018740135681128, 1.21633208387334 ], [ -75.02149963936381, 1.214007378609381 ], [ -75.02193050944669, 1.210624328638232 ], [ -75.024587296983043, 1.209913041131074 ], [ -75.024538242641199, 1.203834781750004 ], [ -75.027682953207886, 1.201128287694416 ], [ -75.025705200040989, 1.201158514231224 ], [ -75.025422745236085, 1.198961220718786 ], [ -75.023674219854513, 1.200001456273696 ], [ -75.02132574335252, 1.196487429134834 ], [ -75.022242544000903, 1.192296300802468 ], [ -75.0235077062041, 1.193613119768997 ], [ -75.023861770268979, 1.190700859247102 ], [ -75.027109971330447, 1.190321687250048 ], [ -75.028326369347951, 1.187715980656435 ], [ -75.026570961967479, 1.184388324443091 ], [ -75.028211505274271, 1.185105454597476 ], [ -75.02826962542116, 1.183436714049776 ], [ -75.023920017976764, 1.180768259185243 ], [ -75.024171743187935, 1.178910429407722 ], [ -75.020892922127302, 1.174362772031429 ], [ -75.012829134654339, 1.176611746561662 ], [ -75.011470060699878, 1.172472056701793 ], [ -75.00825009999852, 1.172072561203549 ], [ -75.008409852024386, 1.169403420025617 ], [ -75.010281023591062, 1.169669956671044 ], [ -75.013457793259192, 1.167024620867039 ], [ -75.012752454400584, 1.164254482919546 ], [ -75.01072836968774, 1.164869443103669 ], [ -75.005436558116799, 1.159411031644026 ], [ -75.001748697848768, 1.160824180628481 ], [ -75.000813354161551, 1.157939715800296 ], [ -75.002196481425244, 1.158952513191309 ], [ -75.001187978883024, 1.154390932815318 ], [ -75.002527013204201, 1.152014179122318 ], [ -74.998805827209196, 1.147998342784319 ], [ -74.996900466633804, 1.148811388832996 ], [ -74.997961438915297, 1.145445263135286 ], [ -74.994538218049229, 1.144188015994303 ], [ -74.997007509070045, 1.14190874935025 ], [ -74.994889232331275, 1.141103107222079 ], [ -74.994414883754018, 1.138006249948717 ], [ -74.990566788166063, 1.136553648722213 ], [ -74.988983508012723, 1.138734893819276 ], [ -74.987180999229452, 1.138527776285684 ], [ -74.986798030948933, 1.136512085437516 ], [ -74.984959229300955, 1.136689817258116 ], [ -74.985261554855811, 1.133110127711177 ], [ -74.982790692680339, 1.130380393322412 ], [ -74.982475699073234, 1.13226802832645 ], [ -74.979465097203899, 1.130790709036887 ], [ -74.978063523919445, 1.131847921865926 ], [ -74.977874959306178, 1.130449125276186 ], [ -74.9764613467907, 1.131848422227904 ], [ -74.97708395074568, 1.128293939427977 ], [ -74.972738755829425, 1.124024539924221 ], [ -74.975415115874796, 1.119198344400786 ], [ -74.973649929426358, 1.118365977371582 ], [ -74.973222249263586, 1.120125121746582 ], [ -74.971473847849609, 1.117393947357243 ], [ -74.971619060631042, 1.119205336892492 ], [ -74.969683990948909, 1.119770206976455 ], [ -74.968814913338065, 1.117029930849412 ], [ -74.967440257194255, 1.117969707726104 ], [ -74.969027800755327, 1.114435260966218 ], [ -74.967133899997179, 1.113012540424791 ], [ -74.967066440058829, 1.110654663045864 ], [ -74.966721086065888, 1.112554525927351 ], [ -74.96394719495413, 1.111083201998724 ], [ -74.96583419305216, 1.109726534632784 ], [ -74.965481701938586, 1.108052895567937 ], [ -74.962435168327545, 1.108096574386764 ], [ -74.963077800237727, 1.105854540245957 ], [ -74.960363833091378, 1.101762613847825 ], [ -74.95917457589519, 1.102557081823306 ], [ -74.960029786201972, 1.1008708636395 ], [ -74.95684941877829, 1.099808917583459 ], [ -74.956648627185984, 1.098025275232828 ], [ -74.958117326235254, 1.098189771265481 ], [ -74.955974005344729, 1.0946596489988 ], [ -74.954140937647765, 1.093652275639784 ], [ -74.952557679952292, 1.096071737970362 ], [ -74.951173866375143, 1.094538447305752 ], [ -74.951900791767173, 1.091032354093784 ], [ -74.954728598008614, 1.090157997079814 ], [ -74.953647747790683, 1.088063073862088 ], [ -74.955218962661888, 1.085979593393631 ], [ -74.951504294847723, 1.083995384029663 ], [ -74.953579520690482, 1.082956324370343 ], [ -74.951120457895684, 1.078736009751196 ], [ -74.953013784629945, 1.078283425574 ], [ -74.952023435257388, 1.074276485259361 ], [ -74.953485633193793, 1.072962720567261 ], [ -74.951275869258609, 1.07037331930735 ], [ -74.949771301349813, 1.072084152247896 ], [ -74.950068141787142, 1.070220947845769 ], [ -74.953051700751644, 1.069188731557745 ], [ -74.951391684648911, 1.068474988054675 ], [ -74.950754854063462, 1.064316682392359 ], [ -74.952267953279318, 1.062570154865568 ], [ -74.951663614783627, 1.05772282017 ], [ -74.949615462388465, 1.058491367237252 ], [ -74.950644035106791, 1.056054721019905 ], [ -74.946126058091124, 1.056588412352141 ], [ -74.944501987204831, 1.0550302589956 ], [ -74.946773708892806, 1.053973395611479 ], [ -74.944412451150754, 1.054156520023071 ], [ -74.943178253900044, 1.050909848793765 ], [ -74.940572779071999, 1.050632173029953 ], [ -74.94008265696408, 1.045516673042016 ], [ -74.937856278674474, 1.045237697414962 ], [ -74.936355495371004, 1.042856301224845 ], [ -74.936943149443664, 1.03909318183895 ], [ -74.932436069899381, 1.039403639848558 ], [ -74.934700844011445, 1.035457865870342 ], [ -74.930480695580741, 1.032292584765628 ], [ -74.932416057215562, 1.03148080174924 ], [ -74.932106966442916, 1.026396599090788 ], [ -74.926672891262001, 1.025907304331895 ], [ -74.926871481980129, 1.024049257161948 ], [ -74.922333053004081, 1.025024159092538 ], [ -74.921433224239991, 1.022260737853742 ], [ -74.920442477811775, 1.024208224059635 ], [ -74.919675598917308, 1.021614942074621 ], [ -74.921574877893363, 1.01555389891962 ], [ -74.919951419658616, 1.014233747200763 ], [ -74.921971366727973, 1.013285188386874 ], [ -74.918779154109529, 1.011118903844476 ], [ -74.920666820554686, 1.010380817774433 ], [ -74.915672229408813, 1.008860084669209 ], [ -74.916279773994347, 1.007859726259824 ], [ -74.913832815109288, 1.006119304586889 ], [ -74.915203052436709, 1.004495847250439 ], [ -74.910882524379531, 1.004691909208987 ], [ -74.911736757318465, 1.002071781948644 ], [ -74.909735384729004, 1.002724769645681 ], [ -74.909903608773106, 1.001122634737783 ], [ -74.907835108622237, 1.000153694032178 ], [ -74.908815045613949, 0.99888153125238 ], [ -74.906101065891221, 0.998084990861912 ], [ -74.906971343652174, 0.999642274648522 ], [ -74.905814674665521, 1.00059478425618 ], [ -74.90479910776628, 0.998486255144371 ], [ -74.90620778223871, 0.997061488239069 ], [ -74.902309293818121, 0.996295379201456 ], [ -74.898215713620289, 0.992006549122607 ], [ -74.895746275275656, 0.993500138711624 ], [ -74.896126961833488, 0.983702660647509 ], [ -74.89798110671876, 0.984967864173257 ], [ -74.896740067893404, 0.982159872986131 ], [ -74.900229876432945, 0.98084432244184 ], [ -74.898669867155547, 0.978726806576731 ], [ -74.899770772278146, 0.976619325799675 ], [ -75.19440614389174, 1.042327770718032 ], [ -75.193655304429456, 1.043404540784707 ], [ -75.198194303836146, 1.053453638058727 ], [ -75.194372361820228, 1.055637074148535 ], [ -75.192302427058678, 1.054501240703189 ], [ -75.19268208863798, 1.056218976303853 ], [ -75.195800990585951, 1.058035279627632 ], [ -75.194773450931052, 1.058983047025151 ], [ -75.195867304273122, 1.061382256821503 ], [ -75.199193590554557, 1.061196089813677 ], [ -75.192866093399232, 1.063697952874293 ], [ -75.188303182617233, 1.068718449657013 ], [ -75.189985038578527, 1.068981623905643 ], [ -75.1900849744369, 1.071351571058301 ], [ -75.186097058658561, 1.074538241965342 ], [ -75.188728684363696, 1.076191391340558 ], [ -75.186522813730107, 1.078281978386883 ], [ -75.193932565171281, 1.078439983188161 ], [ -75.191343943649656, 1.081091829088166 ], [ -75.193989672017722, 1.082408922939351 ], [ -75.193736413381089, 1.08080941291081 ], [ -75.19511967988376, 1.080430330745344 ], [ -75.195264704018825, 1.0821813768016 ], [ -75.196887242378011, 1.080986184431595 ], [ -75.19778373659318, 1.08468286436613 ], [ -75.193155124775558, 1.089170063279028 ], [ -75.19005570730161, 1.088718737642523 ], [ -75.195751864378906, 1.09314159107862 ], [ -75.194487950834912, 1.093039208207472 ], [ -75.194193985907077, 1.095229316090183 ], [ -75.197514251674647, 1.095344914986356 ], [ -75.194597892136869, 1.097078860699241 ], [ -75.193921017319099, 1.101380115386632 ], [ -75.191838545659436, 1.100279352197902 ], [ -75.190290642986781, 1.102687740088868 ], [ -75.189563710408208, 1.105855434070406 ], [ -75.19103873000887, 1.108167518892856 ], [ -75.193860008187926, 1.108335489611818 ], [ -75.196874174575157, 1.112580762144432 ], [ -75.197883809893881, 1.111246641611785 ], [ -75.202572838852348, 1.113427861555977 ], [ -75.204343151990201, 1.112404453256374 ], [ -75.20770103563865, 1.114764809089081 ], [ -75.206792733957968, 1.116338910249567 ], [ -75.208234029877644, 1.118867050849872 ], [ -75.209835879121044, 1.118603274729537 ], [ -75.211305577996029, 1.120818006352124 ], [ -75.214823051973383, 1.120409934631027 ], [ -75.219493297144311, 1.126139348264928 ], [ -75.222535824266004, 1.126861406580872 ], [ -75.224778878893744, 1.125272017878672 ], [ -75.227680297639836, 1.129749291298083 ], [ -75.229102424394398, 1.128725229024383 ], [ -75.229040154027587, 1.13061955378771 ], [ -75.232400391263923, 1.129302434783654 ], [ -75.235421227647464, 1.137191481828324 ], [ -75.240876571357944, 1.138822020589828 ], [ -75.239999734991841, 1.145209845952763 ], [ -75.245494694437923, 1.149737737682074 ], [ -75.244708017557116, 1.152752369397035 ], [ -75.250899794436236, 1.153419654691504 ], [ -75.254736670057298, 1.156723016846911 ], [ -75.260970026390794, 1.156430543123633 ], [ -75.26305967559523, 1.160239849426716 ], [ -75.268668961922003, 1.161917341368905 ], [ -75.269653267424474, 1.169011276345486 ], [ -75.280997684268186, 1.17130923874214 ], [ -75.282307619439166, 1.17724134839824 ], [ -75.279721414387609, 1.178877011154214 ], [ -75.276589709640007, 1.186400173193761 ], [ -75.283065464867946, 1.195442430708454 ], [ -75.324347188575416, 1.195897694562291 ], [ -75.315290743057801, 1.205184847391649 ], [ -75.315737586995795, 1.212344881357865 ], [ -75.320197215692303, 1.214658698133576 ], [ -75.3197250886505, 1.219126862628741 ], [ -75.324236801708707, 1.222725227267006 ], [ -75.329622789135783, 1.23307403419966 ], [ -75.332032682604336, 1.23417459975883 ], [ -75.332134823828483, 1.243130123965443 ], [ -75.336588751811689, 1.248024138753635 ], [ -75.33707781300842, 1.252046117776445 ], [ -75.341737132860146, 1.258718149660467 ], [ -75.344882685148889, 1.260927020669499 ], [ -75.345570753882384, 1.268254039003693 ], [ -75.34926912444763, 1.278127257683025 ], [ -75.34974533164069, 1.28946609598438 ], [ -75.347588198243386, 1.296270635766632 ], [ -75.348259978711098, 1.299313187142843 ], [ -75.346072185788728, 1.301826119253235 ], [ -75.347744174647062, 1.311060006435355 ], [ -75.347069685756594, 1.316816012019444 ], [ -75.350204380099854, 1.325469419978788 ], [ -75.35042093174809, 1.33062930037039 ], [ -75.355302388976952, 1.338714804632616 ], [ -75.348650871935376, 1.347472589724646 ], [ -75.346411763609751, 1.356577838055614 ], [ -75.350636969559559, 1.357151272684291 ], [ -75.352957186836761, 1.355801940966785 ], [ -75.354184602700002, 1.352106232111851 ], [ -75.357927133581541, 1.353259256630508 ], [ -75.360025763251031, 1.350585847553248 ], [ -75.364764054960631, 1.354592027892522 ], [ -75.367620639653467, 1.353333136833271 ], [ -75.370316038608109, 1.354496446171822 ], [ -75.371960442877082, 1.35308439492951 ], [ -75.37379774613396, 1.354665699685995 ], [ -75.377103983798918, 1.353670493118898 ], [ -75.379060375909603, 1.356712997782665 ], [ -75.381075025609562, 1.355062252301025 ], [ -75.383043626733013, 1.356852185558637 ], [ -75.393620790982766, 1.357379878834934 ], [ -75.395214982980576, 1.360474866712707 ], [ -75.400100118813441, 1.355813142967349 ], [ -75.402099745974908, 1.357260279737659 ], [ -75.404169842433362, 1.35452574564647 ], [ -75.407968529742959, 1.356673765627988 ], [ -75.41040735168167, 1.353703988627558 ], [ -75.419570018574689, 1.354077095195009 ], [ -75.423020038003642, 1.356289967303496 ], [ -75.430075946365662, 1.353950818016585 ], [ -75.433321886365718, 1.354494912746418 ], [ -75.432925367886696, 1.352544539352891 ], [ -75.436280791945933, 1.351920438803461 ], [ -75.437330863162742, 1.349572434815741 ], [ -75.439220639752136, 1.353379408192154 ], [ -75.44206816223317, 1.352542624143155 ], [ -75.440906447405553, 1.354540883169363 ], [ -75.44268084159296, 1.355718093947985 ], [ -75.459765849816506, 1.354945058893975 ], [ -75.46133244105522, 1.353003363233029 ], [ -75.463392561714443, 1.354798532774623 ], [ -75.465498068891293, 1.352925804426263 ], [ -75.467416817968342, 1.353272074701522 ], [ -75.467666415068891, 1.351167346364662 ], [ -75.471486402349228, 1.350537863105785 ], [ -75.474132117242505, 1.346582890371735 ], [ -75.473823534916733, 1.34376419125789 ], [ -75.477929016903317, 1.34214630617555 ], [ -75.47923311032531, 1.343174706417244 ], [ -75.4763277425821, 1.348725345285629 ], [ -75.479161613354904, 1.361934341853271 ], [ -75.478883166835942, 1.372354680790693 ], [ -75.472126764214863, 1.381268077570155 ], [ -75.468535638206959, 1.392556936264157 ], [ -75.470159616566661, 1.398048763282361 ], [ -75.468020815103955, 1.403670891934667 ], [ -75.45674978528757, 1.417521305889238 ], [ -75.457399078210926, 1.419639339184357 ], [ -75.463018174148431, 1.421522117892152 ], [ -75.464811186833231, 1.424959397403597 ], [ -75.460303500027351, 1.429700156787248 ], [ -75.458871310336974, 1.444980861392139 ], [ -75.460250008902847, 1.448736610095295 ], [ -75.456101849719744, 1.453731383599347 ], [ -75.457207673122468, 1.454982635379281 ], [ -75.460876468430058, 1.452592289266931 ], [ -75.463484233065628, 1.458606490632349 ], [ -75.463379502894782, 1.463689280239748 ], [ -75.460468888087803, 1.467466476237405 ], [ -75.462236197256914, 1.470455213095306 ], [ -75.458425550666391, 1.472763247410967 ], [ -75.459852722363621, 1.478977049201717 ], [ -75.463977263920754, 1.480515478233826 ], [ -75.466944928081944, 1.485950776022776 ], [ -75.463150514959864, 1.489735216938982 ], [ -75.464781379810063, 1.49373524381366 ], [ -75.464190016590635, 1.498895689246012 ], [ -75.471296285445931, 1.500427188668482 ], [ -75.475167575552973, 1.503155035695329 ], [ -75.470955702409242, 1.509731012446139 ], [ -75.475195942575624, 1.511873265238933 ], [ -75.47782770482479, 1.520796061098679 ], [ -75.482301897020307, 1.527144339896381 ], [ -75.47966568900523, 1.530241621174866 ], [ -75.480216021641354, 1.533953533853833 ], [ -75.477267577849318, 1.535329372181536 ], [ -75.477660868678981, 1.537519393825903 ], [ -75.481297064098953, 1.53849993538438 ], [ -75.47791383087133, 1.544535619976955 ], [ -75.479759998710506, 1.552775385757684 ], [ -75.481674913774839, 1.557609703854439 ], [ -75.484359645226959, 1.559350132713917 ], [ -75.485403625861352, 1.564561167710053 ], [ -75.479230561802865, 1.569182813985378 ], [ -75.478697522648019, 1.574848031263002 ], [ -75.482011599916689, 1.574409636885264 ], [ -75.479566105286722, 1.583147020322656 ], [ -75.484058861182405, 1.586588073659584 ], [ -75.485611689321672, 1.594376278445054 ], [ -75.480496070756033, 1.594433289171661 ], [ -75.4793723259491, 1.597004669314288 ], [ -75.480842171249606, 1.601451834774593 ], [ -75.479351723071659, 1.604972628927953 ], [ -75.474832378819031, 1.611907650905835 ], [ -75.470802643735908, 1.612530299776608 ], [ -75.471219333900706, 1.614495995746097 ], [ -75.474656654734702, 1.616532768274169 ], [ -75.471206876054453, 1.618129636355377 ], [ -75.471090757033323, 1.621596165035783 ], [ -75.473545832203456, 1.624028988020257 ], [ -75.469263678409163, 1.630199747898189 ], [ -75.473746047975169, 1.630909045635349 ], [ -75.473857112172198, 1.634262668571012 ], [ -75.461587002250042, 1.633584678943066 ], [ -75.459760349427654, 1.637494914641934 ], [ -75.454572870971958, 1.64028962512532 ], [ -75.453831637202654, 1.646559093761994 ], [ -75.451522411719964, 1.649929594258651 ], [ -75.455269240145242, 1.654288114794383 ], [ -75.454541586218909, 1.661282185777907 ], [ -75.455935110592009, 1.663508493998847 ], [ -75.452590956805352, 1.668781249592428 ], [ -75.452640792682075, 1.671321612680231 ], [ -75.44886895783435, 1.670141942312398 ], [ -75.447293754440125, 1.671960194083567 ], [ -75.44934665713032, 1.675774989097363 ], [ -75.44528313728074, 1.67598206800335 ], [ -75.439244445126121, 1.682430958193038 ], [ -75.439728365260407, 1.684407405208447 ], [ -75.441759584398937, 1.683780332131334 ], [ -75.443288394263334, 1.685348858342763 ], [ -75.441051626949275, 1.692133332440505 ], [ -75.43357933923977, 1.694082582040721 ], [ -75.427756049787263, 1.693408272813429 ], [ -75.426991478666594, 1.695229309364208 ], [ -75.421688710335445, 1.695545721412259 ], [ -75.421471275642546, 1.698543472871222 ], [ -75.418473894289775, 1.699199560656723 ], [ -75.418285768953069, 1.702954914100815 ], [ -75.422297193661166, 1.707081410393585 ], [ -75.422556821358228, 1.711414725979012 ], [ -75.426291512635999, 1.71268405008027 ], [ -75.431843707387713, 1.712275248028277 ], [ -75.433034417160911, 1.710733072120092 ], [ -75.434909199957929, 1.713655482714501 ], [ -75.432539406417277, 1.713752817948034 ], [ -75.431158940863895, 1.71704203342307 ], [ -75.432352262939958, 1.722291041134895 ], [ -75.429114469767683, 1.721812439929693 ], [ -75.42400945402585, 1.726140775251224 ], [ -75.423733643166031, 1.729414893627563 ], [ -75.419213381732789, 1.73250031084666 ], [ -75.417646744679928, 1.740938232560609 ], [ -75.418811360169911, 1.74544346516717 ], [ -75.422766146054244, 1.747592273870112 ], [ -75.425586355237272, 1.752428279004278 ], [ -75.424139573301773, 1.755837263358387 ], [ -75.427010006434102, 1.755140551926672 ], [ -75.427294240803008, 1.757011554610017 ], [ -75.42012318000792, 1.759557491748524 ], [ -75.418408644208796, 1.762524716633209 ], [ -75.409879889272588, 1.766509046334136 ], [ -75.406749207706866, 1.764857133041687 ], [ -75.404044694438142, 1.769442763133668 ], [ -75.340029241006221, 1.661176254558598 ], [ -75.342845810212793, 1.661217643569955 ], [ -75.345070603872955, 1.659183203070199 ], [ -75.344761275944848, 1.654804993244397 ], [ -75.346245849136153, 1.653304483927229 ], [ -75.347273775066924, 1.645509371990101 ], [ -75.356910591111102, 1.640041369210508 ], [ -75.356945736826276, 1.631221541025639 ], [ -75.354927953800143, 1.628746902329681 ], [ -75.354718560832112, 1.620961302660646 ], [ -75.356869599155345, 1.616240453552848 ], [ -75.357106485084557, 1.610420397139592 ], [ -75.359390767026866, 1.608921338602784 ], [ -75.360532909345466, 1.605019025152671 ], [ -75.366836696348287, 1.602936994566221 ], [ -75.371938258963439, 1.596717083328372 ], [ -75.37546461728607, 1.596088906220928 ], [ -75.379986544197209, 1.591131416424162 ], [ -75.38324878683602, 1.590988648858911 ], [ -75.394659556892748, 1.585225976871754 ], [ -75.402169015121672, 1.575634668617852 ], [ -75.391072281067181, 1.571098168326273 ], [ -75.380351477885654, 1.573401851199208 ], [ -75.373116126411048, 1.56542596484519 ], [ -75.368494795444633, 1.565964507083777 ], [ -75.368692039587074, 1.563640013822408 ], [ -75.366443451332771, 1.563141600257836 ], [ -75.363799728006029, 1.558151108127845 ], [ -75.361274529390641, 1.556560025201691 ], [ -75.360913959721302, 1.552542905170128 ], [ -75.357129595162007, 1.549390944295055 ], [ -75.357083094732559, 1.543725447641179 ], [ -75.355114700221804, 1.541687008736972 ], [ -75.356303346563095, 1.536586763951334 ], [ -75.353568613045752, 1.53453792164953 ], [ -75.352057096662691, 1.528575005144489 ], [ -75.34962463569957, 1.526572533914532 ], [ -75.345227901699502, 1.526139452177688 ], [ -75.343470031136576, 1.520971973829376 ], [ -75.341037517172822, 1.521548372900895 ], [ -75.338181728387951, 1.518268696643474 ], [ -75.338881797724866, 1.516091341254651 ], [ -75.336556973883205, 1.514141092727073 ], [ -75.336762180698656, 1.507398006742335 ], [ -75.330508354438507, 1.505144714007145 ], [ -75.328680577822752, 1.500223041865922 ], [ -75.331330971145803, 1.495069491008849 ], [ -75.328763921784628, 1.490294210239654 ], [ -75.328608365792775, 1.483261898842329 ], [ -75.325996759059706, 1.481229208262164 ], [ -75.32448054807719, 1.483410447071037 ], [ -75.317272667105897, 1.486880031822466 ], [ -75.315245805698225, 1.47957102023247 ], [ -75.311049069179148, 1.477352848059581 ], [ -75.308327560669966, 1.473373670200942 ], [ -75.303950436908167, 1.472716101990613 ], [ -75.299939305949351, 1.469531577160524 ], [ -75.297093825340653, 1.458758186560317 ], [ -75.293106508739015, 1.458473524592989 ], [ -75.291907079012447, 1.455855122997662 ], [ -75.28930384907602, 1.457551007959978 ], [ -75.286721803227579, 1.45608700440846 ], [ -75.283755087688064, 1.450610409236333 ], [ -75.278099054793302, 1.446491537849795 ], [ -75.277576382205098, 1.441117804351279 ], [ -75.271072468363798, 1.436289390885577 ], [ -75.262531958064415, 1.422759181669221 ], [ -75.260419300292256, 1.408402588208219 ], [ -75.266234444713575, 1.401827460366064 ], [ -75.265003528112914, 1.39100378113784 ], [ -75.266518748252849, 1.387253990066426 ], [ -75.260517088277027, 1.372662076441031 ], [ -75.257788528885612, 1.370784124385125 ], [ -75.255051431000538, 1.37108816841851 ], [ -75.256383913903164, 1.370004227993547 ], [ -75.253361968099341, 1.368583080403425 ], [ -75.25233445269896, 1.36594840671205 ], [ -75.244075888757607, 1.362254866391936 ], [ -75.242782761079013, 1.363045563236824 ], [ -75.241970507345059, 1.361305469449235 ], [ -75.237147753270165, 1.361366213577128 ], [ -75.234993855607058, 1.357352474807044 ], [ -75.236765442556987, 1.355618954895931 ], [ -75.229295159888807, 1.354116101872364 ], [ -75.230777488188437, 1.350568535207287 ], [ -75.229078582189459, 1.351470377995895 ], [ -75.227701984784687, 1.34850036204341 ], [ -75.223597157670497, 1.348620887304492 ], [ -75.221876649866658, 1.346447700101976 ], [ -75.216565373584672, 1.347159263392086 ], [ -75.217267078755015, 1.344888782278531 ], [ -75.117814153271979, 1.340469216678969 ], [ -75.091159682941338, 1.232328225306958 ], [ -75.081436305167415, 1.273945558075411 ] ] ] } },
{ "type": "Feature", "properties": { "cod_mun": "18460", "municipio": "Milán" }, "geometry": { "type": "Polygon", "coordinates": [ [ [ -75.298994589233018, 0.940881128094532 ], [ -75.301359553426835, 0.935453247700764 ], [ -75.323986964757751, 0.924531571180182 ], [ -75.400346853879284, 1.03134866216061 ], [ -75.543605246413279, 1.089596380696378 ], [ -75.541452339592695, 1.094116047444459 ], [ -75.542365555061906, 1.097429359347927 ], [ -75.54004715687455, 1.100238692619143 ], [ -75.548556619576402, 1.110189218576807 ], [ -75.548542612135009, 1.114327285179627 ], [ -75.5502762676918, 1.116480945687272 ], [ -75.546573534904041, 1.130770892185922 ], [ -75.549496323689482, 1.135270221958081 ], [ -75.546953344705514, 1.138327969247712 ], [ -75.568635138309105, 1.217228476578782 ], [ -75.567899275571165, 1.321787847922735 ], [ -75.47923311032531, 1.343174706417244 ], [ -75.477796473072431, 1.342170876016496 ], [ -75.473686344995542, 1.343895466666538 ], [ -75.474149496063831, 1.346531604613006 ], [ -75.471432747731171, 1.350593925210717 ], [ -75.467666415068891, 1.351167346364662 ], [ -75.467416817968342, 1.353272074701522 ], [ -75.465498068891293, 1.352925804426263 ], [ -75.463485028075297, 1.354788125783728 ], [ -75.46133244105522, 1.353003363233029 ], [ -75.459765849816506, 1.354945058893975 ], [ -75.44268084159296, 1.355718093947985 ], [ -75.440906447405553, 1.354540883169363 ], [ -75.44206816223317, 1.352542624143155 ], [ -75.439220639752136, 1.353379408192154 ], [ -75.437330863162742, 1.349572434815741 ], [ -75.436280791945933, 1.351920438803461 ], [ -75.432925367886696, 1.352544539352891 ], [ -75.433321886365718, 1.354494912746418 ], [ -75.430075946365662, 1.353950818016585 ], [ -75.423020038003642, 1.356289967303496 ], [ -75.419570018574689, 1.354077095195009 ], [ -75.41040735168167, 1.353703988627558 ], [ -75.407968529742959, 1.356673765627988 ], [ -75.404169842433362, 1.35452574564647 ], [ -75.402099745974908, 1.357260279737659 ], [ -75.400100118813441, 1.355813142967349 ], [ -75.395214982980576, 1.360474866712707 ], [ -75.393620790982766, 1.357379878834934 ], [ -75.383043626733013, 1.356852185558637 ], [ -75.381075025609562, 1.355062252301025 ], [ -75.379060375909603, 1.356712997782665 ], [ -75.377103983798918, 1.353670493118898 ], [ -75.37379774613396, 1.354665699685995 ], [ -75.371960442877082, 1.35308439492951 ], [ -75.370316038608109, 1.354496446171822 ], [ -75.367620639653467, 1.353333136833271 ], [ -75.364764054960631, 1.354592027892522 ], [ -75.360025763251031, 1.350585847553248 ], [ -75.357927133581541, 1.353259256630508 ], [ -75.354184602700002, 1.352106232111851 ], [ -75.352957186836761, 1.355801940966785 ], [ -75.350636969559559, 1.357151272684291 ], [ -75.346411763609751, 1.356577838055614 ], [ -75.348650871935376, 1.347472589724646 ], [ -75.355302388976952, 1.338714804632616 ], [ -75.35042093174809, 1.33062930037039 ], [ -75.350204380099854, 1.325469419978788 ], [ -75.347069685756594, 1.316816012019444 ], [ -75.347744174647062, 1.311060006435355 ], [ -75.346072185788728, 1.301826119253235 ], [ -75.348259978711098, 1.299313187142843 ], [ -75.347588198243386, 1.296270635766632 ], [ -75.34974533164069, 1.28946609598438 ], [ -75.34926912444763, 1.278127257683025 ], [ -75.345570753882384, 1.268254039003693 ], [ -75.344882685148889, 1.260927020669499 ], [ -75.341737132860146, 1.258718149660467 ], [ -75.33707781300842, 1.252046117776445 ], [ -75.336588751811689, 1.248024138753635 ], [ -75.332134823828483, 1.243130123965443 ], [ -75.332032682604336, 1.23417459975883 ], [ -75.329622789135783, 1.23307403419966 ], [ -75.324236801708707, 1.222725227267006 ], [ -75.3197250886505, 1.219126862628741 ], [ -75.320197215692303, 1.214658698133576 ], [ -75.315737586995795, 1.212344881357865 ], [ -75.315290743057801, 1.205184847391649 ], [ -75.324347188575416, 1.195897694562291 ], [ -75.283065464867946, 1.195442430708454 ], [ -75.276589709640007, 1.186400173193761 ], [ -75.279721414387609, 1.178877011154214 ], [ -75.282307619439166, 1.17724134839824 ], [ -75.280997684268186, 1.17130923874214 ], [ -75.269653267424474, 1.169011276345486 ], [ -75.268668961922003, 1.161917341368905 ], [ -75.26305967559523, 1.160239849426716 ], [ -75.260970026390794, 1.156430543123633 ], [ -75.254736670057298, 1.156723016846911 ], [ -75.250899794436236, 1.153419654691504 ], [ -75.244815006992724, 1.152836058312175 ], [ -75.245494694437923, 1.149737737682074 ], [ -75.239999734991841, 1.145209845952763 ], [ -75.240876571357944, 1.138822020589828 ], [ -75.235421227647464, 1.137191481828324 ], [ -75.232400391263923, 1.129302434783654 ], [ -75.229040154027587, 1.13061955378771 ], [ -75.229102424394398, 1.128725229024383 ], [ -75.227680297639836, 1.129749291298083 ], [ -75.224778878893744, 1.125272017878672 ], [ -75.222535824266004, 1.126861406580872 ], [ -75.219493297144311, 1.126139348264928 ], [ -75.214823051973383, 1.120409934631027 ], [ -75.211305577996029, 1.120818006352124 ], [ -75.209835879121044, 1.118603274729537 ], [ -75.208234029877644, 1.118867050849872 ], [ -75.206792733957968, 1.116338910249567 ], [ -75.20770103563865, 1.114764809089081 ], [ -75.204343151990201, 1.112404453256374 ], [ -75.202572838852348, 1.113427861555977 ], [ -75.197883809893881, 1.111246641611785 ], [ -75.196731551638777, 1.112526988948673 ], [ -75.193860008187926, 1.108335489611818 ], [ -75.191395342596195, 1.108430543122722 ], [ -75.189563710408208, 1.105855434070406 ], [ -75.191679455692508, 1.100392846339673 ], [ -75.193880344265551, 1.101421340006198 ], [ -75.194597892136869, 1.097078860699241 ], [ -75.197514422354686, 1.09536692283001 ], [ -75.194317037232736, 1.095338626774321 ], [ -75.194478862571941, 1.093052885068573 ], [ -75.195751864378906, 1.09314159107862 ], [ -75.190041987321365, 1.088820868086884 ], [ -75.193045056811059, 1.089214927874991 ], [ -75.196572297279999, 1.086696050709349 ], [ -75.197787060362373, 1.084778561969642 ], [ -75.196928117552659, 1.081029655739485 ], [ -75.195198687674292, 1.082167483446312 ], [ -75.194748295388138, 1.080359590156945 ], [ -75.193810645723715, 1.082388751253575 ], [ -75.191299250632028, 1.080936775254941 ], [ -75.193861854227293, 1.078400192280924 ], [ -75.186555923861249, 1.078308142738706 ], [ -75.188728684363696, 1.076191391340558 ], [ -75.186097058658561, 1.074538241965342 ], [ -75.1900849744369, 1.071351571058301 ], [ -75.189985038578527, 1.068981623905643 ], [ -75.188303182617233, 1.068718449657013 ], [ -75.192866093399232, 1.063697952874293 ], [ -75.199210960392691, 1.061124750048521 ], [ -75.195867304273122, 1.061382256821503 ], [ -75.194773450931052, 1.058983047025151 ], [ -75.195800990585951, 1.058035279627632 ], [ -75.19268208863798, 1.056218976303853 ], [ -75.192302427058678, 1.054501240703189 ], [ -75.194372361820228, 1.055637074148535 ], [ -75.198198976875972, 1.053413770794691 ], [ -75.193633530147906, 1.042981542644952 ], [ -75.195618103329878, 1.041529838836084 ], [ -75.194650127415628, 1.040543754667965 ], [ -75.197225385588411, 1.039998445414881 ], [ -75.197998963225302, 1.036248759446437 ], [ -75.204358608415305, 1.034466534638455 ], [ -75.208677974949865, 1.036557035446492 ], [ -75.20897487916767, 1.033998838989476 ], [ -75.206996351652435, 1.032469167640045 ], [ -75.207001208847032, 1.029607476020772 ], [ -75.208680854052659, 1.029480242135776 ], [ -75.208094102787584, 1.025702923967174 ], [ -75.217199392441046, 1.022899513293339 ], [ -75.214581968213508, 1.019266600320066 ], [ -75.214426262202949, 1.015367198312106 ], [ -75.212458810923977, 1.014516433771234 ], [ -75.21548323877488, 1.012669638907482 ], [ -75.213909167258805, 1.010293362220295 ], [ -75.218350399341944, 1.006062440285802 ], [ -75.217436669137726, 1.002104892978082 ], [ -75.219484654446092, 1.00116559131061 ], [ -75.218332553396294, 0.995353296347616 ], [ -75.221229676395239, 0.992473183860398 ], [ -75.223290797778475, 0.995253078417988 ], [ -75.225631191233106, 0.986175473067021 ], [ -75.222608751355494, 0.978759617568642 ], [ -75.223543081742264, 0.972260610329329 ], [ -75.222237196179776, 0.971243054558443 ], [ -75.223860262748815, 0.969953454566735 ], [ -75.223041284221267, 0.968317839421559 ], [ -75.22523089982684, 0.969522737197622 ], [ -75.227797223348716, 0.967420077682505 ], [ -75.225845115307038, 0.9647609922539 ], [ -75.226652973580769, 0.960465358329714 ], [ -75.222383442922933, 0.958741266244999 ], [ -75.223183722104579, 0.956629667587379 ], [ -75.220545034737313, 0.955632870102647 ], [ -75.221211022863486, 0.950624353262128 ], [ -75.217005414575567, 0.953344993099734 ], [ -75.215871572696813, 0.952187979159703 ], [ -75.217485197066367, 0.948217517661249 ], [ -75.215203997246249, 0.949307191138928 ], [ -75.212238949879577, 0.946477850573729 ], [ -75.211760001924404, 0.948469303957893 ], [ -75.210289497259964, 0.948273000352344 ], [ -75.211019917999579, 0.938596919814131 ], [ -75.208605705427715, 0.93851515599016 ], [ -75.207844052037387, 0.935155815273163 ], [ -75.205944985063923, 0.934146381177243 ], [ -75.208724980232887, 0.932203188921847 ], [ -75.205768977111745, 0.928987144878249 ], [ -75.203875585698711, 0.930161732574163 ], [ -75.203057748032563, 0.927429015776227 ], [ -75.202068771286861, 0.930075749359901 ], [ -75.201069116258907, 0.929554939879097 ], [ -75.202434166709793, 0.925102678272083 ], [ -75.200329966582729, 0.923457274177451 ], [ -75.201764908713358, 0.920336845092265 ], [ -75.20386510594426, 0.921573315082469 ], [ -75.204497868056592, 0.918106563619688 ], [ -75.202405459225361, 0.917398607068264 ], [ -75.205109413741582, 0.912887068283396 ], [ -75.211973811912173, 0.907859147817305 ], [ -75.212936054773706, 0.908581380406531 ], [ -75.21100207205393, 0.911435375254371 ], [ -75.214926101395008, 0.909028827114582 ], [ -75.218439367660267, 0.910168314011059 ], [ -75.220638314074165, 0.906550165759597 ], [ -75.222488740829476, 0.90706991163421 ], [ -75.22195370112496, 0.90342385809447 ], [ -75.223863059206508, 0.90347607720355 ], [ -75.2207828728815, 0.901662873968291 ], [ -75.221976548894077, 0.898646807642763 ], [ -75.224576894337815, 0.900121039420242 ], [ -75.224955707008462, 0.898074382721234 ], [ -75.22799665758555, 0.897603250115196 ], [ -75.235868422826968, 0.891378950603666 ], [ -75.23948502417835, 0.890823235258097 ], [ -75.244332625673792, 0.896498982595801 ], [ -75.245830700554563, 0.920407317084141 ], [ -75.251947670168761, 0.936271453676511 ], [ -75.256880575751552, 0.937648849684194 ], [ -75.275055647321949, 0.934738348065025 ], [ -75.288405224953635, 0.937124905978862 ], [ -75.294206519138925, 0.942337354924405 ], [ -75.298994589233018, 0.940881128094532 ] ] ] } },
{ "type": "Feature", "properties": { "cod_mun": "18479", "municipio": "Morelia" }, "geometry": { "type": "Polygon", "coordinates": [ [ [ -75.774007682291312, 1.583066854602805 ], [ -75.77032129975305, 1.577613002995179 ], [ -75.772040973021319, 1.576087445034716 ], [ -75.770240621993082, 1.57459042387859 ], [ -75.768982636436363, 1.569156068423126 ], [ -75.765547384424167, 1.566955429581924 ], [ -75.768056539115776, 1.566092565622853 ], [ -75.769669943397844, 1.560511957136043 ], [ -75.765971427305431, 1.559957349414105 ], [ -75.763799790596238, 1.556452583014845 ], [ -75.759763517569297, 1.559289943745284 ], [ -75.757574545157979, 1.558605875212947 ], [ -75.756934521059122, 1.555934725400391 ], [ -75.759518662678829, 1.555452945054867 ], [ -75.759782949042688, 1.552529364853058 ], [ -75.758529262826357, 1.550537415598455 ], [ -75.759522822780241, 1.548078062647562 ], [ -75.7569782447938, 1.54492061306172 ], [ -75.755167395146486, 1.543881586640111 ], [ -75.749922590655217, 1.544794757193472 ], [ -75.747881613109939, 1.541590628413303 ], [ -75.737343311806967, 1.534346282100614 ], [ -75.740443417390964, 1.53157547670429 ], [ -75.7389586097392, 1.528735802810161 ], [ -75.740271971087395, 1.524976213806156 ], [ -75.735981204239295, 1.516448286218917 ], [ -75.736771383654172, 1.514764826763553 ], [ -75.734727617736041, 1.513514183143513 ], [ -75.735436584892966, 1.511217243030444 ], [ -75.732473638687395, 1.501321858403855 ], [ -75.734583192777791, 1.492301775819612 ], [ -75.733381368140783, 1.488805072704793 ], [ -75.729502455822455, 1.486627040884002 ], [ -75.727376193054454, 1.487555071380655 ], [ -75.731496139725266, 1.492745009425619 ], [ -75.729842995739943, 1.498044680363193 ], [ -75.711583316277085, 1.500154368302674 ], [ -75.707652215392443, 1.502710866044083 ], [ -75.705082583372757, 1.508707681401688 ], [ -75.70307975281645, 1.501779952851393 ], [ -75.696583824106085, 1.495510070091086 ], [ -75.69550137129238, 1.488564801022562 ], [ -75.686698538347912, 1.492866354849184 ], [ -75.68199341695663, 1.490497026636262 ], [ -75.679812514117941, 1.494083011581665 ], [ -75.675012914137938, 1.492733703220438 ], [ -75.673888652799292, 1.49742310767499 ], [ -75.672013096552178, 1.496273636894443 ], [ -75.671520081866731, 1.492248386204778 ], [ -75.663547009038439, 1.496430160372597 ], [ -75.664578044939219, 1.488853378749354 ], [ -75.6605360038252, 1.485574711300785 ], [ -75.659648065171609, 1.481053888420035 ], [ -75.655726404689801, 1.481156858789859 ], [ -75.651196480071349, 1.478119699106287 ], [ -75.652957792082873, 1.473191165627441 ], [ -75.649422674280913, 1.474712758421106 ], [ -75.64997486912614, 1.463974521620912 ], [ -75.647306884979173, 1.46342204200954 ], [ -75.645945551759894, 1.466632440137118 ], [ -75.644078878061407, 1.466920789691642 ], [ -75.64016589531218, 1.461628822712044 ], [ -75.641434192638258, 1.458173445726459 ], [ -75.64042663781936, 1.455363894164464 ], [ -75.634562761551649, 1.453888776647375 ], [ -75.635119789336954, 1.447959891945686 ], [ -75.633501138889358, 1.441266755025538 ], [ -75.631086743959372, 1.441832302439764 ], [ -75.63326848582517, 1.446629718613508 ], [ -75.632209202377794, 1.448579331133374 ], [ -75.629224993032494, 1.445572191373913 ], [ -75.62690812018576, 1.438364337352084 ], [ -75.62253474329998, 1.440784089838758 ], [ -75.619931963419901, 1.440016282983834 ], [ -75.618511653060295, 1.436237399948766 ], [ -75.615337984379039, 1.436129684673858 ], [ -75.614347760770784, 1.430160518584387 ], [ -75.618553492128001, 1.429372460093589 ], [ -75.618650966600512, 1.427974413597724 ], [ -75.613145470806046, 1.427291420349661 ], [ -75.611703422995902, 1.424283695786471 ], [ -75.60741629342931, 1.424506432340365 ], [ -75.605360164886349, 1.421805739609567 ], [ -75.600229996296491, 1.422709385318399 ], [ -75.601758305798853, 1.408372949170143 ], [ -75.596735798584973, 1.394819016326494 ], [ -75.591382558369332, 1.393036486989388 ], [ -75.592840834258084, 1.386474965939669 ], [ -75.589193400904946, 1.384685595926214 ], [ -75.592856988674669, 1.382339374197386 ], [ -75.592241530823514, 1.377949663231789 ], [ -75.595055026891089, 1.376771866751142 ], [ -75.595362703714329, 1.374295362252894 ], [ -75.598516693885301, 1.375243761166473 ], [ -75.595295385709903, 1.369700363623394 ], [ -75.597812312631561, 1.36934353364353 ], [ -75.599698815757506, 1.373755777967688 ], [ -75.601975428776086, 1.373023516578598 ], [ -75.602376762228857, 1.371307107790642 ], [ -75.599721298810323, 1.367828337758112 ], [ -75.60304435205245, 1.362182845703273 ], [ -75.597185384183376, 1.361155918699865 ], [ -75.597658081655879, 1.355744099297908 ], [ -75.593957368282474, 1.35473571802828 ], [ -75.588002224007482, 1.349660368274044 ], [ -75.588593405767085, 1.34402886210097 ], [ -75.583928378913811, 1.345645964750076 ], [ -75.586039037932835, 1.340219176708558 ], [ -75.590861022150932, 1.339292487397699 ], [ -75.583890308281696, 1.332215245827342 ], [ -75.579316216160464, 1.331726959877301 ], [ -75.579501375257735, 1.329948639150643 ], [ -75.583958751876082, 1.327568726978598 ], [ -75.576368576361233, 1.326695429977519 ], [ -75.575808517657777, 1.321906687942999 ], [ -75.571083981861079, 1.322851818783022 ], [ -75.567899275571165, 1.321787847922735 ], [ -75.568635138309105, 1.217228476578782 ], [ -75.573094934092353, 1.21885728608197 ], [ -75.577289467042306, 1.227615941642227 ], [ -75.588947959414156, 1.224114297789356 ], [ -75.58981671991944, 1.230478325863146 ], [ -75.591626506858972, 1.232383074685288 ], [ -75.596738992098381, 1.231886379599246 ], [ -75.593383743210779, 1.227165250216785 ], [ -75.594391648372891, 1.222277341282449 ], [ -75.602198077294986, 1.225436774350044 ], [ -75.607875051732378, 1.21830162643198 ], [ -75.613894589094855, 1.220561537959497 ], [ -75.619073925214366, 1.217065922705331 ], [ -75.62243300721633, 1.220247572924222 ], [ -75.619143672265238, 1.22355961101556 ], [ -75.619998325616052, 1.227280144833173 ], [ -75.622705242778466, 1.227041958142422 ], [ -75.627513224046709, 1.229530226088741 ], [ -75.634710479736384, 1.228072237661138 ], [ -75.641101014420371, 1.232592546705121 ], [ -75.645081929622165, 1.232367460156581 ], [ -75.647341488111465, 1.229007847249875 ], [ -75.647932449783696, 1.234976341398976 ], [ -75.645958183879486, 1.238132782175967 ], [ -75.647610128612996, 1.237750952960141 ], [ -75.648215289067878, 1.239377876898061 ], [ -75.646229970283628, 1.240967512637155 ], [ -75.645692594059142, 1.245870929200578 ], [ -75.643968688824202, 1.247460699687053 ], [ -75.646302070922445, 1.250291183808486 ], [ -75.648384223679841, 1.250118381047798 ], [ -75.647313516347879, 1.252390244669698 ], [ -75.648832235428642, 1.256660898222549 ], [ -75.650970487121981, 1.257965748026663 ], [ -75.654500631846531, 1.256388924070393 ], [ -75.655329332848112, 1.262142290402096 ], [ -75.659772876298348, 1.263556052936394 ], [ -75.658522800414005, 1.267861085042568 ], [ -75.659388052096972, 1.271940036164381 ], [ -75.66070701803875, 1.272072327568424 ], [ -75.656077807942665, 1.284137725647213 ], [ -75.65896512672083, 1.284713436608627 ], [ -75.663036902094461, 1.292322491132495 ], [ -75.670711807672717, 1.2954962846797 ], [ -75.677639946753402, 1.295296819001749 ], [ -75.683939652706613, 1.292597250962558 ], [ -75.69048609911556, 1.295076680377747 ], [ -75.704572179984496, 1.295244749013136 ], [ -75.707046462048993, 1.30271420433229 ], [ -75.702619277831445, 1.312779153290478 ], [ -75.701894364667282, 1.321501630072078 ], [ -75.709253240880059, 1.322354107701585 ], [ -75.713440404045571, 1.320423500853337 ], [ -75.7184179568319, 1.320979084146472 ], [ -75.723270827848978, 1.322077749767345 ], [ -75.728287169920179, 1.327384694369584 ], [ -75.733206453439152, 1.328052319227481 ], [ -75.738702974158457, 1.326609115284668 ], [ -75.741972656650432, 1.322814486566699 ], [ -75.748007866033845, 1.335879370790053 ], [ -75.754562576949979, 1.33470074516373 ], [ -75.756720561950885, 1.335950733911375 ], [ -75.75649695942036, 1.339712869641289 ], [ -75.752646227274965, 1.347175156398748 ], [ -75.736605287720749, 1.418659943877174 ], [ -75.737076896434189, 1.42183422700657 ], [ -75.742346861858323, 1.424911421040974 ], [ -75.748708282120731, 1.423466103360568 ], [ -75.748266724772407, 1.426034555891363 ], [ -75.758401551037252, 1.427462772330045 ], [ -75.759784539062025, 1.435213965597995 ], [ -75.762869829618523, 1.435676244401463 ], [ -75.76564628362587, 1.442797762170869 ], [ -75.767911038873251, 1.442031586657833 ], [ -75.767346832644819, 1.443885035348217 ], [ -75.769815802068479, 1.446253448177117 ], [ -75.767800893653543, 1.449977966924507 ], [ -75.777230169955544, 1.456052508175731 ], [ -75.776150254884556, 1.456996484679678 ], [ -75.776932831851127, 1.463066009734348 ], [ -75.778200871360525, 1.461425502360157 ], [ -75.77973720012983, 1.462489074368193 ], [ -75.777647587756348, 1.464660445175809 ], [ -75.77926332227014, 1.470435274971692 ], [ -75.776342121707444, 1.470150183609292 ], [ -75.774321756921097, 1.47426982215768 ], [ -75.770133075601564, 1.47463338681257 ], [ -75.769121745160533, 1.478647335788651 ], [ -75.7694601201365, 1.481823749723617 ], [ -75.770798070190267, 1.481057055882218 ], [ -75.772813030707539, 1.486206328060177 ], [ -75.77179009222715, 1.489972313074134 ], [ -75.773712070750207, 1.493621982335753 ], [ -75.770871028720819, 1.496619387044746 ], [ -75.771243351058388, 1.501885755611568 ], [ -75.775828812266923, 1.505206422926449 ], [ -75.774582842585005, 1.509102156211839 ], [ -75.775892098629129, 1.510588724562979 ], [ -75.777277983722968, 1.509816657893623 ], [ -75.778692897898338, 1.512846143263573 ], [ -75.778276364938847, 1.517805055992881 ], [ -75.780797508555793, 1.518614942664158 ], [ -75.779610452233783, 1.519691314776821 ], [ -75.781314375327668, 1.522697501423067 ], [ -75.784041681568283, 1.523237392033991 ], [ -75.782916934240689, 1.525927921217601 ], [ -75.783985511665435, 1.527740647447047 ], [ -75.782398428042143, 1.52843939895439 ], [ -75.784376472263375, 1.529822088738229 ], [ -75.784181219687525, 1.528404598192537 ], [ -75.786445553624731, 1.528047141188154 ], [ -75.78687255915213, 1.529482713936602 ], [ -75.795125867046579, 1.531084482331551 ], [ -75.795927405667271, 1.532287043587701 ], [ -75.794446980899295, 1.533488228623696 ], [ -75.796352722360609, 1.536575314913932 ], [ -75.804125936048649, 1.536149391857293 ], [ -75.808548616109761, 1.533855521289979 ], [ -75.778891130188413, 1.582606190971489 ], [ -75.776408129967137, 1.579782251082065 ], [ -75.774007682291312, 1.583066854602805 ] ] ] } },
{ "type": "Feature", "properties": { "cod_mun": "18592", "municipio": "Puerto Rico" }, "geometry": { "type": "Polygon", "coordinates": [ [ [ -75.056210557925738, 2.628726375079395 ], [ -75.049378718320213, 2.622968108433952 ], [ -75.049342694950269, 2.610440305787449 ], [ -75.039330293884859, 2.605327899599843 ], [ -75.037276181163065, 2.602153364043659 ], [ -75.037578386343569, 2.597775853107635 ], [ -75.033746842227913, 2.593339350658255 ], [ -75.028742275282866, 2.590314203256241 ], [ -75.018845186550777, 2.591415954592549 ], [ -74.997305149008639, 2.586536007432869 ], [ -74.979935950433628, 2.566485931181376 ], [ -74.987697370130888, 2.559633229983376 ], [ -74.984376554593894, 2.551581730574981 ], [ -74.986492910733034, 2.547622893285563 ], [ -74.996228162447835, 2.539655427745686 ], [ -75.002004575076512, 2.526658494839523 ], [ -75.008328753852481, 2.524044173395509 ], [ -75.005838919243104, 2.513686463252952 ], [ -75.011391247843903, 2.509503541935601 ], [ -75.010021839662159, 2.497303359625903 ], [ -75.015627857017023, 2.489748319046441 ], [ -75.01196391081919, 2.47255441605904 ], [ -75.009623464363926, 2.470786632579063 ], [ -75.012163095324183, 2.465931455584837 ], [ -75.012415590392209, 2.455424601630057 ], [ -75.010768791212797, 2.450245505360897 ], [ -75.005963410569336, 2.449872029585606 ], [ -75.002900915679618, 2.45221247065092 ], [ -74.996701230924771, 2.449249570259497 ], [ -74.990318013922945, 2.441085402261763 ], [ -74.983169308619779, 2.435094407991869 ], [ -74.984266793853408, 2.431440585815324 ], [ -74.98883741488163, 2.42944415126891 ], [ -74.989709427290848, 2.423899532914334 ], [ -74.992479661358175, 2.419527219634745 ], [ -74.993184412718051, 2.412870530987959 ], [ -74.990775595432069, 2.407263909066444 ], [ -74.995245825155678, 2.404735804398797 ], [ -74.99747256905988, 2.399378220825326 ], [ -74.997037265787526, 2.393535112725203 ], [ -74.993729702208157, 2.390594025242876 ], [ -74.992875840273769, 2.387647357421599 ], [ -74.995554630263882, 2.376580605561912 ], [ -74.993560188182357, 2.370429855672853 ], [ -74.994916324643555, 2.367818035140544 ], [ -74.998469907330843, 2.366913942070369 ], [ -75.002437864324349, 2.360083030425301 ], [ -75.009532439800296, 2.354447789952644 ], [ -75.010461675837007, 2.349372055719073 ], [ -75.003279168699407, 2.352762398219511 ], [ -74.994677745388685, 2.347588987392385 ], [ -74.987218988114762, 2.34672256610196 ], [ -74.985224547829887, 2.342802742676383 ], [ -74.984465380978293, 2.333719450985086 ], [ -74.995295645761075, 2.322277043137206 ], [ -74.994967597825848, 2.310103721374162 ], [ -74.989169665139059, 2.298696666752448 ], [ -74.999102979362192, 2.291134542951397 ], [ -75.003891316256158, 2.284186429814383 ], [ -75.001603881224696, 2.282200359139665 ], [ -74.999164904775625, 2.273284219801496 ], [ -75.001816676115425, 2.272035625240278 ], [ -75.002055256268591, 2.26359743582816 ], [ -75.006851962772714, 2.256452604063611 ], [ -75.005332586124666, 2.251580553999929 ], [ -75.000134060178766, 2.245427711034608 ], [ -75.003047245966115, 2.242665209671429 ], [ -75.004133431282753, 2.239685988674921 ], [ -75.003120485669626, 2.237682285853737 ], [ -75.005505881162549, 2.233461970336236 ], [ -75.009243120064468, 2.230475941901091 ], [ -75.007065092735331, 2.229446328034555 ], [ -75.006299867640621, 2.222785451438597 ], [ -75.00764145497584, 2.212662555708505 ], [ -75.00346423796509, 2.21113802272663 ], [ -75.003433746425117, 2.206208705916254 ], [ -75.00503337682801, 2.204550349003171 ], [ -75.009171068833098, 2.204261252948015 ], [ -75.013970100178994, 2.200385694043348 ], [ -75.01801773331016, 2.187533888578628 ], [ -75.020800003913564, 2.187061282734362 ], [ -75.023955785326621, 2.18166444005675 ], [ -75.024336918347501, 2.178043676807363 ], [ -75.022476990103826, 2.175695894703665 ], [ -75.025794532177315, 2.167229523322021 ], [ -75.02391526588508, 2.160851751911764 ], [ -75.025888498725863, 2.158091578085362 ], [ -75.026268115389371, 2.150459421568883 ], [ -75.022063187126605, 2.1494185940237 ], [ -75.019211332067528, 2.146275309084558 ], [ -75.014359468961004, 2.147318871103607 ], [ -75.01303218461311, 2.144407076807738 ], [ -75.008947442946351, 2.142925460872732 ], [ -75.003910966020328, 2.138252528838677 ], [ -75.005351431896031, 2.135934071362499 ], [ -75.004061444730098, 2.128394145848063 ], [ -75.005856307047623, 2.124733542284105 ], [ -75.002622552704054, 2.120231956840485 ], [ -75.001146509023215, 2.113511082617208 ], [ -74.998732017973339, 2.111453278714919 ], [ -74.991996140076196, 2.112976050997474 ], [ -74.987633594186434, 2.109326876707939 ], [ -74.977714550611324, 2.105365177383703 ], [ -74.968437419395286, 2.10825850409924 ], [ -74.969296064862419, 2.103974968694956 ], [ -74.965562322206324, 2.102954614669727 ], [ -74.965118894564114, 2.096604089183757 ], [ -74.960982150282405, 2.08594168911867 ], [ -74.949276225029166, 2.09437616399407 ], [ -74.946792453154444, 2.098469789107753 ], [ -74.942100883758314, 2.098446793116466 ], [ -74.938517043991453, 2.094242013075871 ], [ -74.939632585376671, 2.088779740654047 ], [ -74.937223116811595, 2.083845569344021 ], [ -74.941359282577764, 2.080349583085365 ], [ -74.940969429603456, 2.075179211261229 ], [ -74.945021099766677, 2.069866277586186 ], [ -74.942030927399799, 2.065480224563373 ], [ -74.945343019390123, 2.063538877449048 ], [ -74.945427573383597, 2.060356431322134 ], [ -74.946854659740779, 2.059376444923032 ], [ -74.945239142619471, 2.055884849632946 ], [ -74.948090852151381, 2.051860674227555 ], [ -74.946488906788147, 2.04806520019423 ], [ -74.950848961647637, 2.045968793856844 ], [ -74.950269016922903, 2.04460159193917 ], [ -74.952027883718245, 2.045496046078654 ], [ -74.955455168565891, 2.041254939037401 ], [ -74.953591962367113, 2.039052429003959 ], [ -74.956578824439532, 2.033115917599389 ], [ -74.948521498553532, 2.032669372800683 ], [ -74.948600129949682, 2.034519591146704 ], [ -74.943762217690619, 2.03609395012387 ], [ -74.943544679691399, 2.037826990334224 ], [ -74.93495872538216, 2.040238966997606 ], [ -74.93216288930887, 2.033731935999811 ], [ -74.927528220146485, 2.028816060691724 ], [ -74.92273271558912, 2.026389327391428 ], [ -74.92411977388366, 2.021093105088937 ], [ -74.920613298887417, 2.019114735677306 ], [ -74.920517285974995, 2.013103769147733 ], [ -74.917366526148385, 2.006339282580996 ], [ -74.918780295869169, 2.004604954185481 ], [ -74.918896217260794, 1.999359298090667 ], [ -74.917525646658078, 1.997436694339626 ], [ -74.919360593632121, 1.995306196910008 ], [ -74.919707611306308, 1.985836028365384 ], [ -74.922965763014076, 1.974221194151141 ], [ -74.922273617722624, 1.971411896812583 ], [ -74.917430926422412, 1.962812047351463 ], [ -74.905856814669107, 1.95761821959826 ], [ -74.901598769879627, 1.953297121110381 ], [ -74.901237094383305, 1.948747588948606 ], [ -74.897208070766453, 1.940262787715938 ], [ -74.899753100605835, 1.934223121786829 ], [ -74.895969760126775, 1.930025752853226 ], [ -74.889772692166446, 1.928190714250945 ], [ -74.878599337147023, 1.916792767655181 ], [ -74.883383480701923, 1.910469347956166 ], [ -74.883497696191398, 1.908242171063705 ], [ -74.881575090643764, 1.905539104981983 ], [ -74.876366450558066, 1.903729130294437 ], [ -74.876729319018068, 1.90010521126095 ], [ -74.87068142900597, 1.889887886349584 ], [ -74.869460372321669, 1.884565000231646 ], [ -74.8639948183515, 1.876789846181055 ], [ -74.861690680930678, 1.868739906249232 ], [ -74.85803282711197, 1.864345202443303 ], [ -74.858822023769164, 1.86109694119466 ], [ -74.855549418156897, 1.854010411935178 ], [ -74.859339434920514, 1.848087129132068 ], [ -74.857874195286172, 1.841460363391263 ], [ -74.856037025878379, 1.840713493587373 ], [ -74.856796197221513, 1.815581017597594 ], [ -74.853965928695914, 1.813871554589014 ], [ -74.848616291625774, 1.800559181612755 ], [ -74.843990225635764, 1.797337147598057 ], [ -74.835852538197059, 1.797717396675978 ], [ -74.833550923247515, 1.794936978400187 ], [ -74.833296370137589, 1.789803141986056 ], [ -74.843870640013165, 1.784887222660529 ], [ -74.843086993152269, 1.778536601054725 ], [ -74.845681714239504, 1.774297068761371 ], [ -74.847469009143026, 1.774216647919786 ], [ -74.850509388391117, 1.766640570576328 ], [ -74.848698397708176, 1.76412855564655 ], [ -74.849642971592289, 1.762760806654455 ], [ -74.846717222855659, 1.759883754729856 ], [ -74.847036773619834, 1.756373715215659 ], [ -74.844323321208549, 1.750749286874395 ], [ -74.839982076187766, 1.748823845343168 ], [ -74.839099893943114, 1.745723419060312 ], [ -74.834950981971247, 1.743114795634654 ], [ -74.835434513134658, 1.739324751023275 ], [ -74.832024589142065, 1.738482739673543 ], [ -74.828670616761485, 1.734819837318923 ], [ -74.825092077957379, 1.735265046321786 ], [ -74.820169965641298, 1.732611992186719 ], [ -74.814984579363568, 1.733703102071729 ], [ -74.815511624055716, 1.732147730799852 ], [ -74.812514063938011, 1.727770454324286 ], [ -74.814147268901422, 1.725817500967253 ], [ -74.812385150202147, 1.725131509140397 ], [ -74.81263141544872, 1.722797758732611 ], [ -74.815178319175288, 1.723584804821257 ], [ -74.813501923178592, 1.715308632988013 ], [ -74.809154762746971, 1.714773171973263 ], [ -74.807287312005087, 1.71106592065604 ], [ -74.805261823224328, 1.711789261767251 ], [ -74.8058793705585, 1.710087887195868 ], [ -74.802788424204437, 1.710101028660631 ], [ -74.803550892367355, 1.708078990311606 ], [ -74.799836504827795, 1.70677643031496 ], [ -74.802698638418576, 1.705270398151072 ], [ -74.801361645071324, 1.7032515524171 ], [ -74.802975774294453, 1.699961411676554 ], [ -74.801677597181595, 1.696021375242651 ], [ -74.804859577082482, 1.691126921177897 ], [ -74.803256077632568, 1.691684901178178 ], [ -74.803364463949549, 1.688716502194495 ], [ -74.800214595252442, 1.687564040919995 ], [ -74.795272513371685, 1.681674526713607 ], [ -74.796783303915447, 1.674168800987673 ], [ -74.79811629167159, 1.673610929683662 ], [ -74.79484689304752, 1.668092402917296 ], [ -74.797866664028277, 1.666071901586974 ], [ -74.799310385401157, 1.661636246249543 ], [ -74.795176786123761, 1.650451170901306 ], [ -74.801738742856742, 1.642653634409271 ], [ -74.802053803837566, 1.634107036222304 ], [ -74.807844330807256, 1.624787206250119 ], [ -74.807401641580725, 1.621887910224757 ], [ -74.803488798070475, 1.619757678696715 ], [ -74.802460198402684, 1.616660377655251 ], [ -74.804058737351625, 1.614119562714507 ], [ -74.811040077400833, 1.612420627071117 ], [ -74.812766791669901, 1.608438277258642 ], [ -74.810561161785017, 1.603016099374884 ], [ -74.802291298825025, 1.596439290783451 ], [ -74.798796360901122, 1.585552060189855 ], [ -74.794940431099349, 1.583145284776151 ], [ -74.786038890294435, 1.58453975327933 ], [ -74.782257883640341, 1.58098350079689 ], [ -74.782385362765581, 1.576667380776314 ], [ -74.788931934040477, 1.565020986924367 ], [ -74.79268106125636, 1.554298285601135 ], [ -74.794831538132144, 1.552871690622794 ], [ -74.801677554960747, 1.553356147950012 ], [ -74.804372222686141, 1.548942216588387 ], [ -74.803241817764388, 1.546827657979577 ], [ -74.793643955396988, 1.544124972783891 ], [ -74.790825259876385, 1.540754301607194 ], [ -74.797151042146481, 1.523885517146539 ], [ -74.795353386964507, 1.512762255820576 ], [ -74.801613375672446, 1.504811036325577 ], [ -74.798405064332997, 1.493604286408868 ], [ -74.80260743688666, 1.486390985897117 ], [ -74.800210866342695, 1.482351324422211 ], [ -74.793229750872513, 1.483781067998109 ], [ -74.790707520293211, 1.48036653923765 ], [ -74.794324301307768, 1.476273866338943 ], [ -74.804860777232648, 1.477647528945283 ], [ -74.808786536730338, 1.474587163064484 ], [ -74.807519647963773, 1.470524552310735 ], [ -74.79623034190837, 1.460906389798311 ], [ -74.797223854251513, 1.44809155093526 ], [ -74.794039031180489, 1.440079688822095 ], [ -74.802161233447976, 1.437606420058046 ], [ -74.804943628019032, 1.435282183715003 ], [ -74.803514763894441, 1.429700050785982 ], [ -74.799250901610549, 1.423650335395735 ], [ -74.79856479929083, 1.418634782046013 ], [ -74.801618890434384, 1.415092996044393 ], [ -74.808102063057504, 1.414084568960675 ], [ -74.813069466669674, 1.410588561142447 ], [ -74.813202281791973, 1.407023156616503 ], [ -74.809564022940151, 1.402340274834444 ], [ -74.810886332414043, 1.398078431066608 ], [ -74.813750312942489, 1.397134220102146 ], [ -74.816924562834174, 1.398784477798131 ], [ -74.820802843636329, 1.407342235764759 ], [ -74.824066512800982, 1.408210758216342 ], [ -74.826121232784431, 1.405263092365942 ], [ -74.823305792761062, 1.396942953354369 ], [ -74.823832237378099, 1.393410449651981 ], [ -74.827062926667452, 1.391447798075376 ], [ -74.835520311295795, 1.393070307688504 ], [ -74.837299418947282, 1.387930165994362 ], [ -74.853331663700942, 1.394632967896371 ], [ -74.859585429773972, 1.392869183719256 ], [ -74.86633858588101, 1.388058698844304 ], [ -74.869914510585602, 1.387884895359548 ], [ -74.874317937938201, 1.391905563739328 ], [ -74.875002844599351, 1.394428275815983 ], [ -74.871104976016795, 1.406446295810611 ], [ -74.876258443330414, 1.412285780103957 ], [ -74.882676062241785, 1.410505351029656 ], [ -74.889237806972233, 1.410911955800714 ], [ -74.910053220607949, 1.400357340180904 ], [ -74.911469551427672, 1.406005731101459 ], [ -74.90645244039797, 1.415335807265933 ], [ -74.906725241899153, 1.417487825651961 ], [ -74.92426153264006, 1.420425266869586 ], [ -74.928667724110994, 1.422819182889782 ], [ -74.928984448773008, 1.426891752374786 ], [ -74.91785014983833, 1.432650550823325 ], [ -74.91631509038956, 1.439980461735047 ], [ -74.918375169726232, 1.443363401213333 ], [ -74.927207728845474, 1.441983315647576 ], [ -74.932581382393892, 1.444705652404082 ], [ -74.928483119274688, 1.448750501653933 ], [ -74.919288065394937, 1.450289575676948 ], [ -74.918336702038459, 1.453764668902068 ], [ -74.920805223202478, 1.455806673222526 ], [ -74.928807128381152, 1.456433297141587 ], [ -74.933402993885579, 1.461695947578505 ], [ -74.931285727752311, 1.464400863292838 ], [ -74.922060520997718, 1.465592227040077 ], [ -74.920469467715975, 1.468627746398624 ], [ -74.922697048850694, 1.470474307700215 ], [ -74.929365762355417, 1.47039239475572 ], [ -74.932478355430135, 1.47203839712887 ], [ -74.93356705423497, 1.475674623989903 ], [ -74.930190366137708, 1.481682762620665 ], [ -74.938728756411422, 1.485432875289234 ], [ -74.932656974786937, 1.50488925719128 ], [ -74.933044316069754, 1.511584565341195 ], [ -74.935515745980922, 1.513006487279711 ], [ -74.942968588742303, 1.51139125672114 ], [ -74.94639281931552, 1.514721417439489 ], [ -74.942527194887475, 1.515937429181122 ], [ -74.94003700723988, 1.518824509905471 ], [ -74.939633770255512, 1.521172241703482 ], [ -74.942897770898753, 1.525350493574251 ], [ -74.939765874809837, 1.534525550939861 ], [ -74.942952863720734, 1.536637420888894 ], [ -74.94904184180831, 1.529144078449008 ], [ -74.954872237838742, 1.530127126309083 ], [ -74.960044156563015, 1.537971601608717 ], [ -74.960466282437949, 1.54797221766654 ], [ -74.962521021286022, 1.553786346990819 ], [ -74.972338215589673, 1.558425814058978 ], [ -74.974733801579305, 1.561150872712972 ], [ -74.978909516605711, 1.577568344113558 ], [ -74.970414805150938, 1.587654865232139 ], [ -74.972795067666198, 1.588578343063318 ], [ -74.984140339706755, 1.583267385683484 ], [ -74.98696893017808, 1.585860731448918 ], [ -74.985949557113884, 1.588366692627176 ], [ -74.981407425279315, 1.589810239726717 ], [ -74.97933021236156, 1.592248776899282 ], [ -74.979869202859902, 1.596354812248478 ], [ -74.983000521331633, 1.600252545185299 ], [ -74.978749166301384, 1.610165538602189 ], [ -74.979527028007283, 1.613222885242919 ], [ -74.983759628894347, 1.613648345666832 ], [ -74.98923359469552, 1.610461602894532 ], [ -74.992779091640557, 1.611373681993939 ], [ -74.993543971781889, 1.615171198797839 ], [ -74.990469434966201, 1.625044541444765 ], [ -74.990947765778344, 1.627717189648365 ], [ -74.993151570285136, 1.629136565759325 ], [ -74.997417839157549, 1.629108676640783 ], [ -75.007619932222838, 1.624203272104012 ], [ -75.014464851309299, 1.625672530804138 ], [ -75.014262210084325, 1.629650091693975 ], [ -75.006376483215604, 1.633396776388679 ], [ -75.010729638109922, 1.645941364069643 ], [ -75.012939356230902, 1.647251980164185 ], [ -75.022683239864136, 1.647320665405516 ], [ -75.03262946827806, 1.657317098904059 ], [ -75.033508816335711, 1.660602580977809 ], [ -75.031898107001609, 1.663144999412566 ], [ -75.024265248900406, 1.664143395001531 ], [ -75.02216127874226, 1.666808365298266 ], [ -75.029135178938304, 1.670386880746207 ], [ -75.031150867091526, 1.673578101623775 ], [ -75.028319399314057, 1.680611992260651 ], [ -75.027726805401755, 1.690024393696604 ], [ -75.030617423694537, 1.69464714759556 ], [ -75.034913939765033, 1.717343242371157 ], [ -75.03883220101909, 1.722806189428297 ], [ -75.045196422230788, 1.724302713815632 ], [ -75.046243909890791, 1.727762601245843 ], [ -75.050235586019994, 1.728903616177888 ], [ -75.050961156751498, 1.731572476182919 ], [ -75.05472275439007, 1.732537288228173 ], [ -75.055309002598221, 1.729787339932784 ], [ -75.053969151707804, 1.72770893405135 ], [ -75.056232490310833, 1.727875640839727 ], [ -75.059581636039525, 1.724360783656834 ], [ -75.060487674862202, 1.726510019059845 ], [ -75.064412038376815, 1.726440765184464 ], [ -75.065556204601421, 1.724335188837358 ], [ -75.067465736057954, 1.72498645536092 ], [ -75.068882806191766, 1.722244575739808 ], [ -75.071780740370059, 1.722514843091574 ], [ -75.07320794979654, 1.719715263735452 ], [ -75.074653000677074, 1.721590221704162 ], [ -75.076542691926477, 1.719837527238042 ], [ -75.076132613367406, 1.721683934927569 ], [ -75.07966642771288, 1.723549580054282 ], [ -75.087073589309, 1.719534049143761 ], [ -75.089777168329135, 1.71932552035571 ], [ -75.092103830125325, 1.72135219221866 ], [ -75.093650418561708, 1.719976630572319 ], [ -75.09963979406615, 1.719934187836259 ], [ -75.104195488675714, 1.714877482630527 ], [ -75.112644905241154, 1.715062379419578 ], [ -75.112910967575715, 1.717225173105987 ], [ -75.116260957721465, 1.715334279909825 ], [ -75.117233330892475, 1.717682762700008 ], [ -75.123037320924084, 1.714856250033563 ], [ -75.127877683789166, 1.710080694379656 ], [ -75.131334294162627, 1.710294254635585 ], [ -75.132368181318384, 1.712282997800401 ], [ -75.137519744202109, 1.710009887315891 ], [ -75.142520257047067, 1.713614372181041 ], [ -75.147063649218978, 1.70945182377227 ], [ -75.153657410829965, 1.709548221163914 ], [ -75.157151429776604, 1.710540098571926 ], [ -75.161097510978891, 1.716528608099793 ], [ -75.166408885177304, 1.716869538784749 ], [ -75.168131678297073, 1.711414409771805 ], [ -75.17039716387535, 1.71287051892233 ], [ -75.177598733278501, 1.710522495171631 ], [ -75.180557026207111, 1.712198957643636 ], [ -75.184573115870251, 1.711840328336848 ], [ -75.186119761798807, 1.713001825772039 ], [ -75.186442907623587, 1.720355560024075 ], [ -75.191052158036427, 1.719534223417043 ], [ -75.194412029658167, 1.721461077999379 ], [ -75.192954223588686, 1.723096078696415 ], [ -75.194508047960426, 1.725716922812921 ], [ -75.192520734016398, 1.724651316119207 ], [ -75.191967538447159, 1.725661703328456 ], [ -75.195105923970857, 1.728190143966231 ], [ -75.196637524903053, 1.735198658972763 ], [ -75.195631900565274, 1.739352141576433 ], [ -75.201484514645301, 1.74204850262754 ], [ -75.204013284066775, 1.741179893039316 ], [ -75.207224392762271, 1.745994773374434 ], [ -75.211897870972507, 1.7492911735809 ], [ -75.214657322552853, 1.748946290305526 ], [ -75.220639445053962, 1.757828269381207 ], [ -75.218680823322984, 1.759461170713791 ], [ -75.221746137128264, 1.762357272327449 ], [ -75.227035140563373, 1.762711116304899 ], [ -75.233380648954494, 1.773732720599014 ], [ -75.245413175854196, 1.775919122029961 ], [ -75.250140392225831, 1.778599894603474 ], [ -75.253721350194951, 1.783089933093208 ], [ -75.253661453179006, 1.78583653066994 ], [ -75.260748707379548, 1.794072263910152 ], [ -75.278988537652083, 1.791273243306591 ], [ -75.281613179848648, 1.797173898428014 ], [ -75.289956049848286, 1.800203696411927 ], [ -75.29862521606691, 1.79590873802141 ], [ -75.31562930039189, 1.801459577214246 ], [ -75.318413762886337, 1.804406266595151 ], [ -75.326669904069433, 1.804624634638344 ], [ -75.31943075002323, 1.810369065420787 ], [ -75.31966766020696, 1.815811457211225 ], [ -75.317218783417275, 1.818885571818385 ], [ -75.319194384218974, 1.822485069233096 ], [ -75.317844031116181, 1.828055818701785 ], [ -75.323074299057964, 1.839093477699521 ], [ -75.315239207567231, 1.844212665274597 ], [ -75.311639216977028, 1.866704917776758 ], [ -75.305781474410935, 1.871123029901014 ], [ -75.304158188652821, 1.893338196832929 ], [ -75.299107601877381, 1.909010597756605 ], [ -75.30121768058433, 1.91246059921923 ], [ -75.299840590902477, 1.914553544345097 ], [ -75.300973023323422, 1.918035450398804 ], [ -75.29848827228426, 1.933196770603956 ], [ -75.302654625959633, 1.941371203658662 ], [ -75.303934437001885, 1.950312881222374 ], [ -75.30113542717811, 1.955996754726641 ], [ -75.300012374972823, 1.963824692028766 ], [ -75.301972426822886, 1.970219933888586 ], [ -75.294593952948219, 1.975850401608341 ], [ -75.297104986916906, 1.990431247980609 ], [ -75.292143177118533, 1.997453323965431 ], [ -75.291063592627836, 2.001933499843801 ], [ -75.283333285206936, 2.002565866697068 ], [ -75.296475079652907, 2.016032925196953 ], [ -75.297583132675925, 2.025017677012897 ], [ -75.295627285843011, 2.044945434964575 ], [ -75.297530706954149, 2.048830991228044 ], [ -75.297455661635524, 2.054242621983633 ], [ -75.294045656794481, 2.057625975585609 ], [ -75.290820454419247, 2.064619471646893 ], [ -75.276936982435871, 2.078173461982715 ], [ -75.276883146357989, 2.081583649181937 ], [ -75.274666525576833, 2.083569194341806 ], [ -75.274965706127375, 2.087939337289981 ], [ -75.270429794232768, 2.093822224619203 ], [ -75.267468138009008, 2.107323974286373 ], [ -75.268538892053414, 2.11666336059784 ], [ -75.261459999378246, 2.133022152200681 ], [ -75.256701075146736, 2.139030289034849 ], [ -75.258426176938599, 2.148726597852715 ], [ -75.262233321893348, 2.155686522048427 ], [ -75.256403642719135, 2.163895657948501 ], [ -75.259080528279299, 2.174960152340077 ], [ -75.261757430907494, 2.179421645940636 ], [ -75.261876403878546, 2.1862625926737 ], [ -75.258604638191798, 2.191378436716661 ], [ -75.258366694944641, 2.201372166283988 ], [ -75.262471263343855, 2.212496149856065 ], [ -75.274190115364377, 2.218385316414128 ], [ -75.277699812620142, 2.228617000906695 ], [ -75.277818787387787, 2.238789189032332 ], [ -75.283767440431404, 2.248188068117543 ], [ -75.282696682793699, 2.254255694132155 ], [ -75.287753034961213, 2.260144857096918 ], [ -75.286682283611754, 2.270198074048153 ], [ -75.299437652158986, 2.272898685032203 ], [ -75.305378690177804, 2.272121266196109 ], [ -75.307970092885739, 2.269984556911368 ], [ -75.313908727909336, 2.271107497725495 ], [ -75.314772527913647, 2.272986264553992 ], [ -75.312685006819777, 2.278118683425419 ], [ -75.313620794275096, 2.280069434111681 ], [ -75.312368280361113, 2.287652890222773 ], [ -75.314391013108434, 2.289911969909667 ], [ -75.319602614043731, 2.290567022835205 ], [ -75.322402771915336, 2.293863861419823 ], [ -75.328296616903117, 2.293845868150356 ], [ -75.332510047726771, 2.296132941160465 ], [ -75.33141589704212, 2.302071571692409 ], [ -75.332877163424769, 2.311522996873748 ], [ -75.345539048717455, 2.31958514312339 ], [ -75.348710470710387, 2.323499110426951 ], [ -75.343417696144741, 2.330684853298749 ], [ -75.3337042447626, 2.358379840357259 ], [ -75.329624099778812, 2.365308384578498 ], [ -75.32554396108327, 2.364923467850588 ], [ -75.316382878819695, 2.358841741868048 ], [ -75.310147186864583, 2.361613165305755 ], [ -75.30387387433376, 2.371232910650974 ], [ -75.301651291429323, 2.378861416411155 ], [ -75.29436549412145, 2.382090873210984 ], [ -75.289823447626873, 2.389173376218139 ], [ -75.286282193428349, 2.396409861367545 ], [ -75.287898855004244, 2.402953487962577 ], [ -75.287129017056884, 2.409728069804544 ], [ -75.280970301799869, 2.418273274703381 ], [ -75.279544638375228, 2.422712472999137 ], [ -75.276143648135246, 2.424695236972639 ], [ -75.270535356244238, 2.422461940751532 ], [ -75.267995677673298, 2.430487220112525 ], [ -75.262932873800253, 2.434057516867369 ], [ -75.259525020425997, 2.441127649164912 ], [ -75.250589919433708, 2.444454098041547 ], [ -75.253344526395892, 2.452963432284207 ], [ -75.247884594985578, 2.457884378586073 ], [ -75.231097967811309, 2.480913321897617 ], [ -75.225693513702254, 2.50252700518206 ], [ -75.227900781217215, 2.506584129021746 ], [ -75.227499015674425, 2.511273472390826 ], [ -75.214063848290834, 2.510777339650531 ], [ -75.205689425840035, 2.5085396156299 ], [ -75.201180549663775, 2.511315235101677 ], [ -75.194461807144364, 2.511941423337475 ], [ -75.184353586304439, 2.50636256656685 ], [ -75.181112233105864, 2.507073242320757 ], [ -75.172631453633926, 2.523832734961957 ], [ -75.181160574184787, 2.528296592930189 ], [ -75.181393633287826, 2.531079013552358 ], [ -75.179729290895239, 2.534256079664715 ], [ -75.176248673925045, 2.536397116137664 ], [ -75.171018216438597, 2.546086844790807 ], [ -75.170458188277905, 2.550696282053366 ], [ -75.162467363827091, 2.556327926567121 ], [ -75.161985607736085, 2.561414375913898 ], [ -75.157556351103494, 2.563633337706563 ], [ -75.156439060697039, 2.570864945000039 ], [ -75.154221794026682, 2.57372311072902 ], [ -75.153656129831347, 2.581988855808504 ], [ -75.132691700842656, 2.595151387879298 ], [ -75.134372406959471, 2.599054158572244 ], [ -75.133243810347835, 2.60129578397931 ], [ -75.126748684731979, 2.606163449362612 ], [ -75.120205167731513, 2.606817799805015 ], [ -75.118004169563903, 2.608602394370621 ], [ -75.103691825352428, 2.626188835398807 ], [ -75.093297673224697, 2.624139281630733 ], [ -75.086801696903592, 2.62644597296395 ], [ -75.074638493771999, 2.625199136407105 ], [ -75.056210557925738, 2.628726375079395 ] ] ] } },
{ "type": "Feature", "properties": { "cod_mun": "18610", "municipio": "San José Del Fragua" }, "geometry": { "type": "Polygon", "coordinates": [ [ [ -76.169746814701057, 1.587981578269762 ], [ -76.152739907867158, 1.582955760761422 ], [ -76.14510107057464, 1.575343632200202 ], [ -76.137296437386226, 1.574696417081782 ], [ -76.124378134079564, 1.566068916555878 ], [ -76.12330894579992, 1.557398057909893 ], [ -76.120006249296694, 1.55214420917315 ], [ -76.113819652107622, 1.556998309984806 ], [ -76.098630803008689, 1.564047610334342 ], [ -76.095893989889817, 1.55449211793939 ], [ -76.097783781750593, 1.54815899822421 ], [ -76.096848343740191, 1.536328464863686 ], [ -76.102434219952045, 1.524850250139991 ], [ -76.102333531304851, 1.519019245051368 ], [ -76.097525656037874, 1.511281248045464 ], [ -76.089150788022323, 1.504716245122893 ], [ -76.082774684784908, 1.506016229647571 ], [ -76.07433511196615, 1.504912272047193 ], [ -76.063342002255524, 1.513394833778079 ], [ -76.059194188924096, 1.518824458701488 ], [ -76.055537987108494, 1.518859281921209 ], [ -76.053413263155846, 1.523700040045355 ], [ -76.046321388916112, 1.529538355629597 ], [ -76.035674270104494, 1.527162594575771 ], [ -76.025409426073395, 1.529122622171371 ], [ -76.023657521226994, 1.52265662624842 ], [ -76.015654688986217, 1.517690485668595 ], [ -76.013039788128367, 1.512228011125671 ], [ -76.012892500237001, 1.506342884294668 ], [ -76.007171733792916, 1.502329810278354 ], [ -76.003435631260743, 1.494869872617244 ], [ -76.003177876552513, 1.491871274046275 ], [ -76.014404570881027, 1.473529690622115 ], [ -76.01195985059951, 1.468170112787163 ], [ -76.005299553417331, 1.464628405837345 ], [ -75.9989805606196, 1.456467477167052 ], [ -75.999200258170447, 1.451353291415501 ], [ -75.993564281977001, 1.443901301156018 ], [ -75.998791380659895, 1.436390915864934 ], [ -75.995352584791021, 1.431274777174394 ], [ -75.996323941068397, 1.428998924131122 ], [ -75.995119095394614, 1.42075920057124 ], [ -75.992462157839554, 1.417345047306924 ], [ -75.981017113434177, 1.411073684121789 ], [ -75.98043441806584, 1.403329848960254 ], [ -75.969067572966537, 1.398998259938139 ], [ -75.965827941839734, 1.393541336089811 ], [ -75.962371826438414, 1.394723891848628 ], [ -75.959003447764189, 1.393621445215729 ], [ -75.956197892810053, 1.38297841194526 ], [ -75.94864463808284, 1.382503510005336 ], [ -75.945808411027201, 1.379419327072412 ], [ -75.942238807772299, 1.378959656080269 ], [ -75.940924644227891, 1.376403808719601 ], [ -75.934701920362613, 1.376480102697485 ], [ -75.930481911170887, 1.374126433929064 ], [ -75.923501968003109, 1.368944168401072 ], [ -75.922391891074142, 1.3657035832627 ], [ -75.917345999796396, 1.363801956986947 ], [ -75.919467926393054, 1.358388900603813 ], [ -75.917304992569314, 1.358091354090107 ], [ -75.916098593707261, 1.359766005557105 ], [ -75.913369178220648, 1.357616424302364 ], [ -75.906522938609669, 1.35934617577783 ], [ -75.947607039983666, 1.324892044437831 ], [ -75.958630438214868, 1.296991970039869 ], [ -75.96181678842305, 1.293447495378473 ], [ -75.964025497735236, 1.293628692902189 ], [ -75.964427947794832, 1.287263869818787 ], [ -75.966848373120172, 1.284105300931174 ], [ -75.96859359719042, 1.275579452945522 ], [ -75.990494476591664, 1.255317261828509 ], [ -75.981069819430502, 1.255310745444262 ], [ -75.977201461426887, 1.250051497828338 ], [ -75.978721507320358, 1.245260110253241 ], [ -75.973721503820627, 1.236183166961155 ], [ -75.976821898662365, 1.234975814985773 ], [ -75.978555679085105, 1.231006621909444 ], [ -75.981154440797695, 1.229265212987229 ], [ -75.981020925887265, 1.224067687765398 ], [ -75.975900045884828, 1.216855606268439 ], [ -75.97356033335376, 1.217468262272007 ], [ -75.973411307220942, 1.214928244137582 ], [ -75.969258972665102, 1.213023468365918 ], [ -75.966690062891473, 1.208351136406975 ], [ -75.963262557956398, 1.206741332575348 ], [ -75.963769913358476, 1.203876495053464 ], [ -75.957960129188734, 1.198751449559722 ], [ -75.958836555024448, 1.194383620673591 ], [ -75.955471038384985, 1.187034607072121 ], [ -75.955088615382294, 1.184755326054983 ], [ -75.956748962065262, 1.183938979593393 ], [ -75.955641474981348, 1.181939335363893 ], [ -75.949598311908005, 1.177350998645863 ], [ -75.939221382294647, 1.174974441684071 ], [ -75.935568103599337, 1.171246643184929 ], [ -75.995036534764324, 1.158725177259498 ], [ -76.02562047014618, 1.158687930383223 ], [ -76.027822785245064, 1.154656337582594 ], [ -76.027616501348746, 1.143404007112053 ], [ -76.030658722144665, 1.142015457612956 ], [ -76.022655486559984, 1.135469437005781 ], [ -76.022607803946698, 1.132728576973363 ], [ -76.020179748325234, 1.132551193699385 ], [ -76.022248268239082, 1.131277084268788 ], [ -76.020690917977049, 1.129230500333335 ], [ -76.021923065270641, 1.127357482727234 ], [ -76.016906737572526, 1.126585006425785 ], [ -76.015323638878954, 1.121980667106527 ], [ -76.019881247799901, 1.118051529940658 ], [ -76.017862320319182, 1.116390229246008 ], [ -76.016370771704146, 1.117513656947438 ], [ -76.017194746665268, 1.114374161105161 ], [ -76.018865584780826, 1.115201950315964 ], [ -76.021162985729973, 1.113029479969555 ], [ -76.022455215092634, 1.115251540952443 ], [ -76.024047852105468, 1.112035751132282 ], [ -76.02597808794917, 1.113376617119798 ], [ -76.02957725478359, 1.111104964602134 ], [ -76.030638217183593, 1.113597869655621 ], [ -76.036133765925001, 1.11440849294604 ], [ -76.037457465992077, 1.117567061833597 ], [ -76.042810440306141, 1.120309829889266 ], [ -76.045344351688414, 1.11867332541118 ], [ -76.048137665290426, 1.120845794859292 ], [ -76.05249786388049, 1.119783401441907 ], [ -76.057120323131755, 1.12264060956602 ], [ -76.058305740027038, 1.121709823934168 ], [ -76.061214446810823, 1.124601363899217 ], [ -76.072788237865325, 1.125238419063692 ], [ -76.074264525888168, 1.128223418927007 ], [ -76.079201699370287, 1.129390716788578 ], [ -76.078065872213131, 1.13145256041787 ], [ -76.080426216367755, 1.132200241401108 ], [ -76.079782485817134, 1.136312485012184 ], [ -76.082293509904332, 1.139446257683289 ], [ -76.092116356412248, 1.14057731568073 ], [ -76.096784592050312, 1.146528244158787 ], [ -76.0998950659976, 1.147352515564137 ], [ -76.118727684218698, 1.115549088364503 ], [ -76.12459659644594, 1.114017487432307 ], [ -76.127622604434634, 1.110496520802258 ], [ -76.136900427354021, 1.112871140096445 ], [ -76.135224342174695, 1.110279084312822 ], [ -76.137498855828824, 1.107370376630683 ], [ -76.132740973643877, 1.101455688915053 ], [ -76.138107792804135, 1.099941408413656 ], [ -76.138999891559138, 1.097513318656183 ], [ -76.143010277813914, 1.09960202732384 ], [ -76.143977625805235, 1.103609748275062 ], [ -76.146248731248477, 1.099914071759486 ], [ -76.148191895656055, 1.099789073783029 ], [ -76.147744917868977, 1.104005696323441 ], [ -76.152908632273238, 1.104497777658537 ], [ -76.152152498136445, 1.109198791949098 ], [ -76.156335629659736, 1.110061401684732 ], [ -76.156381874967451, 1.114224357928947 ], [ -76.159720857148898, 1.116211179595837 ], [ -76.163132414279971, 1.11410086822508 ], [ -76.162605291434375, 1.108430479342303 ], [ -76.16484015072524, 1.106666705944974 ], [ -76.167833795083482, 1.110908343891026 ], [ -76.171203070277102, 1.111034991175643 ], [ -76.174655933774488, 1.109869706440236 ], [ -76.178216629327892, 1.105821474132313 ], [ -76.184200873651434, 1.104860305656757 ], [ -76.190474883275442, 1.108672286246531 ], [ -76.194860781787952, 1.107256035376963 ], [ -76.203611409996427, 1.11580594385839 ], [ -76.212150403938438, 1.116741575006699 ], [ -76.214539713394174, 1.115193117174726 ], [ -76.213079428870856, 1.109845373754752 ], [ -76.21482099589673, 1.108344569789949 ], [ -76.218390986325801, 1.113214427064293 ], [ -76.221171955269313, 1.113532250366802 ], [ -76.228283581681239, 1.11867829040375 ], [ -76.231902858217666, 1.117578767789439 ], [ -76.23342269929509, 1.122591592953484 ], [ -76.238366638893297, 1.123292843575939 ], [ -76.238486602706928, 1.119393022952693 ], [ -76.24375105875896, 1.121458111299432 ], [ -76.248030367586466, 1.118923227040909 ], [ -76.251857191949853, 1.119426752023571 ], [ -76.254269147951959, 1.121927658377672 ], [ -76.260348151138714, 1.122611254395736 ], [ -76.26170860310998, 1.125656418973222 ], [ -76.274212874368857, 1.132220816430788 ], [ -76.280459478168382, 1.137911214404141 ], [ -76.284135642362116, 1.149051796160904 ], [ -76.28361404056659, 1.155917278598963 ], [ -76.287097871711467, 1.157820422130442 ], [ -76.286400053554473, 1.165988636143425 ], [ -76.287740885405981, 1.168621848274654 ], [ -76.285081518804418, 1.171229261668657 ], [ -76.288554994162439, 1.170915789808873 ], [ -76.288095021336119, 1.172808583841743 ], [ -76.291328807120692, 1.175300522307225 ], [ -76.292669349714458, 1.178988103199003 ], [ -76.299984724076637, 1.175352286868417 ], [ -76.302704288630025, 1.176629391284507 ], [ -76.294879218752556, 1.184686015585726 ], [ -76.298443894744196, 1.186925249675539 ], [ -76.299489542653021, 1.193671042286383 ], [ -76.290718428348214, 1.199966986990489 ], [ -76.289454741179838, 1.206021525439326 ], [ -76.289870192566866, 1.209893818965327 ], [ -76.292963279607989, 1.211775321166044 ], [ -76.293029428903253, 1.216066797683823 ], [ -76.298890655138791, 1.220847080276485 ], [ -76.301572290095635, 1.226292352068015 ], [ -76.306215170764574, 1.228630580581068 ], [ -76.303231578562418, 1.229326461070457 ], [ -76.303149943197582, 1.236244583029418 ], [ -76.299258905409943, 1.239616184861461 ], [ -76.294498691196679, 1.240471835343044 ], [ -76.292537526333035, 1.243276730933246 ], [ -76.293167907009604, 1.245323992198962 ], [ -76.28532585177328, 1.250170374679556 ], [ -76.283450815651065, 1.256489580378172 ], [ -76.276806303677688, 1.264658269600375 ], [ -76.268507396364782, 1.266636871675871 ], [ -76.25944947132075, 1.275917394034821 ], [ -76.256062599913321, 1.274181704690591 ], [ -76.253690857026982, 1.275915544402153 ], [ -76.253368153173653, 1.281525984166706 ], [ -76.249200355006167, 1.287296661047719 ], [ -76.252408941230328, 1.289044276435163 ], [ -76.244135178680551, 1.293037117680171 ], [ -76.246968989266179, 1.29590911298402 ], [ -76.245381151955712, 1.299252176215077 ], [ -76.246378875604307, 1.301328044353738 ], [ -76.243490820207057, 1.300764837052725 ], [ -76.238835973969003, 1.305518470202969 ], [ -76.232400439941614, 1.307985826251127 ], [ -76.229138641070904, 1.316056080700946 ], [ -76.224512817626135, 1.319683943341715 ], [ -76.224639870051305, 1.323207135998757 ], [ -76.222384704327226, 1.321604234827305 ], [ -76.214113775964449, 1.320557871858909 ], [ -76.214569939930925, 1.323191721794501 ], [ -76.217283636684158, 1.323784967884251 ], [ -76.215529277638495, 1.324721668926941 ], [ -76.213824785910617, 1.330132216313473 ], [ -76.219383444944242, 1.33176729157077 ], [ -76.21952506535996, 1.33528085338196 ], [ -76.223006224014739, 1.337885638303362 ], [ -76.22067318956482, 1.342467918574926 ], [ -76.218517426099424, 1.341474592183204 ], [ -76.214631999193443, 1.344709976071954 ], [ -76.211769939264627, 1.344541479838142 ], [ -76.207340876668297, 1.352327561004586 ], [ -76.203446411805089, 1.354134899134635 ], [ -76.20184589835759, 1.362608627724342 ], [ -76.202576072958607, 1.368135620220642 ], [ -76.199145205626792, 1.376240214596237 ], [ -76.20197094304649, 1.384799305663819 ], [ -76.199106950839905, 1.389772286021696 ], [ -76.200499850883375, 1.402986694044898 ], [ -76.196238721276757, 1.406049897705884 ], [ -76.195630995231397, 1.409892103934169 ], [ -76.199890061406165, 1.412372373274764 ], [ -76.199387814727231, 1.415541691411647 ], [ -76.20201803636445, 1.417782671827752 ], [ -76.200436250110613, 1.420227223225936 ], [ -76.201166536102789, 1.422269585076151 ], [ -76.199520144758878, 1.422521297710944 ], [ -76.19853937502819, 1.419791056671954 ], [ -76.195010522081986, 1.422502816655879 ], [ -76.192731260827827, 1.421145384823035 ], [ -76.189501140172524, 1.425933945397674 ], [ -76.189932613923759, 1.429032415148242 ], [ -76.184378123974625, 1.440249148948965 ], [ -76.185686099918428, 1.442283257071779 ], [ -76.181375385065223, 1.444207519114059 ], [ -76.175831299412039, 1.451055048706849 ], [ -76.177827236291421, 1.453484236206464 ], [ -76.178490357891235, 1.459831818809221 ], [ -76.183049996108025, 1.459749907661376 ], [ -76.184564912617134, 1.458243234099882 ], [ -76.186478093033315, 1.459567053642957 ], [ -76.184094344153607, 1.469916093239476 ], [ -76.184424885813996, 1.475643887209628 ], [ -76.181693900071025, 1.480281849598441 ], [ -76.183955657637966, 1.483833250276234 ], [ -76.182374130997403, 1.485390128922347 ], [ -76.183787490187797, 1.488204289743749 ], [ -76.175862258974689, 1.498182564682679 ], [ -76.171331628279859, 1.508463641283868 ], [ -76.169866624902625, 1.509853066641085 ], [ -76.167920070250432, 1.508730165352858 ], [ -76.163892456989686, 1.509783556745617 ], [ -76.163775083919461, 1.511910435758409 ], [ -76.16597087095596, 1.513954554714701 ], [ -76.160876120270984, 1.519981471743165 ], [ -76.160405368550983, 1.524976267705085 ], [ -76.149168851137006, 1.536861823818981 ], [ -76.151851230797831, 1.539811375234649 ], [ -76.14810026562742, 1.544241674812099 ], [ -76.148948151963793, 1.548928387911928 ], [ -76.152212749088903, 1.551658781664628 ], [ -76.155606941771737, 1.551959663625667 ], [ -76.156305104882051, 1.553740071140396 ], [ -76.154782308344977, 1.55515757695747 ], [ -76.155334803227731, 1.560653414956562 ], [ -76.15267540877835, 1.561023245365561 ], [ -76.152168346227313, 1.562505930296652 ], [ -76.157001984298859, 1.567300371247825 ], [ -76.157160899094208, 1.57544652261987 ], [ -76.160982574310253, 1.582878654705837 ], [ -76.169746814701057, 1.587981578269762 ] ] ] } },
{ "type": "Feature", "properties": { "cod_mun": "18753", "municipio": "San Vicente Del Caguán" }, "geometry": { "type": "Polygon", "coordinates": [ [ [ -74.799163814365954, 2.937916759293728 ], [ -74.789169306856934, 2.926249980855118 ], [ -74.794166567797959, 2.914999951870186 ], [ -74.790420535280703, 2.910833122087297 ], [ -74.79000091840237, 2.907500261929385 ], [ -74.780830384956118, 2.904583219671451 ], [ -74.78166961691619, 2.902083393093164 ], [ -74.778335570082845, 2.891249896169427 ], [ -74.778747555766756, 2.88583326808191 ], [ -74.769374844626611, 2.873124950631848 ], [ -74.76166533861101, 2.872500177243751 ], [ -74.754997259317349, 2.87750005587759 ], [ -74.749580389582775, 2.875833277252013 ], [ -74.736251836138763, 2.880833389448071 ], [ -74.725830077862042, 2.87750005587759 ], [ -74.724998475299742, 2.883333199856622 ], [ -74.712501524417974, 2.887083530815971 ], [ -74.708335881310575, 2.890416864386395 ], [ -74.698333746200376, 2.890833380277911 ], [ -74.692085266717072, 2.893333190686519 ], [ -74.67292022755845, 2.888333321035816 ], [ -74.673332214140714, 2.878333329307623 ], [ -74.666664118677318, 2.870416632994818 ], [ -74.668125153294511, 2.860625025425747 ], [ -74.664581290386252, 2.856666800787821 ], [ -74.665000913552831, 2.853333234553531 ], [ -74.661666865821132, 2.842083213653439 ], [ -74.662086489886008, 2.839999919136346 ], [ -74.668540955024753, 2.836041688210173 ], [ -74.671669001829628, 2.831666706932026 ], [ -74.665832525098267, 2.823750018704061 ], [ -74.667503358722229, 2.818333390616544 ], [ -74.665000913552831, 2.812916513695484 ], [ -74.666664118677318, 2.804999826365872 ], [ -74.665000913552831, 2.805000074301063 ], [ -74.665000913552831, 2.803333521152808 ], [ -74.65666962194814, 2.803750037044324 ], [ -74.657501223612087, 2.801666492795391 ], [ -74.653747551815513, 2.78416681202475 ], [ -74.648750307942521, 2.779166466266588 ], [ -74.646667485939645, 2.77250004167098 ], [ -74.644584656750226, 2.771666761054462 ], [ -74.643333430123107, 2.768333428382334 ], [ -74.643333430123107, 2.755833392683371 ], [ -74.627082823614444, 2.755833392683371 ], [ -74.617500311670824, 2.7537500819966 ], [ -74.624580385631589, 2.741666563087506 ], [ -74.629585268783899, 2.73666667636877 ], [ -74.627082823614444, 2.721666814091577 ], [ -74.630416864159599, 2.71916652128732 ], [ -74.632080083657172, 2.713333127576391 ], [ -74.637916561286886, 2.708333496877742 ], [ -74.637496953391747, 2.700833318253103 ], [ -74.62833404215678, 2.69916653872923 ], [ -74.623336797385377, 2.699999812159263 ], [ -74.615837107444634, 2.696250204344267 ], [ -74.614166263939182, 2.694583184071689 ], [ -74.616668701922038, 2.687500001937622 ], [ -74.615837107444634, 2.683333403920301 ], [ -74.606666565913599, 2.682916639195241 ], [ -74.596664430803401, 2.677083495216209 ], [ -74.595001217594017, 2.673333164256917 ], [ -74.589996335340061, 2.673333405005565 ], [ -74.585830693130958, 2.66541670869276 ], [ -74.592918395591198, 2.656666756017955 ], [ -74.59791564934568, 2.638333561068634 ], [ -74.599998477636746, 2.636250024904541 ], [ -74.605834964249652, 2.636666540796057 ], [ -74.609169011981294, 2.633333440787737 ], [ -74.613334662275236, 2.622499943864 ], [ -74.614997867399779, 2.625000004004448 ], [ -74.621253968196015, 2.626666789816511 ], [ -74.624168391862838, 2.625833269349584 ], [ -74.625000001611625, 2.61833333776184 ], [ -74.64167022499862, 2.608750103572163 ], [ -74.647918697295381, 2.60166668877423 ], [ -74.6491699239225, 2.59750008267207 ], [ -74.645835870800965, 2.587499859178365 ], [ -74.654167167795549, 2.58041668512908 ], [ -74.660003660696646, 2.578750139167369 ], [ -74.669166563846773, 2.571666716284597 ], [ -74.669998173595559, 2.568333382714115 ], [ -74.678329475081739, 2.559583430039311 ], [ -74.681663508440352, 2.558333391884275 ], [ -74.68125152904463, 2.553333286874761 ], [ -74.678749083875232, 2.54999995510093 ], [ -74.677917481312988, 2.544999834820089 ], [ -74.675834652123569, 2.544166803037058 ], [ -74.675003056747869, 2.539583448379574 ], [ -74.679168698058618, 2.53291654498156 ], [ -74.676666262770652, 2.525000093909 ], [ -74.677497857248113, 2.523750063838804 ], [ -74.673332215039011, 2.519583465821484 ], [ -74.657081600445508, 2.512500042938711 ], [ -74.654586791860424, 2.504166598070526 ], [ -74.651252744128726, 2.501666786763622 ], [ -74.647499081315345, 2.493749857787009 ], [ -74.649169923024203, 2.490833281755044 ], [ -74.660835264157186, 2.490833515317206 ], [ -74.660835264157186, 2.489166503129468 ], [ -74.662918085261765, 2.488333221614596 ], [ -74.662086489886008, 2.471666572626987 ], [ -74.668746947866737, 2.451666599052089 ], [ -74.673332214140714, 2.445833198154673 ], [ -74.671669001829628, 2.439166551675044 ], [ -74.672500611578414, 2.43666672869 ], [ -74.670829770767909, 2.433750156251335 ], [ -74.6729202293551, 2.425000191000095 ], [ -74.684997556171993, 2.424999951149744 ], [ -74.692916869279316, 2.420000071617551 ], [ -74.698753362180412, 2.409166808255975 ], [ -74.704582217598841, 2.39333319105134 ], [ -74.70666504678826, 2.386250017002112 ], [ -74.706253053019509, 2.381666654259732 ], [ -74.708747867892782, 2.3758335102807 ], [ -74.719169618983017, 2.36000012573993 ], [ -74.727081296404322, 2.359166627730929 ], [ -74.733749383782822, 2.346666810322802 ], [ -74.739585876683861, 2.330833433866871 ], [ -74.742500305740577, 2.31750011395809 ], [ -74.740837095226198, 2.312916761995552 ], [ -74.744163504576875, 2.304999833018883 ], [ -74.7445831304384, 2.294166561572467 ], [ -74.749168403000567, 2.278333433950081 ], [ -74.750831600938568, 2.277916670123375 ], [ -74.748336785166941, 2.274166819763082 ], [ -74.741249073723566, 2.271666527857121 ], [ -74.735000617596484, 2.275416617169469 ], [ -74.735832212972184, 2.277499912584858 ], [ -74.734169007847697, 2.277499912584858 ], [ -74.734169007847697, 2.280833245256986 ], [ -74.730003356655402, 2.279999972725307 ], [ -74.726669317906897, 2.273333307380994 ], [ -74.727500912384301, 2.270833254427089 ], [ -74.729164124695387, 2.270833255325442 ], [ -74.728752146197962, 2.269166475801512 ], [ -74.715835579336158, 2.263333323737641 ], [ -74.714164736729003, 2.263750072293021 ], [ -74.715415956169636, 2.270833254427089 ], [ -74.709167483872818, 2.283750054851112 ], [ -74.693336486157648, 2.28416657074257 ], [ -74.694580074403859, 2.279999972725307 ], [ -74.700416567304956, 2.276666631968283 ], [ -74.701248169867199, 2.271666527857121 ], [ -74.69667053299105, 2.269999972912217 ], [ -74.692916869279316, 2.270833255325442 ], [ -74.691665650737036, 2.267916678395181 ], [ -74.6841659518131, 2.264166589082834 ], [ -74.684165952711453, 2.259999750316808 ], [ -74.677497857248113, 2.25625014070522 ], [ -74.671669001829628, 2.255833152299545 ], [ -74.671669001829628, 2.254166598252937 ], [ -74.665832524199914, 2.251666546197384 ], [ -74.659164428736574, 2.252083302837548 ], [ -74.654167167795549, 2.247916463173226 ], [ -74.654586791860424, 2.242500068647871 ], [ -74.650001525586447, 2.240000007609126 ], [ -74.650833128148747, 2.227499964723677 ], [ -74.660003660696646, 2.226666685005455 ], [ -74.663330079928812, 2.214999914651685 ], [ -74.667503358722229, 2.214583398760169 ], [ -74.665000913552831, 2.211250074172881 ], [ -74.662918088855008, 2.211666821829908 ], [ -74.652915958236406, 2.207499974979044 ], [ -74.644165032685351, 2.210833309447821 ], [ -74.643333430123107, 2.202499863681339 ], [ -74.635002130433577, 2.198750023202535 ], [ -74.634162897575209, 2.195416689632111 ], [ -74.629997255366106, 2.195000172842299 ], [ -74.629165651905566, 2.192916636678206 ], [ -74.627082823614444, 2.192499880936339 ], [ -74.625000001611625, 2.192500121684986 ], [ -74.624168391862838, 2.195833206421923 ], [ -74.615829469063669, 2.19958352839808 ], [ -74.614997867399779, 2.202500100836801 ], [ -74.611251841170713, 2.204166650391755 ], [ -74.610832216207484, 2.208333498140917 ], [ -74.607498169374139, 2.207916739704103 ], [ -74.603332527165037, 2.204166650391755 ], [ -74.597496033365644, 2.204999923821788 ], [ -74.597503654678633, 2.201666598336203 ], [ -74.591667177947215, 2.201666598336203 ], [ -74.589584348757796, 2.19833350731102 ], [ -74.589164740862657, 2.192500117193447 ], [ -74.593330391156599, 2.190000054358052 ], [ -74.592498773322916, 2.187499994217603 ], [ -74.589996335340061, 2.186249972232247 ], [ -74.591667177947215, 2.172916647831926 ], [ -74.589164740862657, 2.171666617761673 ], [ -74.589164739964303, 2.169999839136096 ], [ -74.59124756196718, 2.169166807353122 ], [ -74.592498773322916, 2.163749936720251 ], [ -74.596664430803401, 2.163333420828735 ], [ -74.59791564934568, 2.165833233033993 ], [ -74.604164128828984, 2.161666626931833 ], [ -74.604164128828984, 2.156666514735775 ], [ -74.602081299639622, 2.155833242204096 ], [ -74.597915650243976, 2.147500038084615 ], [ -74.595832828241157, 2.146666769146179 ], [ -74.595832828241157, 2.143333191233751 ], [ -74.593330391156599, 2.143333431982455 ], [ -74.593330391156599, 2.13458323766065 ], [ -74.586669917006191, 2.132916683614098 ], [ -74.580001836814176, 2.124583246830753 ], [ -74.572082517418664, 2.125833276002652 ], [ -74.568336490291301, 2.125416520260785 ], [ -74.566253660203586, 2.123333207777364 ], [ -74.559426958965616, 2.127275313931364 ], [ -74.558070088580223, 2.125424961736258 ], [ -74.555626668161949, 2.12591182295705 ], [ -74.552902334448959, 2.124196576590009 ], [ -74.550834656257223, 2.131666661628685 ], [ -74.546249389084949, 2.12916660867478 ], [ -74.544166560793883, 2.117083308056465 ], [ -74.538749691059309, 2.110000125922397 ], [ -74.535835268290839, 2.112083195860464 ], [ -74.529998775389743, 2.112916709140848 ], [ -74.530830385138529, 2.113749975384337 ], [ -74.529167180014042, 2.115416762094753 ], [ -74.51999664656779, 2.122916692784202 ], [ -74.514999385626766, 2.120833398267109 ], [ -74.511665345979907, 2.121666670798845 ], [ -74.511253352211156, 2.127500062713068 ], [ -74.508750915126598, 2.132499942245261 ], [ -74.505416867394956, 2.130833388198653 ], [ -74.502082818764961, 2.133333441152558 ], [ -74.499168395996435, 2.132499943143557 ], [ -74.49666595801358, 2.136250016286226 ], [ -74.490837102595094, 2.136666773824743 ], [ -74.489997863448536, 2.13958334985665 ], [ -74.491668706055691, 2.14749980542075 ], [ -74.485420233758873, 2.149166584046327 ], [ -74.48332977517174, 2.146666523905935 ], [ -74.484169008030108, 2.143333431084159 ], [ -74.481666561962356, 2.129583359026753 ], [ -74.478752139193887, 2.127500063611365 ], [ -74.477500911668415, 2.120833398267109 ], [ -74.479164124877798, 2.114166739211043 ], [ -74.48332977517174, 2.114166491275853 ], [ -74.484169007131754, 2.110000125922397 ], [ -74.480834966586656, 2.106250051881432 ], [ -74.480834966586656, 2.102083205030567 ], [ -74.478752139193887, 2.102499961670787 ], [ -74.474166872021613, 2.099999908716882 ], [ -74.474166872021613, 2.098333354670274 ], [ -74.469169611080588, 2.097083333583214 ], [ -74.468330387205356, 2.094166516802602 ], [ -74.464164728826574, 2.093333250559112 ], [ -74.462081907722052, 2.089166638168763 ], [ -74.459167484055229, 2.092083454949375 ], [ -74.450836182569049, 2.095000030082986 ], [ -74.446250917193424, 2.091666698309155 ], [ -74.442916868563429, 2.094166516802602 ], [ -74.440002444896606, 2.091249932685798 ], [ -74.431663506826112, 2.090833192215314 ], [ -74.436668397164965, 2.081666705682665 ], [ -74.429168708122518, 2.0829167438377 ], [ -74.426246646074731, 2.085000040151442 ], [ -74.425003049743736, 2.080833201385417 ], [ -74.417503351718153, 2.078333373010537 ], [ -74.412498468565843, 2.079999927955441 ], [ -74.410415648359617, 2.079166647338866 ], [ -74.406669613147358, 2.081666706580961 ], [ -74.404998777726746, 2.080833199588824 ], [ -74.402084346873437, 2.082499979112697 ], [ -74.401252752396033, 2.085000039253146 ], [ -74.397918695681199, 2.083333259729216 ], [ -74.392501826844978, 2.084166525972705 ], [ -74.392082210864942, 2.079166647338866 ], [ -74.38417053524023, 2.080833199588824 ], [ -74.371255531448298, 2.066382558730822 ], [ -74.371891258003359, 2.064392244411351 ], [ -74.369674827665222, 2.064657546770547 ], [ -74.368570622129596, 2.061931316712503 ], [ -74.361942877224294, 2.059513748930328 ], [ -74.323832783020748, 2.062133817800145 ], [ -74.305015923957228, 2.059513748930328 ], [ -74.252852733251586, 2.058560996777373 ], [ -74.241896080797517, 2.056417303984063 ], [ -74.236179566981377, 2.054749987267201 ], [ -74.23141580531825, 2.049509848629214 ], [ -74.228081171884526, 2.027596546416021 ], [ -74.223317410221341, 2.019021774344367 ], [ -74.203785986593914, 1.995441153617662 ], [ -74.197833900186595, 1.990833315357577 ], [ -74.197502135019818, 1.99249994396439 ], [ -74.194168096271312, 1.99249994396439 ], [ -74.192497252765804, 1.987499947651088 ], [ -74.190834039556478, 1.987499947651088 ], [ -74.190002437892531, 1.985416777999944 ], [ -74.185836794785132, 1.9841666230638 ], [ -74.182083131073398, 1.985833292993163 ], [ -74.17292023600811, 1.98000001696164 ], [ -74.16333008658188, 1.983333225666172 ], [ -74.161247258290814, 1.979166635733748 ], [ -74.15333557278467, 1.979583377102529 ], [ -74.150833135700111, 1.985833401689376 ], [ -74.149169923389024, 1.98583329389146 ], [ -74.149169923389024, 1.988333345947069 ], [ -74.152084347055848, 1.99000000868989 ], [ -74.15333557278467, 1.994166613893697 ], [ -74.152496332739759, 1.997499940277635 ], [ -74.149581901886449, 1.997499940277635 ], [ -74.144165040236771, 1.996666666847602 ], [ -74.143333429589632, 1.992916576636958 ], [ -74.129585268250423, 1.994166613893697 ], [ -74.125000001976446, 1.992916575738661 ], [ -74.124999999281499, 1.98958324576148 ], [ -74.123336788767062, 1.987916589306849 ], [ -74.113334660843464, 1.985416777999944 ], [ -74.1079177848207, 1.98166667970446 ], [ -74.107086182258456, 1.975000022445045 ], [ -74.105003361153877, 1.972500087170545 ], [ -74.09333038163993, 1.977499956821248 ], [ -74.090415950786621, 1.97500014641264 ], [ -74.082084651995388, 1.979166510867799 ], [ -74.074165346074608, 1.977499957719544 ], [ -74.066246032967285, 1.979166737243418 ], [ -74.061668400582676, 1.974583264906528 ], [ -74.054168693573899, 1.971666456210755 ], [ -74.049583429096629, 1.97333347558498 ], [ -74.044998162822651, 1.970416782771963 ], [ -74.040622707233638, 1.969375073978824 ], [ -74.040000918051305, 1.970833298663479 ], [ -73.656668332696029, 1.617731943777301 ], [ -73.660206510162254, 1.612684763416155 ], [ -73.658041007154793, 1.608861040937938 ], [ -73.659234922119424, 1.603459586305974 ], [ -73.663908426380772, 1.595257962124265 ], [ -73.66341198102657, 1.592456976005337 ], [ -73.66043020162607, 1.591256000276928 ], [ -73.65884045359752, 1.587954637772896 ], [ -73.658345787807264, 1.576350894168002 ], [ -73.649401388346007, 1.568546617611048 ], [ -73.64264439463301, 1.558041944767524 ], [ -73.64433505229448, 1.553740946100163 ], [ -73.643440896395873, 1.551640110166602 ], [ -73.630819835073851, 1.539433674679174 ], [ -73.626744591302156, 1.539132713666334 ], [ -73.620881575621183, 1.532329356966216 ], [ -73.619888300433445, 1.529028122023078 ], [ -73.615316457695485, 1.527026520363052 ], [ -73.611741317220776, 1.512321207817422 ], [ -73.6069725743954, 1.501716912627785 ], [ -73.599965050231447, 1.498280611382484 ], [ -73.593388681814872, 1.489931904125456 ], [ -73.584523117667459, 1.486955622418918 ], [ -73.581949957062534, 1.482925341159671 ], [ -73.581570363755247, 1.47505774320615 ], [ -73.577949039956707, 1.468724539049276 ], [ -73.560506227978749, 1.453849075571782 ], [ -73.554978211402158, 1.447995159831862 ], [ -73.552977708382571, 1.441470444585264 ], [ -73.547258512194901, 1.438015102633983 ], [ -73.547165653269985, 1.427269256198997 ], [ -73.54449727027071, 1.423238956075124 ], [ -73.548122799086514, 1.410479140863742 ], [ -73.547647113815003, 1.406161515265524 ], [ -73.543651146430307, 1.401481811725432 ], [ -73.537953941916612, 1.39944110996322 ], [ -73.538069546202678, 1.394715335388753 ], [ -73.535034004386205, 1.389844320185091 ], [ -73.532794675074911, 1.389321651190187 ], [ -73.531360604310805, 1.391243948615397 ], [ -73.529816274240886, 1.389134281337192 ], [ -73.521171049940278, 1.39148060816899 ], [ -73.520974290888489, 1.389707721355819 ], [ -73.522942158986098, 1.389673549415136 ], [ -73.521503193298145, 1.388875460327938 ], [ -73.522843496939799, 1.388484717122424 ], [ -73.522105279715674, 1.387398556060305 ], [ -73.517623181441024, 1.388279012639941 ], [ -73.517664916304057, 1.387192894696966 ], [ -73.51317108422586, 1.387157204602261 ], [ -73.512873761392825, 1.386045972438922 ], [ -73.509834472700334, 1.386996488683337 ], [ -73.509995683591342, 1.38837677906514 ], [ -73.507911602149477, 1.386773032578333 ], [ -73.50852738698768, 1.384259815701796 ], [ -73.504505460067207, 1.384192235389094 ], [ -73.506852981659279, 1.381499230446593 ], [ -73.504490295594849, 1.381509849440079 ], [ -73.506265887237475, 1.378318492018479 ], [ -73.504774335029197, 1.379689043756514 ], [ -73.502168878167424, 1.376796227284444 ], [ -73.504346017062062, 1.376651875988102 ], [ -73.502327098564479, 1.374273280747275 ], [ -73.503268282204033, 1.370093806268414 ], [ -73.498321970153256, 1.369577821642849 ], [ -73.496900951920622, 1.372424421553319 ], [ -73.495905915135211, 1.37124629000084 ], [ -73.493822460717922, 1.37202501229342 ], [ -73.494312528028559, 1.369643804749671 ], [ -73.489443658003495, 1.36739228439194 ], [ -73.489598878923459, 1.372275319962 ], [ -73.486081525320401, 1.370190251270799 ], [ -73.487033668415108, 1.368852280555757 ], [ -73.483263411908581, 1.370449880764511 ], [ -73.482166719887971, 1.367267358280742 ], [ -73.483314255695859, 1.366204256092033 ], [ -73.484771421265975, 1.367215414954671 ], [ -73.484665251094611, 1.363557447049857 ], [ -73.479743748735075, 1.363862622961335 ], [ -73.479459747030035, 1.362283925117879 ], [ -73.473737873860614, 1.360238434433086 ], [ -73.475330766893535, 1.358798606361745 ], [ -73.472108932304991, 1.358454794777344 ], [ -73.47339090828882, 1.355877652835943 ], [ -73.472527610443137, 1.354446499802179 ], [ -73.474506660778275, 1.354781456685771 ], [ -73.474725427673775, 1.352623236326053 ], [ -73.472683341606569, 1.353609999621142 ], [ -73.472192322979254, 1.350953790600272 ], [ -73.470018247342182, 1.351831757946286 ], [ -73.468762564169367, 1.347856750070491 ], [ -73.470650965437017, 1.347156304339194 ], [ -73.468981932038275, 1.344307702082347 ], [ -73.471172851100334, 1.344847598083163 ], [ -73.471219868959793, 1.343741324624091 ], [ -73.466669587602439, 1.343884991403684 ], [ -73.466618922580039, 1.342245233225071 ], [ -73.468770110023797, 1.342497536053486 ], [ -73.470045028837092, 1.340493100206459 ], [ -73.463925899671267, 1.337012636848272 ], [ -73.465363455003114, 1.336577117081788 ], [ -73.466195106972748, 1.332639466575188 ], [ -73.462075431593348, 1.332541220449173 ], [ -73.461210534745192, 1.329579034218966 ], [ -73.458380400966973, 1.327440890323601 ], [ -73.459151462420721, 1.326050351054562 ], [ -73.457434160706725, 1.325680310439623 ], [ -73.457351220088754, 1.322852088277841 ], [ -73.45952837694972, 1.322144162269183 ], [ -73.455156537082587, 1.321018637898248 ], [ -73.457813161125443, 1.320134235914793 ], [ -73.458877305360716, 1.316497117026017 ], [ -73.456379090361338, 1.314436151051439 ], [ -73.459607832999893, 1.311766626292524 ], [ -73.461349918354074, 1.312269061617883 ], [ -73.457980875824319, 1.307521287284544 ], [ -73.456112307577314, 1.306760323800972 ], [ -73.456288504175916, 1.308567653846183 ], [ -73.454880754070587, 1.308775444218497 ], [ -73.454111050870665, 1.305251037038204 ], [ -73.451509924790344, 1.304276804353037 ], [ -73.453649639840421, 1.302140835280682 ], [ -73.454303003033544, 1.298002101229031 ], [ -73.456365444941298, 1.297093973821688 ], [ -73.456077048674331, 1.294573247921676 ], [ -73.452543580180588, 1.294504366847434 ], [ -73.446755843380402, 1.290811113988411 ], [ -73.444537776310426, 1.291621625887615 ], [ -73.444297494746763, 1.295237030682074 ], [ -73.44268365388308, 1.293002563056916 ], [ -73.439790772732294, 1.293832317783199 ], [ -73.436763378641956, 1.291483277138752 ], [ -73.436162018962079, 1.295239368998637 ], [ -73.433273038299319, 1.293697473365057 ], [ -73.433852082013118, 1.298275645637545 ], [ -73.431437950289705, 1.296470724875803 ], [ -73.430551698673582, 1.298057444681149 ], [ -73.429751228150622, 1.295007457045131 ], [ -73.428253638360445, 1.295942497101521 ], [ -73.427546790331007, 1.288684982374548 ], [ -73.425421734899771, 1.287148862014533 ], [ -73.426205829122011, 1.283535675162284 ], [ -73.422262683616452, 1.280358793204755 ], [ -73.42535527838038, 1.276635860883403 ], [ -73.424564471940926, 1.270137466295637 ], [ -73.425599619434081, 1.268311471040533 ], [ -73.428273121936172, 1.267879683777039 ], [ -73.425238964424693, 1.264946074775423 ], [ -73.428931452816812, 1.263910199646318 ], [ -73.42992551133608, 1.261491405662809 ], [ -73.431891625920855, 1.263103701423006 ], [ -73.43187025498321, 1.258920562713172 ], [ -73.427010583713979, 1.255851360097893 ], [ -73.425677781909201, 1.252639594733409 ], [ -73.424925883332378, 1.256398586357307 ], [ -73.422578845932662, 1.253056700818547 ], [ -73.420120353568507, 1.254836677141554 ], [ -73.420365486936873, 1.2508503468909 ], [ -73.416969108651244, 1.251775217111856 ], [ -73.418651276328205, 1.248334994717197 ], [ -73.417203013069638, 1.243790433836182 ], [ -73.414165261395794, 1.245635815648882 ], [ -73.412929761586895, 1.243044106615173 ], [ -73.414022896276151, 1.241081188238695 ], [ -73.411211627133923, 1.242479989320032 ], [ -73.40874095360482, 1.241436497369591 ], [ -73.409357235211758, 1.239128736141993 ], [ -73.412753935094543, 1.239525253722718 ], [ -73.413877682596421, 1.235408542786161 ], [ -73.415305616963906, 1.235258919273178 ], [ -73.4150381361884, 1.232785542711213 ], [ -73.410915739809866, 1.233228213971358 ], [ -73.413863903327297, 1.231847717875212 ], [ -73.416181627777632, 1.227278249386416 ], [ -73.415264834315849, 1.225771424907805 ], [ -73.420315154291416, 1.226198072007207 ], [ -73.421984475151248, 1.223097229804068 ], [ -73.424167849257231, 1.223537486390796 ], [ -73.420689364889199, 1.219768200065573 ], [ -73.423094936559494, 1.218630126220091 ], [ -73.415723083273747, 1.215074727137846 ], [ -73.417190372865207, 1.213616904000389 ], [ -73.414888126399546, 1.211324638723795 ], [ -73.417094836958597, 1.209598165203431 ], [ -73.416770895225852, 1.207169372962824 ], [ -73.412822440672699, 1.206330095188662 ], [ -73.412633750295242, 1.208084432674752 ], [ -73.415264133629364, 1.208823521265458 ], [ -73.411974341435439, 1.209469726676673 ], [ -73.410355711649117, 1.208479765376694 ], [ -73.410387899209752, 1.206100647315964 ], [ -73.407271705684479, 1.205746665896129 ], [ -73.409682496570724, 1.19931675892019 ], [ -73.410682277362923, 1.203527404065937 ], [ -73.413250470280389, 1.202916533016264 ], [ -73.412960171380121, 1.199242861649395 ], [ -73.417891661216913, 1.198959984635962 ], [ -73.417254648273286, 1.192198985331913 ], [ -73.420157777413067, 1.192685842959463 ], [ -73.421100452257122, 1.191067728806559 ], [ -73.420028079447263, 1.189062659646765 ], [ -73.418675530860185, 1.191128398374246 ], [ -73.416854116118373, 1.190839967072975 ], [ -73.41757348577454, 1.184559794102881 ], [ -73.412934623273088, 1.182584388235682 ], [ -73.413007969876162, 1.180130179940534 ], [ -73.411244065324695, 1.180856505257509 ], [ -73.410974910986454, 1.174014971924066 ], [ -73.405302247567533, 1.170809351040987 ], [ -73.4012961579582, 1.173227268268079 ], [ -73.395969560896788, 1.170138425770062 ], [ -73.392985006598167, 1.171941516662116 ], [ -73.394705370671488, 1.167186625869476 ], [ -73.393376465761492, 1.158574316765396 ], [ -73.394855938314549, 1.157422442091274 ], [ -73.397360584358182, 1.158576814083915 ], [ -73.39749869056169, 1.153091169276422 ], [ -73.395652750894783, 1.15501634939767 ], [ -73.391927223338485, 1.154914776807573 ], [ -73.391538566022803, 1.151967538555596 ], [ -73.394249000092316, 1.150219660859875 ], [ -73.392711416375562, 1.147070903379642 ], [ -73.386087715688916, 1.146301576574047 ], [ -73.3747904478588, 1.141680293218428 ], [ -73.373772548931186, 1.139404376394737 ], [ -73.37714201366947, 1.137826296592664 ], [ -73.3728461264202, 1.130927074303997 ], [ -73.362618016326962, 1.128879488746236 ], [ -73.360614539881453, 1.126754532129723 ], [ -73.357315288420011, 1.12838435673001 ], [ -73.357160975697525, 1.125373805166362 ], [ -73.360298305699928, 1.125327910201918 ], [ -73.360728536181853, 1.1240006860412 ], [ -73.358765149782755, 1.122778446274708 ], [ -73.355637217064043, 1.124166243883337 ], [ -73.355652111143286, 1.120253417441063 ], [ -73.34959446631774, 1.122248457801049 ], [ -73.348092590661963, 1.120607839035699 ], [ -73.343567766681758, 1.123403287036524 ], [ -73.344213655885767, 1.117448786854141 ], [ -73.336155472108032, 1.111869888760964 ], [ -73.334602751766681, 1.114168704557812 ], [ -73.333713966899438, 1.11319575915951 ], [ -73.334893005751098, 1.105197346633418 ], [ -73.337026863780864, 1.105585959033363 ], [ -73.338719577687698, 1.108855269622495 ], [ -73.340214886653484, 1.10668548613927 ], [ -73.33768508686353, 1.104055885238324 ], [ -73.341774639012499, 1.104519801671927 ], [ -73.340540409422374, 1.099177493962031 ], [ -73.335483423942094, 1.102552957654552 ], [ -73.332879674779065, 1.101096763164037 ], [ -73.332989252263076, 1.097666625264765 ], [ -73.334925084615463, 1.097190061440244 ], [ -73.333381842406197, 1.094992016935635 ], [ -73.334430581420406, 1.093910015974927 ], [ -73.330820826135266, 1.090759532829622 ], [ -73.324728864740223, 1.090115792397512 ], [ -73.319268429374631, 1.086820348897618 ], [ -73.321680828246542, 1.085592811761728 ], [ -73.325088659162873, 1.086636114167504 ], [ -73.322836509983915, 1.080821094612077 ], [ -73.316558409428808, 1.081200201032061 ], [ -73.310055782874315, 1.075653168004067 ], [ -73.308453359607029, 1.076206951970278 ], [ -73.307907252649329, 1.0795167011525 ], [ -73.30596363459216, 1.076412310601143 ], [ -73.300519862988381, 1.074725666615564 ], [ -73.301232815973378, 1.072558818829009 ], [ -73.303608348854937, 1.072572315128582 ], [ -73.302116891868138, 1.07019678314532 ], [ -73.290914095440144, 1.065452468226965 ], [ -73.287269813379567, 1.064581890428428 ], [ -73.282012596856134, 1.066795452443614 ], [ -73.282970908686821, 1.061254792069292 ], [ -73.280257943162781, 1.058953496022013 ], [ -73.280912563998299, 1.05196861840443 ], [ -73.278219843822001, 1.050429921674095 ], [ -73.278847470261724, 1.047291788577184 ], [ -73.265032937743172, 1.048304090097815 ], [ -73.264182605292262, 1.044005186303366 ], [ -73.261078215639259, 1.045638365215609 ], [ -73.257676884937496, 1.044315626346645 ], [ -73.251711058786952, 1.048857479703315 ], [ -73.251886524156305, 1.043809473789736 ], [ -73.253884131005066, 1.041886103775198 ], [ -73.252412921162602, 1.039794012947823 ], [ -73.247992539892152, 1.039119146764619 ], [ -73.248060026779967, 1.041845610384826 ], [ -73.246649554777207, 1.042513729316568 ], [ -73.242971528374369, 1.038754718828045 ], [ -73.244888151137445, 1.036601893754266 ], [ -73.243383196952777, 1.033382775673317 ], [ -73.241257365376441, 1.034320842156319 ], [ -73.239339908976149, 1.032612361007068 ], [ -73.294530614146424, 1.012111162138467 ], [ -73.298726518824935, 1.014045807815478 ], [ -73.29898559315933, 1.019995025899789 ], [ -73.30322147289985, 1.017266903988229 ], [ -73.305670990188844, 1.019010777889548 ], [ -73.305391910357116, 1.015800722020401 ], [ -73.309776138001837, 1.016199400949461 ], [ -73.30815661888272, 1.016727064581289 ], [ -73.308146036720245, 1.018472685707252 ], [ -73.309965205672029, 1.017458426756093 ], [ -73.31142400707563, 1.022635201776666 ], [ -73.312827383280307, 1.021641799028032 ], [ -73.31478706592253, 1.023764024763921 ], [ -73.312523616826581, 1.025443990668407 ], [ -73.312773609186252, 1.028439235825715 ], [ -73.31744384267904, 1.030178580417783 ], [ -73.318646327578335, 1.032265903882092 ], [ -73.32149394168755, 1.033286175262276 ], [ -73.323322319276713, 1.032275357759659 ], [ -73.329453546064144, 1.035814604221969 ], [ -73.329777864191271, 1.037584257097535 ], [ -73.328052102137178, 1.038479729927417 ], [ -73.330913506295303, 1.042184320432625 ], [ -73.340133633971277, 1.039498320558323 ], [ -73.339141858072935, 1.043103728892333 ], [ -73.344749949639436, 1.041475558091804 ], [ -73.346262775767286, 1.042816410604587 ], [ -73.345187348682998, 1.044761138980334 ], [ -73.348038521021977, 1.045646347651598 ], [ -73.34871752215372, 1.044405611558716 ], [ -73.347132471419513, 1.042959504258533 ], [ -73.352035018413062, 1.0406499535855 ], [ -73.352767835859765, 1.046221834932339 ], [ -73.363508749641596, 1.043501187908191 ], [ -73.362100244950909, 1.045854890812677 ], [ -73.365216995432036, 1.046497158904856 ], [ -73.363249899886227, 1.048805830126526 ], [ -73.365053061745186, 1.052095010567314 ], [ -73.367033190957898, 1.048310964910172 ], [ -73.368174985628229, 1.051028028551741 ], [ -73.369979971068688, 1.048936391374014 ], [ -73.370523846609444, 1.050532059304999 ], [ -73.37355449260366, 1.050834332757518 ], [ -73.37515070042258, 1.053868950206834 ], [ -73.374246582199589, 1.056288822169506 ], [ -73.377172969638877, 1.056315897413754 ], [ -73.375653299241435, 1.058299827401413 ], [ -73.377859893019433, 1.059906446702769 ], [ -73.375489920713903, 1.060376506719479 ], [ -73.377907062694248, 1.062712307982679 ], [ -73.376321654430285, 1.066270084907387 ], [ -73.37928102803312, 1.065013233923821 ], [ -73.378704419653957, 1.066834868753062 ], [ -73.428282840817019, 1.055624195890402 ], [ -73.434174164231763, 1.056106591582363 ], [ -73.435091776059437, 1.052879905189116 ], [ -73.438515570051095, 1.05035539737878 ], [ -73.443959503351778, 1.049045850280265 ], [ -73.446605877609045, 1.049983934729596 ], [ -73.448594019800453, 1.048053988143636 ], [ -73.453252629084204, 1.047844345443764 ], [ -73.455794663938036, 1.04450506591968 ], [ -73.464937923612183, 1.043735503755329 ], [ -73.471199098995555, 1.034161295844797 ], [ -73.479453621413199, 1.032914911140949 ], [ -73.483770402594359, 1.028225212038706 ], [ -73.491288420876458, 1.026035459889101 ], [ -73.492379057348899, 1.011619734777412 ], [ -73.502395712838904, 1.006212527329808 ], [ -73.507227884858708, 1.001466086097423 ], [ -73.511304142829147, 0.988686153997548 ], [ -73.514666313241548, 0.984838324311113 ], [ -73.513031082575594, 0.982001530418074 ], [ -73.513591806032878, 0.97284101319525 ], [ -73.517784805557426, 0.961846556908938 ], [ -73.516145775014763, 0.955027112267601 ], [ -73.518358145862976, 0.944188580282685 ], [ -73.521139680745591, 0.941389565069073 ], [ -73.521016782133586, 0.9370588752613 ], [ -73.524827346079064, 0.931885345856415 ], [ -73.523717729087878, 0.926477997373183 ], [ -73.527135934655689, 0.922030538163483 ], [ -73.529131640667799, 0.909066471944868 ], [ -73.540285276752684, 0.897309350764431 ], [ -73.540203898306231, 0.891363372905914 ], [ -73.53656325083216, 0.889613285352823 ], [ -73.53911327171528, 0.886729487973412 ], [ -73.537762088568513, 0.885100614689804 ], [ -73.54063829697435, 0.882047161350613 ], [ -73.537610300114011, 0.875238812708517 ], [ -73.539252241200472, 0.873510515606597 ], [ -73.53562929055164, 0.870669469983966 ], [ -73.53817549269337, 0.866402407898477 ], [ -73.536242346305812, 0.863036502288196 ], [ -73.536702570660623, 0.858488376889227 ], [ -73.53793025332368, 0.855118779200154 ], [ -73.540210717423008, 0.855273924661617 ], [ -73.541390393180734, 0.849088403655117 ], [ -73.539627764237935, 0.846575690733857 ], [ -73.545041181744068, 0.839352275183955 ], [ -73.550699553853747, 0.83721583090238 ], [ -73.550155192324041, 0.831862660755405 ], [ -73.552507189326434, 0.831128388935156 ], [ -73.553131976189263, 0.826702065304346 ], [ -73.556740329203137, 0.823145968230506 ], [ -73.557539253724258, 0.813538746308666 ], [ -73.560769999607487, 0.810916401106113 ], [ -73.566830350160842, 0.809286901696225 ], [ -73.566495178579771, 0.802663795694798 ], [ -73.568442987281117, 0.802212725180027 ], [ -73.568565652330904, 0.799329356297335 ], [ -73.567241525563759, 0.79900008844902 ], [ -73.568538505221397, 0.797953226016944 ], [ -73.567180261310853, 0.797421316943655 ], [ -73.568977413435789, 0.792469829694426 ], [ -73.568097602745411, 0.790577153340962 ], [ -73.566420331788947, 0.79064246720236 ], [ -73.568000863095392, 0.788020871195329 ], [ -73.570947974684771, 0.787500942962538 ], [ -73.567944996823314, 0.785473221866482 ], [ -73.570075424184324, 0.783402334890013 ], [ -73.568459561211284, 0.782389761179672 ], [ -73.572441829277011, 0.780462982954191 ], [ -73.572903732584393, 0.777175968353333 ], [ -73.574970172896656, 0.775543296989667 ], [ -73.57718293002074, 0.776512712904434 ], [ -73.576526943744909, 0.778760048007939 ], [ -73.580623082346733, 0.773155690741078 ], [ -73.584386143342101, 0.772717988964985 ], [ -73.583986662216887, 0.769174592282809 ], [ -73.579869459003191, 0.764445862248692 ], [ -73.581254095437771, 0.762183686964875 ], [ -73.579267793895838, 0.761148001380434 ], [ -73.582474941017779, 0.759647059973304 ], [ -73.582536475663801, 0.757660230221575 ], [ -73.580700202775347, 0.757555191030008 ], [ -73.581581315125618, 0.756230354593242 ], [ -73.584941795805605, 0.757104727776891 ], [ -73.580964595140472, 0.749417154146386 ], [ -73.578294280761781, 0.749395792191933 ], [ -73.580216270962978, 0.746795437765059 ], [ -73.577856065148978, 0.747742387694984 ], [ -73.57742046273745, 0.745465654302052 ], [ -73.575805310332385, 0.745952414013175 ], [ -73.576869688129818, 0.741489871179567 ], [ -73.574198646115235, 0.742049655896608 ], [ -73.577072580883282, 0.739918187387445 ], [ -73.576393715397217, 0.737411324299899 ], [ -73.580015730899163, 0.738551185794222 ], [ -73.578733179993094, 0.735968277562336 ], [ -73.580166809684044, 0.737107901002901 ], [ -73.581648500179256, 0.734608380750387 ], [ -73.578182072110224, 0.729924627601804 ], [ -73.580915851615998, 0.728683067753138 ], [ -73.581995690330075, 0.731347758673621 ], [ -73.583539390680528, 0.728858302255276 ], [ -73.581134456814596, 0.723095537741528 ], [ -73.575808472404731, 0.718771800899617 ], [ -73.57656321774499, 0.717407379269957 ], [ -73.580453076043739, 0.717600586380286 ], [ -73.580304278981487, 0.714922933658272 ], [ -73.577216185679049, 0.714404532562639 ], [ -73.577550726642301, 0.709888281212045 ], [ -73.581407589794367, 0.710403230079237 ], [ -73.579803154299213, 0.705992126616422 ], [ -73.58098943267953, 0.703274884209918 ], [ -73.577806936246986, 0.70095564789375 ], [ -73.577069644288258, 0.702863904639912 ], [ -73.575365728380973, 0.701944649792267 ], [ -73.577043646124935, 0.699337549012228 ], [ -73.574147082776847, 0.693236723034886 ], [ -73.577640342646475, 0.691361848609631 ], [ -73.57449948316048, 0.690287993578352 ], [ -73.577509997893173, 0.688749878956855 ], [ -73.577349101412722, 0.686262994417177 ], [ -73.582260325240554, 0.685870150948915 ], [ -73.581452523560699, 0.684116953425814 ], [ -73.579992895706425, 0.684652744122559 ], [ -73.579675602410362, 0.682132405396715 ], [ -73.585153340240424, 0.683910825836449 ], [ -73.586105150059893, 0.68200659624091 ], [ -73.583240225401369, 0.678541639613513 ], [ -73.585508461623249, 0.675635735575668 ], [ -73.587578314637994, 0.675594692415928 ], [ -73.591156313554222, 0.680025811257565 ], [ -73.591901466676234, 0.678057953041446 ], [ -73.589778199792079, 0.673591186326007 ], [ -73.598773372073651, 0.67237947661971 ], [ -73.598460326913937, 0.669340862562535 ], [ -73.601599345750458, 0.667307793791338 ], [ -73.604961200853893, 0.661261110217595 ], [ -73.60697902430428, 0.662317706801844 ], [ -73.608473955079035, 0.655310561727276 ], [ -73.611239329256819, 0.654384155385969 ], [ -73.6122968708695, 0.655463338329412 ], [ -73.613753398635254, 0.651849056429967 ], [ -73.621739072142134, 0.651567164869164 ], [ -73.619599005850489, 0.647818306249746 ], [ -73.624783058128969, 0.645751515594213 ], [ -73.623217985942631, 0.64271174360772 ], [ -73.625202004863581, 0.641593188372326 ], [ -73.622379031562218, 0.64122247132542 ], [ -73.622233800814513, 0.638310724640291 ], [ -73.626601006269311, 0.636334745647559 ], [ -73.627711529661383, 0.641793226277514 ], [ -73.630472960231941, 0.635497708273476 ], [ -73.629637948560458, 0.640211120223171 ], [ -73.630680489194219, 0.640952887592164 ], [ -73.63305293097045, 0.633552195667846 ], [ -73.634772252098855, 0.635049013804519 ], [ -73.637429665761431, 0.633952279563061 ], [ -73.634024125550866, 0.626989743962724 ], [ -73.637178954749004, 0.628176068157188 ], [ -73.639298566385321, 0.626701887583692 ], [ -73.637863794934731, 0.622445749919052 ], [ -73.6411722900678, 0.624707850642665 ], [ -73.642975136617906, 0.623253469852159 ], [ -73.642641107694772, 0.620635644975721 ], [ -73.636827157135372, 0.613899644907633 ], [ -73.63903592573638, 0.612290566915362 ], [ -73.643315436684986, 0.613971591036034 ], [ -73.641023600803464, 0.61101018903571 ], [ -73.644597826792506, 0.604758343562366 ], [ -73.641561368693715, 0.602301657711678 ], [ -73.645207747423854, 0.599541008676056 ], [ -73.642425053713623, 0.595093936640581 ], [ -73.645900178379804, 0.595120185434098 ], [ -73.64621031209731, 0.591409783722668 ], [ -73.649925950991076, 0.588895354119472 ], [ -73.649657049079622, 0.586632202366161 ], [ -73.651236304777285, 0.588805612351052 ], [ -73.65356386668617, 0.589079293303655 ], [ -73.652864950786977, 0.591133722232712 ], [ -73.655834637057467, 0.588998992836423 ], [ -73.654260834137915, 0.585444573816858 ], [ -73.651442945305121, 0.585885620921715 ], [ -73.650609496703453, 0.583970879232368 ], [ -73.656380238263239, 0.579835637833355 ], [ -73.6550521418377, 0.572887089013079 ], [ -73.660506846845522, 0.569762910356928 ], [ -73.660214212323638, 0.567193017825616 ], [ -73.655244731804942, 0.565755184015813 ], [ -73.661363578899568, 0.56423195718537 ], [ -73.663404155795888, 0.560004959993478 ], [ -73.662654773402153, 0.556265902001599 ], [ -73.665796981260428, 0.553809064335496 ], [ -73.665434798215585, 0.552274292347818 ], [ -73.661502925677439, 0.552042024661205 ], [ -73.661151478407078, 0.550711044641275 ], [ -73.669680963674239, 0.54565211969674 ], [ -73.668415812250828, 0.541368401934278 ], [ -73.670677374883155, 0.54031055669077 ], [ -73.672866224225174, 0.536295070696042 ], [ -73.676404114230309, 0.538158505965384 ], [ -73.676494870197473, 0.544934952711401 ], [ -73.684178876615078, 0.544450922084252 ], [ -73.693254476026425, 0.549654264800552 ], [ -73.699879664324385, 0.558911377942877 ], [ -73.699849411736409, 0.561573551781919 ], [ -73.697671267626163, 0.562420609870969 ], [ -73.69231666376686, 0.555674413916222 ], [ -73.689714993307064, 0.555825673262632 ], [ -73.685963745167101, 0.561301284778722 ], [ -73.684693160728443, 0.570316379912526 ], [ -73.700877979963138, 0.580753317933045 ], [ -73.696158667873988, 0.586924726395125 ], [ -73.698699835852892, 0.593459157827567 ], [ -73.704447715270476, 0.596575113299082 ], [ -73.715852718138478, 0.596998639648632 ], [ -73.719785478212771, 0.600991904898819 ], [ -73.718424137807006, 0.604017107098116 ], [ -73.707351907118039, 0.604561640206157 ], [ -73.70411494309144, 0.607647343089695 ], [ -73.704326706715392, 0.61076329856121 ], [ -73.709046018804543, 0.613576736238258 ], [ -73.715489695168174, 0.609008684393814 ], [ -73.719785478212771, 0.609341455674553 ], [ -73.726561925857084, 0.616601934844255 ], [ -73.728104777298881, 0.621623768321172 ], [ -73.735092988567146, 0.622440572025653 ], [ -73.740901372262272, 0.628339711687943 ], [ -73.743140019751763, 0.626917866106282 ], [ -73.744108083700951, 0.621533010557357 ], [ -73.742776995883105, 0.619596883557335 ], [ -73.736514833250453, 0.619506129386764 ], [ -73.734608957041701, 0.616662439121853 ], [ -73.734639686635433, 0.612926994156908 ], [ -73.737089620743063, 0.608040620444626 ], [ -73.741355152098095, 0.605015421838573 ], [ -73.74701227644681, 0.60655827328037 ], [ -73.748555127888608, 0.619203607999054 ], [ -73.751761840225583, 0.621169986688699 ], [ -73.756360142861354, 0.602655764895701 ], [ -73.754424014962979, 0.592884370334957 ], [ -73.758417279314813, 0.591976810663311 ], [ -73.760897943016175, 0.593761679215277 ], [ -73.760504666559598, 0.605832224644757 ], [ -73.763741630586196, 0.6067397852147 ], [ -73.767129853959204, 0.599570062012106 ], [ -73.765375237995158, 0.594064197908097 ], [ -73.766161790010017, 0.591523030827489 ], [ -73.767946657663686, 0.591160006060534 ], [ -73.769186990412663, 0.594578482021461 ], [ -73.770518078230509, 0.594608733711084 ], [ -73.773180253866201, 0.591523030827489 ], [ -73.778716368761536, 0.589254128953428 ], [ -73.774571845961589, 0.586833968631311 ], [ -73.778232337236091, 0.583324736703219 ], [ -73.776447469582422, 0.57446090181412 ], [ -73.777657548845184, 0.571102931029088 ], [ -73.785523068993768, 0.570528142638182 ], [ -73.786400376975791, 0.573039058927463 ], [ -73.784101225208758, 0.576518039165933 ], [ -73.784524753354958, 0.580632311174554 ], [ -73.791361704378517, 0.576790307067427 ], [ -73.795778495978254, 0.584958346807127 ], [ -73.798803696380901, 0.586501198248925 ], [ -73.801465872016593, 0.584232299069811 ], [ -73.801465872016593, 0.582235666893894 ], [ -73.795929756222961, 0.580904579076048 ], [ -73.795717991700712, 0.579452482703118 ], [ -73.800044028231582, 0.576548290855555 ], [ -73.808333074729774, 0.564659254665457 ], [ -73.812628858672724, 0.564023963793659 ], [ -73.816712878093426, 0.561301284778722 ], [ -73.824094365818269, 0.562783631942978 ], [ -73.829116196600239, 0.561331537366641 ], [ -73.835650628930978, 0.563328167745965 ], [ -73.834380045390674, 0.567321432097799 ], [ -73.839069103095255, 0.568531512258858 ], [ -73.834712816671413, 0.573734854076804 ], [ -73.83586239255493, 0.575005437617108 ], [ -73.841549766796618, 0.5750659436913 ], [ -73.844998496243818, 0.582538187383307 ], [ -73.851381667431554, 0.581025585834539 ], [ -73.861667347003959, 0.575307958106578 ], [ -73.870168158024399, 0.574793675789806 ], [ -73.871529498430164, 0.578333160305817 ], [ -73.867747997702281, 0.584444060897113 ], [ -73.873737894230032, 0.581600374225445 ], [ -73.875976540821227, 0.592642355021383 ], [ -73.892736148446829, 0.598057461361634 ], [ -73.895037236983171, 0.606864103165947 ], [ -73.888712632405372, 0.607012053116193 ], [ -73.888687344809966, 0.610523362849221 ], [ -73.884489958808388, 0.614074996190823 ], [ -73.884356345083177, 0.617660756557257 ], [ -73.896729411900367, 0.621896036222665 ], [ -73.897273947703354, 0.631788439338493 ], [ -73.901085699222563, 0.63535817284918 ], [ -73.903324346711997, 0.635327921159558 ], [ -73.905562995099842, 0.631334660400967 ], [ -73.912067173944308, 0.633482549228347 ], [ -73.915697414427541, 0.637778334967948 ], [ -73.923986461824029, 0.635116159332256 ], [ -73.925892337134485, 0.631153147568341 ], [ -73.925710443415824, 0.622756771172817 ], [ -73.932132084986279, 0.616406878999612 ], [ -73.93618597129506, 0.616084003567948 ], [ -73.93847716757557, 0.618538063640983 ], [ -73.94452756838092, 0.620262426118757 ], [ -73.960760410690625, 0.615187124873557 ], [ -73.962769416271158, 0.615689377840738 ], [ -73.966187998233409, 0.621986791291533 ], [ -73.971330836672109, 0.623045611207885 ], [ -73.973539231573682, 0.625405268150757 ], [ -73.974900572877743, 0.629580042640328 ], [ -73.970816554355395, 0.630487604108566 ], [ -73.971058568770616, 0.632363225034453 ], [ -73.985458521249996, 0.635327921159558 ], [ -73.99132740832431, 0.638443878427722 ], [ -73.992658496142155, 0.641862355286946 ], [ -73.989905562742706, 0.646188389122926 ], [ -73.984732471716029, 0.649425354946118 ], [ -73.987818176396217, 0.651300976770358 ], [ -73.987606411873969, 0.655082478396537 ], [ -73.993868575404917, 0.655324493710111 ], [ -73.996651758697396, 0.662433711736867 ], [ -74.000735779016395, 0.664974878817418 ], [ -74.003549214896793, 0.663674045384141 ], [ -73.998950909566133, 0.660225315936998 ], [ -73.999495446267417, 0.657926165068261 ], [ -74.003942489556778, 0.659529518990951 ], [ -74.010658433821845, 0.657442131746166 ], [ -74.013471869702244, 0.66128413585335 ], [ -74.013320610355834, 0.66373454786509 ], [ -74.009206339245566, 0.663069005303612 ], [ -74.010870198344094, 0.669452174694698 ], [ -74.004547531433957, 0.675744591711918 ], [ -74.005939122630991, 0.677650466124021 ], [ -74.010386165920352, 0.678739537729996 ], [ -74.01201977422761, 0.682611796221693 ], [ -74.00990213529326, 0.683216833607275 ], [ -74.006907186580179, 0.681401715162337 ], [ -74.005061814648968, 0.685879010141321 ], [ -74.009387851179895, 0.689055469890377 ], [ -74.008298778675567, 0.696194939606698 ], [ -74.016981101630336, 0.695196623967888 ], [ -74.020429830179182, 0.701973073408851 ], [ -74.019582773886782, 0.708235236041446 ], [ -74.013986153815608, 0.707751202719408 ], [ -74.011293725591997, 0.710594892984375 ], [ -74.010991206000881, 0.714194879082982 ], [ -74.016708833728842, 0.713105809273657 ], [ -74.024846620880624, 0.715253699897687 ], [ -74.025784433140188, 0.718067135778085 ], [ -74.023182760883742, 0.722544430757011 ], [ -74.022849988704706, 0.728050295759374 ], [ -74.027357537169905, 0.724813331732776 ], [ -74.029928956838432, 0.725599881950984 ], [ -74.030685257163668, 0.727808277750853 ], [ -74.029142404823574, 0.73225532193851 ], [ -74.03694741979632, 0.7316805344459 ], [ -74.044205882246672, 0.727942548145052 ], [ -74.046839822912148, 0.72880659428796 ], [ -74.046749066944983, 0.737186399448262 ], [ -74.051861654592415, 0.73888051023647 ], [ -74.05812381902166, 0.745505695839427 ], [ -74.052224679359369, 0.752040129966815 ], [ -74.052829719439899, 0.755095580262434 ], [ -74.055975926601036, 0.756608180014609 ], [ -74.071253186164085, 0.757757755898126 ], [ -74.068984286086675, 0.761872027008451 ], [ -74.072947296952293, 0.765048486757507 ], [ -74.075669976865527, 0.770221578682481 ], [ -74.071464948889741, 0.772308966825562 ], [ -74.071253186164085, 0.774003079410363 ], [ -74.074732164605962, 0.775182906085206 ], [ -74.077031317271292, 0.779357682371369 ], [ -74.076305268635679, 0.782261873320635 ], [ -74.072523768806093, 0.784470270018801 ], [ -74.071797721068776, 0.786587909851505 ], [ -74.08386826829485, 0.785438333069692 ], [ -74.083596000393356, 0.788584542925776 ], [ -74.086258176029048, 0.794907208937616 ], [ -74.08286995265604, 0.796329053620923 ], [ -74.074459896704468, 0.795209729427029 ], [ -74.084745576276873, 0.813330675661803 ], [ -74.082748944999253, 0.822769298941807 ], [ -74.080117021053184, 0.824735680326455 ], [ -74.075488464931198, 0.823041566843301 ], [ -74.07739434113995, 0.829333982063872 ], [ -74.076940561304127, 0.840375961063216 ], [ -74.091753823585179, 0.846085759068899 ], [ -74.091482560000998, 0.848013122098052 ], [ -74.087042484050528, 0.849455079178313 ], [ -74.090368971554767, 0.85532282898464 ], [ -74.097250373050599, 0.848998225305138 ], [ -74.100305605953793, 0.842330971563911 ], [ -74.104474418320024, 0.839775426935716 ], [ -74.106630213226538, 0.839803985299682 ], [ -74.113397401029488, 0.845143489365341 ], [ -74.11835143859787, 0.845971548969317 ], [ -74.116880924051998, 0.851882128685872 ], [ -74.135140907145683, 0.856236543917476 ], [ -74.130243983610228, 0.861361898431937 ], [ -74.130072656782716, 0.865716310070297 ], [ -74.146833585831189, 0.868043423719485 ], [ -74.147090567089322, 0.870698906900941 ], [ -74.144949046424074, 0.874339480713104 ], [ -74.149731766148079, 0.876009861585828 ], [ -74.149446228322631, 0.880264339162466 ], [ -74.151302210264134, 0.882520063639106 ], [ -74.158968836962117, 0.876852186447877 ], [ -74.162480916551942, 0.867143984824452 ], [ -74.168034580948643, 0.869314054870529 ], [ -74.1683343930153, 0.876994954911424 ], [ -74.175101581716604, 0.881863329964347 ], [ -74.174544788391813, 0.886417627692538 ], [ -74.179199013893481, 0.892371031031132 ], [ -74.176243717747013, 0.900451685285304 ], [ -74.177699949966836, 0.906690625550993 ], [ -74.176743406022013, 0.91772657415504 ], [ -74.178927749411002, 0.917983553616523 ], [ -74.180883669007471, 0.914342980702713 ], [ -74.180426813337647, 0.902950114982218 ], [ -74.189264132633411, 0.900651557900346 ], [ -74.194532259204664, 0.902764521099982 ], [ -74.189321238581499, 0.904591947372467 ], [ -74.192990362672731, 0.907218872189958 ], [ -74.197287670159653, 0.907889877411037 ], [ -74.198943776791111, 0.910502527987319 ], [ -74.202527247350133, 0.906490753834305 ], [ -74.207738266176591, 0.909717302785168 ], [ -74.206481909266813, 0.912701148312465 ], [ -74.210279527580383, 0.916698641037726 ], [ -74.211578716197039, 0.920953115919417 ], [ -74.210108209736006, 0.922666329397316 ], [ -74.204069133102166, 0.923351618741094 ], [ -74.204797253254526, 0.926292629866566 ], [ -74.217860490864609, 0.924422373683853 ], [ -74.222314841954642, 0.926992192553257 ], [ -74.223771073276112, 0.934830137993913 ], [ -74.226298061336934, 0.937142975605184 ], [ -74.240032314049586, 0.929490623148467 ], [ -74.240232180376381, 0.936314916899562 ], [ -74.246271257010221, 0.945580537094372 ], [ -74.245214776308728, 0.947279476331062 ], [ -74.240446338012475, 0.947550730932107 ], [ -74.240217906135172, 0.948721424428186 ], [ -74.247170695006901, 0.954831882149676 ], [ -74.24896956291542, 0.952618990278211 ], [ -74.246114214305408, 0.949520925668139 ], [ -74.24662817592332, 0.947593562638986 ], [ -74.252895677247977, 0.950506027976928 ], [ -74.253152657607757, 0.952733202174443 ], [ -74.249754789015867, 0.955602833110561 ], [ -74.250668502152109, 0.95747309019157 ], [ -74.25710732042279, 0.95740170101908 ], [ -74.261790103390126, 0.954018107566753 ], [ -74.265701933599928, 0.955445783219204 ], [ -74.266929733044094, 0.962255802729089 ], [ -74.26331771490095, 0.965111159423941 ], [ -74.26194714609494, 0.968637515051626 ], [ -74.280920966116526, 0.974919289719196 ], [ -74.284587863282411, 0.978812506821441 ], [ -74.281424580032422, 0.984142643247878 ], [ -74.283876126617258, 0.989662575878754 ], [ -74.286489308996636, 0.989057719953053 ], [ -74.286375097100404, 0.991342002793601 ], [ -74.287874151145616, 0.989971433089295 ], [ -74.289101959572918, 0.991470499710886 ], [ -74.293699070143361, 0.990428290555712 ], [ -74.295412282722964, 0.993340753198652 ], [ -74.29334215212856, 0.995111071726399 ], [ -74.295911970997963, 0.995896292436953 ], [ -74.297339645752118, 0.99378333642386 ], [ -74.307490428804101, 0.994340130647004 ], [ -74.307304836718458, 0.997209752599929 ], [ -74.305006271551804, 0.998323341944513 ], [ -74.305634445964301, 0.999993721918884 ], [ -74.3068622552899, 1.000993096672289 ], [ -74.3073476594422, 0.999065735439729 ], [ -74.308789617420757, 0.999679634712663 ], [ -74.309374959228023, 1.002991849772286 ], [ -74.313315346903494, 1.00306322996164 ], [ -74.315927999276425, 1.007631790252958 ], [ -74.319639954176239, 1.006875121618123 ], [ -74.321495936117742, 1.009973188024787 ], [ -74.319283036161437, 1.011729222429835 ], [ -74.320053988020618, 1.013242564190989 ], [ -74.323623173558587, 1.012400236634051 ], [ -74.32308065357671, 1.017625533295018 ], [ -74.326050223964444, 1.014684521271249 ], [ -74.325393492984631, 1.020723588921896 ], [ -74.329833568935101, 1.014127724353216 ], [ -74.330890051433187, 1.015455462350644 ], [ -74.333902442748013, 1.014841563976063 ], [ -74.335587107743436, 1.019809873989061 ], [ -74.337742893666814, 1.021508815022344 ], [ -74.340755294863072, 1.019210251652339 ], [ -74.342782594648952, 1.023222025805353 ], [ -74.340484040262027, 1.023764535905741 ], [ -74.341883156652273, 1.02750505096617 ], [ -74.346780089170807, 1.030388958838444 ], [ -74.344552914074995, 1.029746509286383 ], [ -74.343810518783073, 1.031031411983747 ], [ -74.352733503289187, 1.034586326873693 ], [ -74.35129154531063, 1.039397603165014 ], [ -74.354717971368189, 1.041610494138183 ], [ -74.354875014971299, 1.044979814247597 ], [ -74.357758921046923, 1.043495034443595 ], [ -74.361171072863215, 1.044394462558841 ], [ -74.357730372564447, 1.048406241203452 ], [ -74.359001003715491, 1.049919580269659 ], [ -74.35823005185631, 1.0517470029489 ], [ -74.360514341883402, 1.050747629093848 ], [ -74.363840821302801, 1.053060465806823 ], [ -74.362341766359293, 1.055230535852843 ], [ -74.365739634951183, 1.056001477830591 ], [ -74.366182217278038, 1.059556390923888 ], [ -74.368266623012005, 1.059841929647689 ], [ -74.367638448599564, 1.058085887157802 ], [ -74.370265365332216, 1.058885383906215 ], [ -74.37007977324663, 1.062140484034558 ], [ -74.3740201609221, 1.060127459388298 ], [ -74.3762187785523, 1.062854323657461 ], [ -74.380616022795891, 1.063625274618346 ], [ -74.380487536658393, 1.069450195412685 ], [ -74.377946266271465, 1.070835035765015 ], [ -74.380630297935397, 1.072619627635675 ], [ -74.379816523352474, 1.075118067214078 ], [ -74.381601125104623, 1.077916312570892 ], [ -74.380316210729177, 1.080300528574924 ], [ -74.3824862798769, 1.082213620057757 ], [ -74.380030680988568, 1.087324700330953 ], [ -74.382257856084436, 1.086882118902395 ], [ -74.384013892286077, 1.09070829557993 ], [ -74.381872379705669, 1.092949744917007 ], [ -74.38452785390399, 1.096875856554618 ], [ -74.382657597721277, 1.097875234901267 ], [ -74.383000242393166, 1.099174413636433 ], [ -74.38492760362567, 1.098489132377551 ], [ -74.38644094179358, 1.101244544230838 ], [ -74.386198234776714, 1.098931714704406 ], [ -74.388211261219624, 1.09844630336562 ], [ -74.390181455057359, 1.101715683125065 ], [ -74.389396237940105, 1.103129083638009 ], [ -74.390895292883613, 1.103985690826107 ], [ -74.393208131393237, 1.102372414104877 ], [ -74.39683443186243, 1.105984433146318 ], [ -74.403915707770011, 1.105613241788603 ], [ -74.403501682908768, 1.107840414189468 ], [ -74.4078846439279, 1.108211608242186 ], [ -74.412024907811713, 1.112337597884675 ], [ -74.413980827408182, 1.110453064765807 ], [ -74.415793977642807, 1.111780801864938 ], [ -74.418692158857993, 1.111066965835334 ], [ -74.419834303871539, 1.112009225657403 ], [ -74.418249577429435, 1.113536839863229 ], [ -74.418749264806138, 1.117591448418068 ], [ -74.423746134081398, 1.116963264124138 ], [ -74.42346059625595, 1.115278608111851 ], [ -74.425930478368684, 1.115021630446961 ], [ -74.433725591204109, 1.119276104430355 ], [ -74.43593849205871, 1.126714299251034 ], [ -74.438622522824403, 1.125900521973165 ], [ -74.439193591288756, 1.128156257229591 ], [ -74.440635549267313, 1.126971278712517 ], [ -74.444547378578818, 1.129512540116309 ], [ -74.445489649180672, 1.133038903828833 ], [ -74.444418893339673, 1.135608723596533 ], [ -74.446017885938147, 1.136165516921324 ], [ -74.444404610115271, 1.139020867327986 ], [ -74.448459218670109, 1.141347978282226 ], [ -74.448059468948429, 1.144017736603246 ], [ -74.450400855940529, 1.148072335276652 ], [ -74.454755267578889, 1.148814732365167 ], [ -74.457325088244943, 1.155624751874996 ], [ -74.460237542803043, 1.155924563043357 ], [ -74.459637925856214, 1.159822120808599 ], [ -74.461336856109767, 1.160735833046488 ], [ -74.46302152110519, 1.158365887690479 ], [ -74.464049445239368, 1.161007089444183 ], [ -74.465891143956469, 1.159765015758808 ], [ -74.466449841711153, 1.173200882032177 ], [ -74.469376580392009, 1.171330624951167 ], [ -74.470361681802444, 1.1753709511799 ], [ -74.473188481929981, 1.17594201964431 ], [ -74.47642930691876, 1.17157333466298 ], [ -74.480797993696683, 1.172330004196112 ], [ -74.482268500157772, 1.173557802741925 ], [ -74.481483283040461, 1.176398876212431 ], [ -74.483225045000893, 1.181438577194569 ], [ -74.491933870074263, 1.185350408302668 ], [ -74.493789852015766, 1.191318095763961 ], [ -74.498015779313278, 1.193802253016258 ], [ -74.503269620863477, 1.193402509582768 ], [ -74.505525353424957, 1.195201381982884 ], [ -74.511064741783798, 1.191889172313211 ], [ -74.514619654877151, 1.195101443429564 ], [ -74.518088902760098, 1.19504433478653 ], [ -74.525384337202013, 1.199641455238407 ], [ -74.527325973574079, 1.206137378558878 ], [ -74.534364417774782, 1.21190519340513 ], [ -74.539603994066908, 1.214389357843913 ], [ -74.54240223762713, 1.212847463108687 ], [ -74.555436926754737, 1.218786593104369 ], [ -74.562075621233703, 1.226110575130463 ], [ -74.566715571595864, 1.22788089365821 ], [ -74.57255476483482, 1.233448833194416 ], [ -74.572569048059222, 1.236718213852214 ], [ -74.570755897824597, 1.238260108587497 ], [ -74.572369172749234, 1.247896921038318 ], [ -74.577808616266509, 1.259675254154445 ], [ -74.581420643392789, 1.263472873366368 ], [ -74.586060584771815, 1.264415143069925 ], [ -74.590186574414304, 1.268198487142229 ], [ -74.595540361704366, 1.274951392619187 ], [ -74.598095899146017, 1.282832168868367 ], [ -74.606843422774375, 1.281596625940324 ], [ -74.608960859587683, 1.283407189024842 ], [ -74.787462592695249, 1.567755837222762 ], [ -74.782385362765581, 1.576667380776314 ], [ -74.782726527012699, 1.5823619190881 ], [ -74.787134586980926, 1.584731045179979 ], [ -74.794940431099349, 1.583145284776151 ], [ -74.798694968872496, 1.585468140407443 ], [ -74.802505360341286, 1.596775894280256 ], [ -74.811648661337983, 1.604639689662122 ], [ -74.812764716559911, 1.608601367426786 ], [ -74.81130526028403, 1.612153213669274 ], [ -74.804058737351625, 1.614119562714507 ], [ -74.802534281624901, 1.616421430090838 ], [ -74.80339024022885, 1.619651698968255 ], [ -74.807464394343242, 1.621988038322741 ], [ -74.807801470354264, 1.625044368968076 ], [ -74.802053803837566, 1.634107036222304 ], [ -74.801738742856742, 1.642653634409271 ], [ -74.795158933889923, 1.650557702195727 ], [ -74.799310385401157, 1.661636246249543 ], [ -74.797866664028277, 1.666071901586974 ], [ -74.79484689304752, 1.668092402917296 ], [ -74.79811629167159, 1.673610929683662 ], [ -74.796783303915447, 1.674168800987673 ], [ -74.795272513371685, 1.681674526713607 ], [ -74.800214595252442, 1.687564040919995 ], [ -74.803364463949549, 1.688716502194495 ], [ -74.803256077632568, 1.691684901178178 ], [ -74.804878931300721, 1.691217650195597 ], [ -74.801677597181595, 1.696021375242651 ], [ -74.802975774294453, 1.699961411676554 ], [ -74.801361645071324, 1.7032515524171 ], [ -74.802698638418576, 1.705270398151072 ], [ -74.799857938647563, 1.706864944983693 ], [ -74.803491425644779, 1.70801202265045 ], [ -74.802788424204437, 1.710101028660631 ], [ -74.8058793705585, 1.710087887195868 ], [ -74.805261823224328, 1.711789261767251 ], [ -74.807287312005087, 1.71106592065604 ], [ -74.809154762746971, 1.714773171973263 ], [ -74.813501923178592, 1.715308632988013 ], [ -74.815178319175288, 1.723584804821257 ], [ -74.81263141544872, 1.722797758732611 ], [ -74.812385150202147, 1.725131509140397 ], [ -74.814147268901422, 1.725817500967253 ], [ -74.812514063938011, 1.727770454324286 ], [ -74.815511624055716, 1.732147730799852 ], [ -74.815034095439785, 1.733760305037947 ], [ -74.820169965641298, 1.732611992186719 ], [ -74.825092077957379, 1.735265046321786 ], [ -74.828670616761485, 1.734819837318923 ], [ -74.832024589142065, 1.738482739673543 ], [ -74.835434513134658, 1.739324751023275 ], [ -74.834950981971247, 1.743114795634654 ], [ -74.839099893943114, 1.745723419060312 ], [ -74.839982076187766, 1.748823845343168 ], [ -74.844323321208549, 1.750749286874395 ], [ -74.847036773619834, 1.756373715215659 ], [ -74.846717222855659, 1.759883754729856 ], [ -74.849642971592289, 1.762760806654455 ], [ -74.848698397708176, 1.76412855564655 ], [ -74.850509388391117, 1.766640570576328 ], [ -74.847469009143026, 1.774216647919786 ], [ -74.845681714239504, 1.774297068761371 ], [ -74.843086993152269, 1.778536601054725 ], [ -74.843870640013165, 1.784887222660529 ], [ -74.833296370137589, 1.789803141986056 ], [ -74.833550923247515, 1.794936978400187 ], [ -74.835852538197059, 1.797717396675978 ], [ -74.843990225635764, 1.797337147598057 ], [ -74.848616291625774, 1.800559181612755 ], [ -74.853965928695914, 1.813871554589014 ], [ -74.856796197221513, 1.815581017597594 ], [ -74.856037025878379, 1.840713493587373 ], [ -74.857874195286172, 1.841460363391263 ], [ -74.859339434920514, 1.848087129132068 ], [ -74.855549418156897, 1.854010411935178 ], [ -74.858822023769164, 1.86109694119466 ], [ -74.85803282711197, 1.864345202443303 ], [ -74.861690680930678, 1.868739906249232 ], [ -74.8639948183515, 1.876789846181055 ], [ -74.869460372321669, 1.884565000231646 ], [ -74.87068142900597, 1.889887886349584 ], [ -74.876729319018068, 1.90010521126095 ], [ -74.876366450558066, 1.903729130294437 ], [ -74.881575090643764, 1.905539104981983 ], [ -74.883497696191398, 1.908242171063705 ], [ -74.883383480701923, 1.910469347956166 ], [ -74.878599337147023, 1.916792767655181 ], [ -74.889772692166446, 1.928190714250945 ], [ -74.895969760126775, 1.930025752853226 ], [ -74.899753100605835, 1.934223121786829 ], [ -74.897208070766453, 1.940262787715938 ], [ -74.901237094383305, 1.948747588948606 ], [ -74.901598769879627, 1.953297121110381 ], [ -74.905856814669107, 1.95761821959826 ], [ -74.917430926422412, 1.962812047351463 ], [ -74.922273617722624, 1.971411896812583 ], [ -74.922965763014076, 1.974221194151141 ], [ -74.919707611306308, 1.985836028365384 ], [ -74.919360593632121, 1.995306196910008 ], [ -74.917525646658078, 1.997436694339626 ], [ -74.918896217260794, 1.999359298090667 ], [ -74.918780295869169, 2.004604954185481 ], [ -74.917366526148385, 2.006339282580996 ], [ -74.920517285974995, 2.013103769147733 ], [ -74.920613298887417, 2.019114735677306 ], [ -74.92411977388366, 2.021093105088937 ], [ -74.92273271558912, 2.026389327391428 ], [ -74.927528220146485, 2.028816060691724 ], [ -74.93216288930887, 2.033731935999811 ], [ -74.93495872538216, 2.040238966997606 ], [ -74.943544679691399, 2.037826990334224 ], [ -74.943762217690619, 2.03609395012387 ], [ -74.948600129949682, 2.034519591146704 ], [ -74.948521498553532, 2.032669372800683 ], [ -74.956578824439532, 2.033115917599389 ], [ -74.953591962367113, 2.039052429003959 ], [ -74.955455168565891, 2.041254939037401 ], [ -74.952027883718245, 2.045496046078654 ], [ -74.950269016922903, 2.04460159193917 ], [ -74.950848961647637, 2.045968793856844 ], [ -74.946488906788147, 2.04806520019423 ], [ -74.948090852151381, 2.051860674227555 ], [ -74.945239142619471, 2.055884849632946 ], [ -74.946854659740779, 2.059376444923032 ], [ -74.945427573383597, 2.060356431322134 ], [ -74.945343019390123, 2.063538877449048 ], [ -74.942030927399799, 2.065480224563373 ], [ -74.945021099766677, 2.069866277586186 ], [ -74.940969429603456, 2.075179211261229 ], [ -74.941359282577764, 2.080349583085365 ], [ -74.937223116811595, 2.083845569344021 ], [ -74.939632585376671, 2.088779740654047 ], [ -74.938517043991453, 2.094242013075871 ], [ -74.942100883758314, 2.098446793116466 ], [ -74.946792453154444, 2.098469789107753 ], [ -74.949276225029166, 2.09437616399407 ], [ -74.960982150282405, 2.08594168911867 ], [ -74.965118894564114, 2.096604089183757 ], [ -74.965562322206324, 2.102954614669727 ], [ -74.969296064862419, 2.103974968694956 ], [ -74.968437419395286, 2.10825850409924 ], [ -74.977714550611324, 2.105365177383703 ], [ -74.987633594186434, 2.109326876707939 ], [ -74.991996140076196, 2.112976050997474 ], [ -74.998732017973339, 2.111453278714919 ], [ -75.001146509023215, 2.113511082617208 ], [ -75.002622552704054, 2.120231956840485 ], [ -75.005856307047623, 2.124733542284105 ], [ -75.004061444730098, 2.128394145848063 ], [ -75.005351431896031, 2.135934071362499 ], [ -75.003910966020328, 2.138252528838677 ], [ -75.008947442946351, 2.142925460872732 ], [ -75.01303218461311, 2.144407076807738 ], [ -75.014359468961004, 2.147318871103607 ], [ -75.019211332067528, 2.146275309084558 ], [ -75.022063187126605, 2.1494185940237 ], [ -75.026268115389371, 2.150459421568883 ], [ -75.025888498725863, 2.158091578085362 ], [ -75.02391526588508, 2.160851751911764 ], [ -75.025794532177315, 2.167229523322021 ], [ -75.022476990103826, 2.175695894703665 ], [ -75.024336918347501, 2.178043676807363 ], [ -75.023955785326621, 2.18166444005675 ], [ -75.020800003913564, 2.187061282734362 ], [ -75.01801773331016, 2.187533888578628 ], [ -75.013970100178994, 2.200385694043348 ], [ -75.009171068833098, 2.204261252948015 ], [ -75.00503337682801, 2.204550349003171 ], [ -75.003433746425117, 2.206208705916254 ], [ -75.00346423796509, 2.21113802272663 ], [ -75.00764145497584, 2.212662555708505 ], [ -75.006299867640621, 2.222785451438597 ], [ -75.007065092735331, 2.229446328034555 ], [ -75.009243120064468, 2.230475941901091 ], [ -75.005505881162549, 2.233461970336236 ], [ -75.003120485669626, 2.237682285853737 ], [ -75.004133431282753, 2.239685988674921 ], [ -75.003047245966115, 2.242665209671429 ], [ -75.000134060178766, 2.245427711034608 ], [ -75.005332586124666, 2.251580553999929 ], [ -75.006851962772714, 2.256452604063611 ], [ -75.002055256268591, 2.26359743582816 ], [ -75.001816676115425, 2.272035625240278 ], [ -74.999164904775625, 2.273284219801496 ], [ -75.001603881224696, 2.282200359139665 ], [ -75.003891316256158, 2.284186429814383 ], [ -74.999102979362192, 2.291134542951397 ], [ -74.989169665139059, 2.298696666752448 ], [ -74.994967597825848, 2.310103721374162 ], [ -74.995295645761075, 2.322277043137206 ], [ -74.984465380978293, 2.333719450985086 ], [ -74.985224547829887, 2.342802742676383 ], [ -74.987218988114762, 2.34672256610196 ], [ -74.994677745388685, 2.347588987392385 ], [ -75.003279168699407, 2.352762398219511 ], [ -75.010461675837007, 2.349372055719073 ], [ -75.009532439800296, 2.354447789952644 ], [ -75.002437864324349, 2.360083030425301 ], [ -74.998469907330843, 2.366913942070369 ], [ -74.994916324643555, 2.367818035140544 ], [ -74.993560188182357, 2.370429855672853 ], [ -74.995554630263882, 2.376580605561912 ], [ -74.992875840273769, 2.387647357421599 ], [ -74.993729702208157, 2.390594025242876 ], [ -74.997037265787526, 2.393535112725203 ], [ -74.99747256905988, 2.399378220825326 ], [ -74.995245825155678, 2.404735804398797 ], [ -74.990775595432069, 2.407263909066444 ], [ -74.993184412718051, 2.412870530987959 ], [ -74.992479661358175, 2.419527219634745 ], [ -74.989709427290848, 2.423899532914334 ], [ -74.98883741488163, 2.42944415126891 ], [ -74.984266793853408, 2.431440585815324 ], [ -74.983169308619779, 2.435094407991869 ], [ -74.990318013922945, 2.441085402261763 ], [ -74.996701230924771, 2.449249570259497 ], [ -75.002900915679618, 2.45221247065092 ], [ -75.005963410569336, 2.449872029585606 ], [ -75.010768791212797, 2.450245505360897 ], [ -75.012415590392209, 2.455424601630057 ], [ -75.012163095324183, 2.465931455584837 ], [ -75.009623464363926, 2.470786632579063 ], [ -75.01196391081919, 2.47255441605904 ], [ -75.015627857017023, 2.489748319046441 ], [ -75.010021839662159, 2.497303359625903 ], [ -75.011391247843903, 2.509503541935601 ], [ -75.005838919243104, 2.513686463252952 ], [ -75.008328753852481, 2.524044173395509 ], [ -75.002004575076512, 2.526658494839523 ], [ -74.996228162447835, 2.539655427745686 ], [ -74.986492910733034, 2.547622893285563 ], [ -74.984376554593894, 2.551581730574981 ], [ -74.987697370130888, 2.559633229983376 ], [ -74.98048930230982, 2.564861879159707 ], [ -74.98019051971329, 2.567887028358371 ], [ -74.984896307655049, 2.571042892416472 ], [ -74.987828084990383, 2.57705584242774 ], [ -74.997305149008639, 2.586536007432869 ], [ -75.018845186550777, 2.591415954592549 ], [ -75.028742275282866, 2.590314203256241 ], [ -75.032645090891606, 2.592443011851742 ], [ -75.037578386343569, 2.597775853107635 ], [ -75.037276181163065, 2.602153364043659 ], [ -75.039330293884859, 2.605327899599843 ], [ -75.049342694950269, 2.610440305787449 ], [ -75.049378718320213, 2.622968108433952 ], [ -75.055364859887106, 2.628708846239306 ], [ -75.074638493771999, 2.625199136407105 ], [ -75.086801696903592, 2.62644597296395 ], [ -75.093297673224697, 2.624139281630733 ], [ -75.103691825352428, 2.626188835398807 ], [ -75.118004169563903, 2.608602394370621 ], [ -75.120205167731513, 2.606817799805015 ], [ -75.126748684731979, 2.606163449362612 ], [ -75.134372406959471, 2.599054158572244 ], [ -75.134020462022022, 2.60485069437766 ], [ -75.149526240599073, 2.620740646775289 ], [ -75.15015680183717, 2.63361353032667 ], [ -75.155599502648272, 2.64592600932292 ], [ -75.153520114009154, 2.656917799407324 ], [ -75.140280954685238, 2.668797225412789 ], [ -75.133332094149353, 2.691488890592211 ], [ -75.134277623841683, 2.694309471678082 ], [ -75.138353228736378, 2.695162505365147 ], [ -75.144639028757922, 2.69972685435107 ], [ -75.148898264714433, 2.700178949844371 ], [ -75.154093446229865, 2.704123760827827 ], [ -75.146811568274643, 2.722372114322525 ], [ -75.140125098655858, 2.72603835122618 ], [ -75.122826602939938, 2.729474804286895 ], [ -75.120578011990631, 2.729522396170239 ], [ -75.114385464356474, 2.724715883648685 ], [ -75.107728128922133, 2.731857043995717 ], [ -75.096282921921556, 2.737567750198878 ], [ -75.091857122009003, 2.734522035852081 ], [ -75.089596635559246, 2.730453160242519 ], [ -75.087859630182038, 2.730334188169763 ], [ -75.084018550442067, 2.733142108389927 ], [ -75.074718604694567, 2.745459186764094 ], [ -75.072247090341648, 2.746038301444855 ], [ -75.070344334882691, 2.74214632132373 ], [ -75.06973322398261, 2.745137551008497 ], [ -75.057896963857559, 2.758324690649545 ], [ -75.055041635908822, 2.764425024349691 ], [ -75.042353337430825, 2.777011013618505 ], [ -75.041111523358722, 2.783082100844638 ], [ -75.035870351657366, 2.788374738866253 ], [ -75.026485726152146, 2.793154583080764 ], [ -75.025519871161976, 2.799777582182628 ], [ -75.021104539325734, 2.803641003041491 ], [ -75.022484331142152, 2.809574108031768 ], [ -75.020276663876587, 2.814955296654773 ], [ -75.014343557988013, 2.824199900746748 ], [ -75.011859928945512, 2.824475860727034 ], [ -75.009514284833926, 2.827235445258168 ], [ -75.005512888925637, 2.83468632160583 ], [ -75.000821592617569, 2.837721865218896 ], [ -74.996544237627347, 2.846138596556671 ], [ -74.99171496806656, 2.850967867914108 ], [ -74.988955381738776, 2.858004808333817 ], [ -74.984678026748554, 2.861040351946883 ], [ -74.975433421758225, 2.862834077894661 ], [ -74.971294046308969, 2.870146977396246 ], [ -74.964119124551701, 2.873044544163292 ], [ -74.962601354990966, 2.878011793265102 ], [ -74.955793053959553, 2.879709918627498 ], [ -74.95459856227609, 2.885876608235662 ], [ -74.947285663672744, 2.892913545062072 ], [ -74.937075202794006, 2.907539344065299 ], [ -74.931526187182556, 2.90986116842987 ], [ -74.928329467712786, 2.906249999195325 ], [ -74.922500613192653, 2.905416725765292 ], [ -74.919166563664362, 2.900416613569291 ], [ -74.919998167124902, 2.899166817061257 ], [ -74.917915346020379, 2.891666652809647 ], [ -74.910625452391514, 2.883541823866153 ], [ -74.907501216243134, 2.888333320137519 ], [ -74.905830380822465, 2.888333560886167 ], [ -74.904998779158575, 2.891666652809647 ], [ -74.900001526302333, 2.89249992623968 ], [ -74.894165040587779, 2.904999961938586 ], [ -74.879997263268535, 2.912083143174357 ], [ -74.878334041974313, 2.914999952768483 ], [ -74.87124632963264, 2.916666505916737 ], [ -74.856666573815971, 2.915833234283355 ], [ -74.8516693137733, 2.913333422078097 ], [ -74.845413212078711, 2.916666754750281 ], [ -74.836875920445493, 2.908541554802298 ], [ -74.832916262095239, 2.910833361937705 ], [ -74.832496646115203, 2.914999951870186 ], [ -74.829170234967819, 2.91958356434435 ], [ -74.824165351815566, 2.922916896118181 ], [ -74.817497257250523, 2.923750154276831 ], [ -74.815002434292353, 2.928333284355347 ], [ -74.809791564586305, 2.929791572820477 ], [ -74.804168695721614, 2.9358334557935 ], [ -74.799163814365954, 2.937916759293728 ] ] ] } },
{ "type": "Feature", "properties": { "cod_mun": "18756", "municipio": "Solano" }, "geometry": { "type": "Polygon", "coordinates": [ [ [ -72.033192223220283, 0.664277519699908 ], [ -72.023950512604074, 0.66312828158317 ], [ -72.01736669085966, 0.654739215683264 ], [ -72.013650017105874, 0.653252549415697 ], [ -72.002818568342605, 0.658668272000682 ], [ -71.999314275355914, 0.658774461036728 ], [ -71.996447127365229, 0.655270168948334 ], [ -71.994217122573957, 0.644544913712707 ], [ -71.994960456606066, 0.633076318156725 ], [ -71.98147424061915, 0.632014410728289 ], [ -71.984872342773201, 0.622138676764166 ], [ -71.994960456606066, 0.60663483765137 ], [ -71.998464749592813, 0.603555308893647 ], [ -72.011844774747033, 0.597714822079638 ], [ -72.011101440714924, 0.595272437419681 ], [ -72.006960003630468, 0.592617669297738 ], [ -71.993960805171355, 0.591420637176554 ], [ -71.990677124221179, 0.589001081421088 ], [ -71.98894887023846, 0.581915241169952 ], [ -71.991541250314242, 0.576384832377869 ], [ -71.989762932282531, 0.563016231108236 ], [ -71.985841697602496, 0.560181606648314 ], [ -71.976392938623064, 0.560795773619418 ], [ -71.963873334008383, 0.556024149894654 ], [ -71.959526905704308, 0.551205282833109 ], [ -71.955369451645538, 0.541473063833109 ], [ -71.9531017499217, 0.54000850512233 ], [ -71.949652953100781, 0.541331331127878 ], [ -71.943369529125107, 0.550591114065355 ], [ -71.942708116122276, 0.556260371069982 ], [ -71.94530652389841, 0.564953226779835 ], [ -71.944786842702513, 0.568118560885239 ], [ -71.941385290116671, 0.571047679205151 ], [ -71.938645149635363, 0.569961068985037 ], [ -71.935385327958159, 0.561362700847042 ], [ -71.929290879126086, 0.55342574211852 ], [ -71.927920808885403, 0.540953380840563 ], [ -71.918377563232468, 0.527110950220333 ], [ -71.913133501648531, 0.514544102268871 ], [ -71.915212229127064, 0.510433890648585 ], [ -71.921164947050556, 0.506654389572077 ], [ -71.929149147319151, 0.497205628795996 ], [ -71.92900741641057, 0.486623023446214 ], [ -71.926125545020682, 0.481520692770857 ], [ -71.921920846726834, 0.478544332910815 ], [ -71.905432764095394, 0.478638822279265 ], [ -71.901464285180282, 0.471977445321329 ], [ -71.903259549943357, 0.468008967304513 ], [ -71.920786995864944, 0.460072010372642 ], [ -71.921873604288407, 0.454780706350277 ], [ -71.919369683185835, 0.451001201680526 ], [ -71.913558696170924, 0.446371310660993 ], [ -71.904204424763293, 0.4427807811349 ], [ -71.8980627316962, 0.443678414414705 ], [ -71.889842312947167, 0.447552404859664 ], [ -71.885070690120699, 0.455678336935193 ], [ -71.888141535755949, 0.467867238192582 ], [ -71.887102173364156, 0.469379038443492 ], [ -71.86825189964037, 0.45936335493144 ], [ -71.858992116702893, 0.457001165635745 ], [ -71.847275655999567, 0.438056404340102 ], [ -71.845716610615284, 0.428182450838278 ], [ -71.848031556574199, 0.419300619984767 ], [ -71.846897705712252, 0.413584118745064 ], [ -71.837543435202974, 0.407111717829082 ], [ -71.823417540968933, 0.405741650283346 ], [ -71.823842736389622, 0.403521190099582 ], [ -71.828992308605052, 0.398371617884152 ], [ -71.834945027426841, 0.396859817633185 ], [ -71.836267853432446, 0.395111795308594 ], [ -71.835134001672202, 0.381269363790011 ], [ -71.832913544183384, 0.373521384696744 ], [ -71.834708808048163, 0.367615910110032 ], [ -71.84311820283915, 0.358923055298476 ], [ -71.853748056017253, 0.356702595114712 ], [ -71.853133886351259, 0.35235616591234 ], [ -71.834614319578009, 0.340120022216468 ], [ -71.823464785203953, 0.339364121641836 ], [ -71.808205040107964, 0.346119982578386 ], [ -71.803622393323451, 0.350466411780815 ], [ -71.801874371897156, 0.355285278842359 ], [ -71.802630273370085, 0.362466337894546 ], [ -71.814960902841165, 0.367001738647332 ], [ -71.816236484611636, 0.37134816784976 ], [ -71.81481917103423, 0.373568627135171 ], [ -71.788882330321655, 0.363836407236874 ], [ -71.778913890146328, 0.36459230691321 ], [ -71.770457251120263, 0.36926944396447 ], [ -71.766961210064323, 0.369600150016709 ], [ -71.765969091009254, 0.367190714689343 ], [ -71.772441490128642, 0.35802542022202 ], [ -71.773480853418732, 0.348387688793878 ], [ -71.775795799377704, 0.346403447090495 ], [ -71.785244558357135, 0.345364082902108 ], [ -71.788598866707844, 0.340781436117595 ], [ -71.789071304567017, 0.335679105442239 ], [ -71.784630387792788, 0.332183065284596 ], [ -71.77664618842249, 0.331332676239867 ], [ -71.769323400258315, 0.327458685794909 ], [ -71.753685704875011, 0.332419287358277 ], [ -71.753969166692173, 0.317537490752954 ], [ -71.751323514680962, 0.297222659216686 ], [ -71.745229065848889, 0.289380189856615 ], [ -71.737244864681998, 0.285695174555372 ], [ -71.733796067861078, 0.286829027213912 ], [ -71.73137701965419, 0.302200341360503 ], [ -71.727160715117634, 0.308560528235034 ], [ -71.714440336876976, 0.313062687702597 ], [ -71.707865758804132, 0.318636783398404 ], [ -71.705007248121831, 0.318422397590041 ], [ -71.69950461166718, 0.306273720228148 ], [ -71.700862404623081, 0.299556215588211 ], [ -71.706150651676126, 0.294696747338378 ], [ -71.717441774126485, 0.292124087095488 ], [ -71.724373666371434, 0.288122170163945 ], [ -71.726303161104454, 0.280975887619036 ], [ -71.697932431106324, 0.237455043907858 ], [ -71.657270098077447, 0.220161050551724 ], [ -71.650481132399705, 0.21308623084127 ], [ -71.643906555225215, 0.209584553750744 ], [ -71.636188572699837, 0.21051356880173 ], [ -71.627041335282399, 0.215873278689173 ], [ -71.624111359968992, 0.215873278689173 ], [ -71.623896970567387, 0.212514527267501 ], [ -71.627470111390664, 0.20479654743707 ], [ -71.625187839879629, 0.201442331612895 ], [ -71.617775768088222, 0.196883474930985 ], [ -71.617122674389918, 0.192939287378863 ], [ -71.620773302154703, 0.190757905737769 ], [ -71.632074493829123, 0.189808884291153 ], [ -71.63712981832316, 0.185478847559068 ], [ -71.636148830301636, 0.182972109337527 ], [ -71.624779967584686, 0.184318556562346 ], [ -71.612679423790723, 0.181602479271703 ], [ -71.605782439207189, 0.18330254499665 ], [ -71.592440976962223, 0.197250436118679 ], [ -71.577010700048334, 0.207964033009262 ], [ -71.571148543157449, 0.215308574793653 ], [ -71.560771850699496, 0.216251914391592 ], [ -71.559963277366251, 0.212815475703906 ], [ -71.561715185805838, 0.208098796578952 ], [ -71.570879018713015, 0.204460215231734 ], [ -71.577212843606276, 0.197991628565433 ], [ -71.577886655166481, 0.179798726320769 ], [ -71.590015256962374, 0.169556795635856 ], [ -71.589947875177529, 0.16625512231451 ], [ -71.58738739340464, 0.163896782302857 ], [ -71.582199047175664, 0.163222969844355 ], [ -71.577414987164161, 0.164772734726057 ], [ -71.5687228231576, 0.170837037869774 ], [ -71.555853028914953, 0.171106561415911 ], [ -71.548306342674323, 0.173869190339985 ], [ -71.531461062651829, 0.165244405423323 ], [ -71.526879147096508, 0.15992129472636 ], [ -71.526137954649755, 0.152509372953716 ], [ -71.532000112438993, 0.141391488947363 ], [ -71.54264632934138, 0.135596712044673 ], [ -71.545004667556384, 0.131014793794463 ], [ -71.536379885334668, 0.121648820922644 ], [ -71.529709154212185, 0.119896911584704 ], [ -71.521488658208, 0.125354781359761 ], [ -71.516367691068865, 0.132227655141833 ], [ -71.510909822192104, 0.132968849385236 ], [ -71.503026230620549, 0.129465029811058 ], [ -71.495210020833838, 0.134788136914779 ], [ -71.494873114604559, 0.145569117386799 ], [ -71.483081419037944, 0.15055532185454 ], [ -71.482744513706962, 0.165648691640797 ], [ -71.476949736804272, 0.172117278307098 ], [ -71.475669496367004, 0.182965638767371 ], [ -71.473513299913236, 0.184987074346395 ], [ -71.469335670575447, 0.1849196907649 ], [ -71.464349467904412, 0.182089685445874 ], [ -71.455589922113006, 0.174071330304628 ], [ -71.456668019890742, 0.163088208071258 ], [ -71.461182554559457, 0.160392963626975 ], [ -71.468796621686636, 0.159112721393058 ], [ -71.470346388364987, 0.152644134726813 ], [ -71.466707807017713, 0.149611984053251 ], [ -71.461115173672965, 0.149948891180827 ], [ -71.454916110552801, 0.141324108060815 ], [ -71.449593003449081, 0.13903314893571 ], [ -71.439351071865872, 0.142200059585662 ], [ -71.43052414608627, 0.139774342280759 ], [ -71.421831981181413, 0.141997918722723 ], [ -71.408827425165669, 0.150690080932634 ], [ -71.401752407825711, 0.160123440979191 ], [ -71.403841221596281, 0.16969155830725 ], [ -71.402695742932053, 0.184380642774329 ], [ -71.399596212270296, 0.185863026769539 ], [ -71.391106190923324, 0.178316341427262 ], [ -71.37675401178717, 0.174879906332819 ], [ -71.373115432236546, 0.172117278307098 ], [ -71.36893780200046, 0.162347017421155 ], [ -71.370285425120926, 0.150420559183146 ], [ -71.365433984222875, 0.144558398699019 ], [ -71.360178257107407, 0.143210780070149 ], [ -71.351822998431828, 0.14449101781247 ], [ -71.345421790855426, 0.138628862718235 ], [ -71.341850592191349, 0.138291954692306 ], [ -71.339155346848713, 0.140380773852769 ], [ -71.338953204189181, 0.14287387204422 ], [ -71.343804644188879, 0.148938171594693 ], [ -71.34373726330233, 0.152441990270574 ], [ -71.340435588184334, 0.155069858319905 ], [ -71.335247241955358, 0.15500247473841 ], [ -71.33012627661293, 0.145097447587887 ], [ -71.322983878386424, 0.140582913817411 ], [ -71.320962444604049, 0.136337906288077 ], [ -71.321029826388894, 0.126904546241519 ], [ -71.323388164603898, 0.12185096268388 ], [ -71.329317704177981, 0.11619094935088 ], [ -71.328509129946383, 0.112889273334588 ], [ -71.322040543280082, 0.111002603121904 ], [ -71.307418839699494, 0.101906153796222 ], [ -71.292594992561021, 0.098065427992765 ], [ -71.290304035232509, 0.0959092306407 ], [ -71.290169272561172, 0.08526301463661 ], [ -71.297042147241541, 0.074953703963502 ], [ -71.29663786012577, 0.070573932864477 ], [ -71.289630223672305, 0.067474397711123 ], [ -71.279792580103219, 0.065789870158028 ], [ -71.268000885434901, 0.070169643053703 ], [ -71.264362304087626, 0.070102264862157 ], [ -71.259847769418911, 0.067137494176791 ], [ -71.253845903728745, 0.05951881060372 ], [ -71.261214376651367, 0.054335363790244 ], [ -71.261829363785012, 0.044905555685148 ], [ -71.263366833415603, 0.041933116076109 ], [ -71.271361668847362, 0.035168254013229 ], [ -71.285688105840222, 0.037874200096041 ], [ -71.293488472925958, 0.033273984047185 ], [ -71.303688952615687, 0.032473944715889 ], [ -71.315152269666839, 0.02053989840266 ], [ -71.32787100578588, 0.018742685192194 ], [ -71.342248706079602, 0.018880933329683 ], [ -71.352617240929931, 0.023719583106129 ], [ -71.356840288226351, 0.029062678639207 ], [ -71.361979174973044, 0.031885450717766 ], [ -71.370589366746231, 0.031184925934667 ], [ -71.385934796815604, 0.025931534440758 ], [ -71.387455516446096, 0.022337113409719 ], [ -71.385796549576469, 0.01459527161137 ], [ -71.395473849129473, 0.01113909242963 ], [ -71.400450745246758, 0.0056092082541 ], [ -71.420295896754055, 0.003711656739711 ], [ -71.427243929940857, 0.00625361882993 ], [ -71.435547675583791, 0.006762010888679 ], [ -71.448378997647069, 0.003348824212367 ], [ -71.450431567960322, -0.00178260112159 ], [ -71.450914525998144, -0.009328815746301 ], [ -71.453751901999965, -0.012226563074933 ], [ -71.462492486137194, -0.008320304220945 ], [ -71.465881771319687, -0.007981374085716 ], [ -71.470287839721379, -0.011201194649743 ], [ -71.474863373639778, -0.012217980563832 ], [ -71.485709084067821, -0.008659232559523 ], [ -71.500621934558978, 0.001169692852784 ], [ -71.514856929271275, 0.005575762152773 ], [ -71.546716201183358, 0.021335933939554 ], [ -71.563832087222806, 0.021166468422791 ], [ -71.577219759741126, 0.015743614107066 ], [ -71.58213422199816, 0.009303972978898 ], [ -71.578236544756919, -0.001033342695507 ], [ -71.581117436982368, -0.00526994558038 ], [ -71.593488325383248, -0.014421017010477 ], [ -71.626025453972545, -0.034587257198837 ], [ -71.647547409311926, -0.038484934440078 ], [ -71.671780792258346, -0.059837426059346 ], [ -71.686354714410925, -0.0639045670207 ], [ -71.702962206594975, -0.064751887418026 ], [ -71.704826313804688, -0.06729384860995 ], [ -71.704995778423154, -0.073902954356527 ], [ -71.700928636563447, -0.087460093289963 ], [ -71.700928636563447, -0.097458479727493 ], [ -71.70347059955202, -0.101695087103906 ], [ -71.71431630998012, -0.108982046832693 ], [ -71.717027736688806, -0.112710262150472 ], [ -71.718722379280052, -0.119488827125565 ], [ -71.725500947848445, -0.12152239985204 ], [ -71.727195590439692, -0.123894898222147 ], [ -71.729758663854284, -0.134502365365563 ], [ -71.72902658212837, -0.137696902825837 ], [ -71.732903101332852, -0.14345146481611 ], [ -71.736458009934609, -0.154534416008232 ], [ -71.734994223775573, -0.166872044259208 ], [ -71.731439315173816, -0.169381391190427 ], [ -71.722865710014673, -0.182555465723567 ], [ -71.7203563621851, -0.193220193325431 ], [ -71.714491872367546, -0.203624381439511 ], [ -71.715057193406153, -0.210295178139063 ], [ -71.712569777961733, -0.21549613672471 ], [ -71.711326070239522, -0.234377882051206 ], [ -71.720032024294994, -0.235282396431614 ], [ -71.722858633081216, -0.234717073596414 ], [ -71.727155078184751, -0.230646759782928 ], [ -71.729190236438967, -0.231325144669881 ], [ -71.730433944161177, -0.2329080439373 ], [ -71.72930330028737, -0.237882878419384 ], [ -71.738014561593729, -0.24223839678308 ], [ -71.738165558631863, -0.247221288261358 ], [ -71.742997454868657, -0.252355177676122 ], [ -71.770327866666776, -0.255828103264776 ], [ -71.773347802039382, -0.258697041599191 ], [ -71.773196805001248, -0.263528936039393 ], [ -71.782558604296923, -0.265944886852765 ], [ -71.78965545161401, -0.270474789013292 ], [ -71.792373392910349, -0.270172795835379 ], [ -71.798262265719075, -0.265491894840068 ], [ -71.811398983781316, -0.263679932179173 ], [ -71.813438980365504, -0.269466555067538 ], [ -71.816626554978427, -0.27239707026888 ], [ -71.820431078647118, -0.274607807080201 ], [ -71.830867813648183, -0.276304416983521 ], [ -71.83384973857585, -0.275070518872042 ], [ -71.836677426239589, -0.276510066668777 ], [ -71.842325966280669, -0.273066083025014 ], [ -71.845366136221116, -0.276458655145746 ], [ -71.848142410565231, -0.276767128775305 ], [ -71.85734524655652, -0.272602719954079 ], [ -71.869977342792311, -0.272969734142407 ], [ -71.873793399940098, -0.269616229784504 ], [ -71.900274515943977, -0.273779197706858 ], [ -71.909988112853284, -0.273316646713624 ], [ -71.913457254734965, -0.268228572313205 ], [ -71.92779534198803, -0.265253991118811 ], [ -71.95295436411385, -0.267676708946624 ], [ -71.961340705421378, -0.270285795005009 ], [ -71.968608866989541, -0.269167616163998 ], [ -71.974945212557486, -0.270658518889832 ], [ -71.980349743023453, -0.273640330629689 ], [ -71.980722469603222, -0.277926679559698 ], [ -71.983145190125924, -0.279417588573722 ], [ -71.998054239842077, -0.275690324572622 ], [ -72.008863301672307, -0.270099431265976 ], [ -72.012963291354822, -0.265253990220515 ], [ -72.019672362604183, -0.263763083901438 ], [ -72.041849574786852, -0.269167616163998 ], [ -72.045390475048919, -0.274385783789228 ], [ -72.046135927310104, -0.282585762256019 ], [ -72.061417702707729, -0.296190269392127 ], [ -72.056758625401301, -0.309422050846763 ], [ -72.058622255605201, -0.320231109982046 ], [ -72.062722245287773, -0.324703827142685 ], [ -72.072599491117728, -0.325822005983639 ], [ -72.077258569322453, -0.33458107117599 ], [ -72.082849462629156, -0.338308336973682 ], [ -72.086203999152133, -0.336817429756309 ], [ -72.089558534776813, -0.330853809869836 ], [ -72.093658523561032, -0.329176543404969 ], [ -72.112108474437548, -0.332903804711123 ], [ -72.120681177687459, -0.338867424597595 ], [ -72.126272070994162, -0.337190157234375 ], [ -72.127949339255622, -0.338121974132946 ], [ -72.127576612675853, -0.340731054801495 ], [ -72.143603842131313, -0.347253765006769 ], [ -72.142299299551269, -0.355267378836174 ], [ -72.143976567812786, -0.356199193039799 ], [ -72.150466280176431, -0.354243134204353 ], [ -72.153444339650321, -0.355326063125517 ], [ -72.157234598959235, -0.363177312626135 ], [ -72.158858995035928, -0.382399339155143 ], [ -72.15669313270206, -0.387001794705782 ], [ -72.148029685163067, -0.392957916348564 ], [ -72.148029685163067, -0.395394511361928 ], [ -72.155236778311235, -0.405728098126588 ], [ -72.162980668270109, -0.411406950942762 ], [ -72.167627002065728, -0.434638624412514 ], [ -72.172789595371626, -0.443931292902107 ], [ -72.18311478198342, -0.460967852248814 ], [ -72.187761116677336, -0.465614185146137 ], [ -72.194988747125933, -0.467679222288837 ], [ -72.201183860350625, -0.474390593227156 ], [ -72.201183860350625, -0.47955318743135 ], [ -72.207378971778724, -0.483683261716749 ], [ -72.230610642553529, -0.492975930206342 ], [ -72.230094383043252, -0.50381737722671 ], [ -72.233708198716727, -0.507947452410406 ], [ -72.234740716838928, -0.512077524000802 ], [ -72.232675679696229, -0.517756378613569 ], [ -72.233191939206449, -0.523435231429744 ], [ -72.237322014390145, -0.530146602368063 ], [ -72.239903311043122, -0.562154683020538 ], [ -72.245065904349019, -0.574544906774975 ], [ -72.246614681981441, -0.585386352897046 ], [ -72.242829889823724, -0.605261492887337 ], [ -72.249072644339151, -0.613720718165155 ], [ -72.254605772333775, -0.615618256204812 ], [ -72.263409360762012, -0.622704956144332 ], [ -72.278499431931948, -0.62675218862654 ], [ -72.285718787991868, -0.630727084212822 ], [ -72.291010251016132, -0.642489908801508 ], [ -72.296618351565826, -0.646989717376073 ], [ -72.309543896197738, -0.652094877746833 ], [ -72.318313457314218, -0.651744732136365 ], [ -72.334529440029257, -0.642790811423822 ], [ -72.354126745253836, -0.638057435299345 ], [ -72.370873264415309, -0.623319809428892 ], [ -72.37993370115089, -0.619040894962097 ], [ -72.380203636125714, -0.620434469640884 ], [ -72.387097967982129, -0.618102054130702 ], [ -72.38691076341928, -0.616611947312833 ], [ -72.392462287128922, -0.615272638106944 ], [ -72.396736003939338, -0.612237913758065 ], [ -72.40895215740926, -0.597557115357745 ], [ -72.408750233938747, -0.59307213977695 ], [ -72.403799258729634, -0.582875210232089 ], [ -72.407712922402425, -0.568073362852431 ], [ -72.415539961388504, -0.562418541785917 ], [ -72.424969998564166, -0.562289796035145 ], [ -72.433520919447744, -0.566717921687825 ], [ -72.469363302944259, -0.60177012217622 ], [ -72.475526707410779, -0.611641198371899 ], [ -72.4994977856785, -0.634685466954409 ], [ -72.513887194622953, -0.65694327515024 ], [ -72.527971440232307, -0.665166226252097 ], [ -72.535444388204041, -0.672519673941281 ], [ -72.552374111727261, -0.701484063254554 ], [ -72.55637220362928, -0.705840044250976 ], [ -72.559408789288909, -0.705840044250976 ], [ -72.562805691292795, -0.705686957729824 ], [ -72.592072595705588, -0.693283352660217 ], [ -72.604151836833921, -0.685348119596767 ], [ -72.630486613568166, -0.662497684250866 ], [ -72.673814184591947, -0.63517788605634 ], [ -72.676954434121342, -0.631516783028644 ], [ -72.677648814423037, -0.615957964281677 ], [ -72.683985970271976, -0.615048310635473 ], [ -72.694548675227452, -0.610646314300254 ], [ -72.699453619826386, -0.60533148607675 ], [ -72.702546933243127, -0.604269057625061 ], [ -72.714356699334417, -0.588890482390241 ], [ -72.721004359007054, -0.587987713437826 ], [ -72.727980296583837, -0.583391800322659 ], [ -72.736679702813944, -0.583473867777457 ], [ -72.740619057425988, -0.580109004213739 ], [ -72.743573572037576, -0.575677228703114 ], [ -72.745953598295785, -0.558196350584637 ], [ -72.749728811709986, -0.554995626422112 ], [ -72.754160585423961, -0.555077696571857 ], [ -72.763060774263295, -0.560615046651719 ], [ -72.77656100667474, -0.577706061914341 ], [ -72.792329009082039, -0.575203411928896 ], [ -72.8014566380578, -0.579382580081983 ], [ -72.807490676037162, -0.585611631685197 ], [ -72.811109358786723, -0.597080547939925 ], [ -72.81586180615983, -0.599208180639835 ], [ -72.832459600124423, -0.598452520813908 ], [ -72.854109134302121, -0.611824409920132 ], [ -72.872214839707624, -0.616765240446682 ], [ -72.917278269857377, -0.615509517747967 ], [ -72.929932423344212, -0.61085387919519 ], [ -72.937176384279383, -0.605842654830269 ], [ -72.942240499693753, -0.596857962303147 ], [ -72.945027308589601, -0.584046263952871 ], [ -72.95015990532761, -0.57288243287968 ], [ -72.955820332784299, -0.563009830445139 ], [ -72.967969418879932, -0.551695315846132 ], [ -72.989474583794959, -0.536812612839981 ], [ -73.012185933772855, -0.52755035504191 ], [ -73.02637028771727, -0.52686918896859 ], [ -73.044174806632611, -0.534847339977262 ], [ -73.053302139164089, -0.546697719833219 ], [ -73.057450272296023, -0.555964845605672 ], [ -73.060992958410282, -0.575713570076857 ], [ -73.070421198953966, -0.592501206958332 ], [ -73.072530559906397, -0.610274961245636 ], [ -73.071624034196475, -0.616275193797264 ], [ -73.074792014740808, -0.621288799597949 ], [ -73.084902131027434, -0.622809819265967 ], [ -73.09244814981929, -0.617798207726821 ], [ -73.099240167974813, -0.609976081630919 ], [ -73.112369630338776, -0.604585633166607 ], [ -73.121423874982156, -0.604131504784164 ], [ -73.147227226835412, -0.610820153717611 ], [ -73.161486069142541, -0.620393151596488 ], [ -73.170162717435176, -0.622825265809581 ], [ -73.180273371813087, -0.622978922761433 ], [ -73.196872460250972, -0.626627684723871 ], [ -73.206757027356332, -0.62564190059328 ], [ -73.213624333375833, -0.61933856724005 ], [ -73.220492753307155, -0.605895157807197 ], [ -73.231585877029659, -0.596554083559965 ], [ -73.239359061971584, -0.586908589783263 ], [ -73.252639567187714, -0.582504989953975 ], [ -73.25603542265344, -0.579543108252892 ], [ -73.259734749026961, -0.564807684154914 ], [ -73.265017767880863, -0.555769347789578 ], [ -73.27965716289674, -0.545668813839711 ], [ -73.299275704311526, -0.541949395730569 ], [ -73.315499753904248, -0.530937333348959 ], [ -73.323347885350074, -0.523722121220771 ], [ -73.328555894817953, -0.509594224640296 ], [ -73.331876292638015, -0.506100451832253 ], [ -73.335649000648914, -0.506176847319864 ], [ -73.344401170367632, -0.51111525418986 ], [ -73.357680750318309, -0.515218623337148 ], [ -73.366432784391293, -0.521904136249418 ], [ -73.371637901281645, -0.533374770982732 ], [ -73.374354010911702, -0.535881786783932 ], [ -73.378504011642576, -0.536262061014725 ], [ -73.395557621027024, -0.530566931610963 ], [ -73.404085138982111, -0.521072736706572 ], [ -73.411555745044041, -0.51651586170982 ], [ -73.430344844346564, -0.510896666957535 ], [ -73.448982227059844, -0.513785072698056 ], [ -73.464374698344841, -0.520547194897119 ], [ -73.474259373248117, -0.522143366783382 ], [ -73.480974648267761, -0.52624596427728 ], [ -73.488746538736336, -0.528145766073237 ], [ -73.510478565272308, -0.524273714194237 ], [ -73.517119091417612, -0.521083873130067 ], [ -73.522326166636901, -0.515235207148862 ], [ -73.528816665027023, -0.501486488853686 ], [ -73.5297230649727, -0.490395987315594 ], [ -73.533194308015482, -0.48773756843741 ], [ -73.536137152603885, -0.487509918095043 ], [ -73.537721629314206, -0.489105273412065 ], [ -73.545642999565132, -0.509615939632965 ], [ -73.549792802666502, -0.514098109772874 ], [ -73.56020566132662, -0.517973089263762 ], [ -73.568355203841577, -0.516834313833499 ], [ -73.571751051222464, -0.513872014415483 ], [ -73.56828092209156, -0.501945485210513 ], [ -73.569337888782002, -0.494577118289158 ], [ -73.579374855196761, -0.47984096475858 ], [ -73.578848136593308, -0.459026928241315 ], [ -73.580126377379145, -0.454521208747508 ], [ -73.584649313997488, -0.449116193190889 ], [ -73.598001450033166, -0.438999626097029 ], [ -73.608156139861421, -0.439154378994374 ], [ -73.618502728851865, -0.442162073913153 ], [ -73.631576521674958, -0.450583455832884 ], [ -73.64143360120903, -0.453132083427818 ], [ -73.6477065553118, -0.457221602339075 ], [ -73.651398226236324, -0.457168839748817 ], [ -73.653410200751182, -0.454056735357995 ], [ -73.652411266172692, -0.45097825493508 ], [ -73.641084597358201, -0.441117486017163 ], [ -73.636255064590785, -0.43202461288746 ], [ -73.63596508010113, -0.426199316597035 ], [ -73.639259265060332, -0.418860277896442 ], [ -73.643082718942026, -0.415900508136247 ], [ -73.646789626204281, -0.415490364000163 ], [ -73.664552696819385, -0.421671294611826 ], [ -73.670188331652753, -0.421910147853055 ], [ -73.677701940101599, -0.421093319894055 ], [ -73.685679545832443, -0.417675076596993 ], [ -73.694171795901411, -0.41031788293003 ], [ -73.700281058862629, -0.397051105778985 ], [ -73.707119870298641, -0.387271209555649 ], [ -73.71366235423568, -0.382646609617325 ], [ -73.722535139945421, -0.380464635087606 ], [ -73.73480664764719, -0.381572441073786 ], [ -73.739538272055484, -0.385177225976463 ], [ -73.753755045325988, -0.402832795115842 ], [ -73.763427124764689, -0.407461034132325 ], [ -73.792704387659285, -0.409022537309227 ], [ -73.807482491648727, -0.411802898092787 ], [ -73.818484941150814, -0.41118842210102 ], [ -73.830733478912521, -0.405581343834967 ], [ -73.862824892747028, -0.380805413957148 ], [ -73.881411746981939, -0.369928478064935 ], [ -73.902771788048824, -0.368064429245749 ], [ -73.944945174828035, -0.354835110075271 ], [ -73.997871566722438, -0.34464468433822 ], [ -74.007231319654238, -0.340583141682202 ], [ -74.016442680664397, -0.334053879160024 ], [ -74.024630186911793, -0.317187085367607 ], [ -74.038400148583719, -0.306059983740738 ], [ -74.040898552229464, -0.296106418780028 ], [ -74.040277985655166, -0.281524605819754 ], [ -74.04466858325867, -0.274762655199027 ], [ -74.052579613892476, -0.272006560625528 ], [ -74.069806003579686, -0.280723919700961 ], [ -74.078593549880793, -0.281339742268415 ], [ -74.08176282400018, -0.279820411434457 ], [ -74.084026586608388, -0.278073187712778 ], [ -74.093911674737001, -0.259081555881551 ], [ -74.105532282428157, -0.241381347623474 ], [ -74.111568960558259, -0.235076117026836 ], [ -74.122661368322895, -0.23226533477191 ], [ -74.134734743447723, -0.233556726005702 ], [ -74.14605355109893, -0.240849453821568 ], [ -74.158202509633668, -0.263107552173494 ], [ -74.168464919228427, -0.266525973337139 ], [ -74.175708942147367, -0.266146085382218 ], [ -74.181443786101454, -0.263943021087812 ], [ -74.188310472282922, -0.258549348567328 ], [ -74.190724901348972, -0.227175219397566 ], [ -74.194573194566431, -0.215856205133719 ], [ -74.200307984621588, -0.209778861136613 ], [ -74.208381997625565, -0.207727710162658 ], [ -74.214795961289155, -0.208259412623249 ], [ -74.217587922925588, -0.210082579979542 ], [ -74.219549889985387, -0.215400201965792 ], [ -74.220078196811471, -0.225883541600922 ], [ -74.223247524829844, -0.234087873307033 ], [ -74.228076895002062, -0.237430333768089 ], [ -74.234038098418466, -0.237582212054178 ], [ -74.255392659757774, -0.225807200910651 ], [ -74.279237171589273, -0.206055729389107 ], [ -74.288216633222305, -0.202333280361756 ], [ -74.289952097089213, -0.19716757259431 ], [ -74.287839053041182, -0.178328032848412 ], [ -74.284594321276131, -0.173922030922142 ], [ -74.26912535838369, -0.162451315340434 ], [ -74.26497512498895, -0.157437585572154 ], [ -74.263843201913176, -0.1505246792359 ], [ -74.265503225202394, -0.144447381052885 ], [ -74.268898795003679, -0.140497119986264 ], [ -74.278104631370354, -0.139433514740574 ], [ -74.299006497141306, -0.148093454355603 ], [ -74.30625040238084, -0.146042303381591 ], [ -74.317267090191535, -0.133355891367216 ], [ -74.323228131012741, -0.122492725760935 ], [ -74.330471993133131, -0.115959599581629 ], [ -74.341865997918319, -0.109654345628826 ], [ -74.355746514442046, -0.106398553797135 ], [ -74.3708415892321, -0.111325319390119 ], [ -74.401854460622474, -0.114287658334035 ], [ -74.41577629608895, -0.120727744128544 ], [ -74.428992491760994, -0.132316230734489 ], [ -74.440488663821498, -0.138671978131413 ], [ -74.44627419076437, -0.139595902425583 ], [ -74.44878885572632, -0.136165003652707 ], [ -74.447204164318521, -0.129100292692215 ], [ -74.426528826893332, -0.112540183982162 ], [ -74.423261419835796, -0.106397889043308 ], [ -74.423359489891823, -0.097954902623826 ], [ -74.427660426575358, -0.08800343612927 ], [ -74.436111487957362, -0.07820386768384 ], [ -74.446071694168268, -0.071442896227609 ], [ -74.454371894157873, -0.070759151987374 ], [ -74.460408456405219, -0.077140146555394 ], [ -74.462068542576617, -0.082001882154771 ], [ -74.463351571386738, -0.106994299002054 ], [ -74.474821260193266, -0.130315316286215 ], [ -74.48372522555303, -0.13775971218223 ], [ -74.493232717330841, -0.137911480873811 ], [ -74.501381945435242, -0.136088188651513 ], [ -74.508323756885432, -0.12689638398075 ], [ -74.506587923810628, -0.103347454045888 ], [ -74.511417008318347, -0.09499130513916 ], [ -74.518962524053222, -0.088610213552954 ], [ -74.523942593920992, -0.08762261392576 ], [ -74.530507258178375, -0.08876200290581 ], [ -74.534657401741526, -0.095142940879953 ], [ -74.534657491573114, -0.102055675637928 ], [ -74.526357482026526, -0.111095530157286 ], [ -74.524018429757689, -0.11618516942417 ], [ -74.52545220407751, -0.123477711288615 ], [ -74.530205962992, -0.125984447713563 ], [ -74.544014254011017, -0.119451298178035 ], [ -74.57842180497147, -0.111398568076709 ], [ -74.598719023225954, -0.098332526822389 ], [ -74.608679021925809, -0.094686131024275 ], [ -74.617205408002803, -0.093926371284113 ], [ -74.631768068865938, -0.088456817112785 ], [ -74.633729829313097, -0.084278832041889 ], [ -74.621807910265829, -0.07675864163167 ], [ -74.617129626065037, -0.068706598742097 ], [ -74.616534375832259, -0.05630804400505 ], [ -74.62310088163747, -0.049166995049177 ], [ -74.631364896560342, -0.044054764033206 ], [ -74.646444322685625, -0.038419729274949 ], [ -74.65094852133052, -0.040261519620231 ], [ -74.671350024191099, -0.060051574712304 ], [ -74.676886952062375, -0.060777125680829 ], [ -74.681641258949639, -0.055037502685593 ], [ -74.681855201888197, -0.050682714652851 ], [ -74.6796682354165, -0.04701248293793 ], [ -74.666163664138821, -0.041814742120266 ], [ -74.660905536722964, -0.037233308062355 ], [ -74.656432762968393, -0.026200971586945 ], [ -74.656370589619712, -0.011572679756796 ], [ -74.659898714031613, -0.006200099696059 ], [ -74.676520324149976, 0.009859168199569 ], [ -74.694959628185245, 0.023836770224989 ], [ -74.703549802783016, 0.036199060843444 ], [ -74.704476757097098, 0.042037858823392 ], [ -74.700886388369554, 0.044834621958842 ], [ -74.68546512695508, 0.042552811283826 ], [ -74.676376591793314, 0.044714882724236 ], [ -74.659750932964755, 0.056595147756866 ], [ -74.65681260600752, 0.064143754597069 ], [ -74.656003619448882, 0.072221565681104 ], [ -74.658623520333606, 0.076770663057971 ], [ -74.670664978290972, 0.082695833222999 ], [ -74.677660616835908, 0.082522342352263 ], [ -74.691095442859421, 0.078599688332929 ], [ -74.698334814298107, 0.079046071434789 ], [ -74.708753231737603, 0.085718987261828 ], [ -74.712549710088183, 0.091580836030289 ], [ -74.713236013630706, 0.096295547843226 ], [ -74.70942209896657, 0.09804693705621 ], [ -74.692587177425821, 0.087968836751827 ], [ -74.680264392948459, 0.092042569555986 ], [ -74.674325495616642, 0.102272336143926 ], [ -74.672786421593628, 0.11518354275421 ], [ -74.675772296416767, 0.132238443018707 ], [ -74.675671020270897, 0.149550711715506 ], [ -74.678285952569865, 0.161716495708959 ], [ -74.69196475133748, 0.176410487676378 ], [ -74.703614472551862, 0.184627309568157 ], [ -74.707691206629761, 0.193651263894367 ], [ -74.719457151968243, 0.203125694948426 ], [ -74.736544195775878, 0.209605946247962 ], [ -74.745077606683935, 0.2108723723818 ], [ -74.768685243366065, 0.212607487702144 ], [ -74.775854611733791, 0.208896182284775 ], [ -74.781558224833873, 0.208575756560833 ], [ -74.815866090566146, 0.216754460209813 ], [ -74.827454161251751, 0.215632190437702 ], [ -74.832560884692327, 0.212527815157785 ], [ -74.841908843633405, 0.21332707385244 ], [ -74.861086007363099, 0.22182510009327 ], [ -74.880766145407677, 0.24103001909242 ], [ -74.896923149185739, 0.250402786826442 ], [ -74.916865385296433, 0.252260810640223 ], [ -74.928626092554282, 0.250695936083332 ], [ -74.94598644900492, 0.242618036066062 ], [ -74.96043405355482, 0.242742615427233 ], [ -74.969203667671934, 0.247830974593853 ], [ -74.987444777146436, 0.266686666959743 ], [ -75.003888042792653, 0.273203018884374 ], [ -75.010360655711224, 0.281235079632836 ], [ -75.010577311564077, 0.291450435435479 ], [ -75.005909746968143, 0.296611876201951 ], [ -74.990509083041218, 0.299360496786335 ], [ -74.985195413645386, 0.301977754825373 ], [ -74.981148836035572, 0.308299926763425 ], [ -74.979885948368405, 0.314620240984027 ], [ -74.984475432236025, 0.321855981429451 ], [ -75.000067203010474, 0.333405944652043 ], [ -75.007136127073011, 0.342273349448931 ], [ -75.011861391404011, 0.353177604029042 ], [ -75.012864637899327, 0.368293907822817 ], [ -75.016646410816975, 0.382896345220161 ], [ -75.015594080335404, 0.386540278734117 ], [ -75.010206549601435, 0.391857110202238 ], [ -74.991129936178254, 0.395223123610492 ], [ -74.984649265365192, 0.399960337340872 ], [ -74.982871498899499, 0.408826601276417 ], [ -74.986197097969182, 0.418507249751485 ], [ -75.005800700388875, 0.438516935918983 ], [ -75.012860379881488, 0.462393061287116 ], [ -75.018617188560086, 0.472823155936339 ], [ -75.025559835444199, 0.479873403110957 ], [ -75.033861362246569, 0.484262376559116 ], [ -75.037520515030224, 0.484262376559116 ], [ -75.045402339614213, 0.479895455870405 ], [ -75.058599502665174, 0.479734023095318 ], [ -75.071514157910542, 0.475899987051093 ], [ -75.08624493591816, 0.476505358610268 ], [ -75.100917826442753, 0.472533925133803 ], [ -75.10585906839799, 0.473760996043723 ], [ -75.106303009877024, 0.478402199556683 ], [ -75.096455585443323, 0.487402099675307 ], [ -75.094034088426952, 0.498056688882855 ], [ -75.095486986097796, 0.506491574288646 ], [ -75.101177506242152, 0.511939944372045 ], [ -75.112074246408895, 0.512868185074637 ], [ -75.119661605703072, 0.510123819813145 ], [ -75.124827467980879, 0.506895156226392 ], [ -75.142948343248634, 0.487482816961176 ], [ -75.15525762334164, 0.480904413858866 ], [ -75.160853973917995, 0.48063760322708 ], [ -75.175777574556719, 0.486520944205893 ], [ -75.182163154129626, 0.486664443000336 ], [ -75.196199868941164, 0.479225310337767 ], [ -75.201930746830101, 0.479467462195373 ], [ -75.209800614828168, 0.482090749731412 ], [ -75.217670482826179, 0.487458404325594 ], [ -75.218840873589727, 0.490646706574466 ], [ -75.216419375675059, 0.495086119567702 ], [ -75.201285014831399, 0.498758726430083 ], [ -75.198459934080688, 0.501382013966122 ], [ -75.198459934080688, 0.504691394838801 ], [ -75.202576479727099, 0.512601620581449 ], [ -75.213231069832943, 0.520471487681164 ], [ -75.224813902437973, 0.535444418444683 ], [ -75.231069437295162, 0.550336631024038 ], [ -75.235307058870376, 0.565027046795478 ], [ -75.235508850288397, 0.57180724131581 ], [ -75.232078395283622, 0.579999976660702 ], [ -75.212666054221813, 0.5879102006067 ], [ -75.207096609107907, 0.595255410738218 ], [ -75.207258042781348, 0.60147059144407 ], [ -75.212078872663312, 0.606975367687369 ], [ -75.220837636021486, 0.634386157207928 ], [ -75.231180583238881, 0.646063680404211 ], [ -75.258372525913842, 0.658130454703098 ], [ -75.271050977950154, 0.661744925248911 ], [ -75.276166843552687, 0.667416861930121 ], [ -75.276222452008028, 0.674757017237539 ], [ -75.263766429301484, 0.687880328831795 ], [ -75.257093558390295, 0.703394749208769 ], [ -75.258261309901457, 0.71312601689209 ], [ -75.265601467903764, 0.725637646257326 ], [ -75.27046212911722, 0.727778655780753 ], [ -75.297504447380845, 0.729489438415555 ], [ -75.30112643413662, 0.732246052215714 ], [ -75.30165304404386, 0.739822344256766 ], [ -75.305269650785078, 0.745220265811895 ], [ -75.309264111693892, 0.747703307355721 ], [ -75.321139538396551, 0.745328223632157 ], [ -75.324432268982093, 0.746245869595839 ], [ -75.331125690668443, 0.752075623330256 ], [ -75.333754595374444, 0.761271727341466 ], [ -75.338760024702822, 0.768415844046444 ], [ -75.341171732769737, 0.769462434288755 ], [ -75.347496775725745, 0.766231656066168 ], [ -75.355641975781168, 0.753172032381315 ], [ -75.359828335852114, 0.750396291636946 ], [ -75.382944323289109, 0.754582651707949 ], [ -75.403102554990369, 0.73869420578626 ], [ -75.423002932270379, 0.738633530828679 ], [ -75.434651933035354, 0.746520880056039 ], [ -75.468749529941476, 0.758837271218511 ], [ -75.472147155988068, 0.762416911358059 ], [ -75.473542609045637, 0.774065911224682 ], [ -75.477668296854006, 0.779647724353254 ], [ -75.484057186721373, 0.783112371061634 ], [ -75.485303125860526, 0.786793048394941 ], [ -75.496942908106689, 0.787914424342603 ], [ -75.499410809432618, 0.786629324015735 ], [ -75.502588436094186, 0.792054418731595 ], [ -75.508671553568206, 0.797670433445205 ], [ -75.519918362988619, 0.800219563198823 ], [ -75.514609858011454, 0.810091473031719 ], [ -75.514798885257449, 0.812866166339688 ], [ -75.508642900881057, 0.817456226027787 ], [ -75.508593897743253, 0.821259341137022 ], [ -75.511832429331321, 0.829702828816835 ], [ -75.508964392906137, 0.835596530074042 ], [ -75.499994650153894, 0.832708215961816 ], [ -75.498624881747389, 0.830742724808317 ], [ -75.493266077362478, 0.83379248517042 ], [ -75.486745816864925, 0.83328815260171 ], [ -75.486121650738426, 0.836256192258986 ], [ -75.477855873319641, 0.838761213798648 ], [ -75.476317968005731, 0.841812472551851 ], [ -75.469563169777018, 0.842831151217752 ], [ -75.316598780087133, 0.928861569284607 ], [ -75.311384382694143, 0.929692215140335 ], [ -75.301315183802956, 0.935488381737855 ], [ -75.298994589233018, 0.940881128094532 ], [ -75.296831656307631, 0.942244557983315 ], [ -75.294206519138925, 0.942337354924405 ], [ -75.290582431221992, 0.938302739290464 ], [ -75.284417272344342, 0.935814573752168 ], [ -75.272961722133346, 0.934672267940073 ], [ -75.257116098935342, 0.937626417835361 ], [ -75.252775462972863, 0.936836569000775 ], [ -75.249606270600225, 0.932709571447674 ], [ -75.245871334980507, 0.920598257743222 ], [ -75.245291826837331, 0.903128323808573 ], [ -75.242575885192423, 0.893171718946576 ], [ -75.239713076966325, 0.890904273242768 ], [ -75.237019574356793, 0.890929976758457 ], [ -75.22799665758555, 0.897603250115196 ], [ -75.224955707008462, 0.898074382721234 ], [ -75.22462225390592, 0.900098022767679 ], [ -75.222014880936115, 0.898614771897542 ], [ -75.2207828728815, 0.901662873968291 ], [ -75.223884376245167, 0.903267094765965 ], [ -75.221883157267769, 0.903553337769438 ], [ -75.222429433108857, 0.907164241102407 ], [ -75.220638314074165, 0.906550165759597 ], [ -75.218416830708463, 0.91018024634252 ], [ -75.214926101395008, 0.909028827114582 ], [ -75.211679095093871, 0.911488024656819 ], [ -75.210745251594346, 0.910789008146253 ], [ -75.212683246193421, 0.907968537553245 ], [ -75.208578545741773, 0.909513458715082 ], [ -75.202433286360076, 0.91731111378482 ], [ -75.204497868056592, 0.918106563619688 ], [ -75.203843415206165, 0.92161227684403 ], [ -75.201764908713358, 0.920336845092265 ], [ -75.200283529933756, 0.923900717091044 ], [ -75.20242934904104, 0.925064143210648 ], [ -75.201380309091007, 0.92999201373226 ], [ -75.203057748032563, 0.927429015776227 ], [ -75.203875585698711, 0.930161732574163 ], [ -75.205768977111745, 0.928987144878249 ], [ -75.208784099307195, 0.932309953778429 ], [ -75.205944985063923, 0.934146381177243 ], [ -75.207844052037387, 0.935155815273163 ], [ -75.208605705427715, 0.93851515599016 ], [ -75.211019917999579, 0.938596919814131 ], [ -75.210289497259964, 0.948273000352344 ], [ -75.211760001924404, 0.948469303957893 ], [ -75.212238949879577, 0.946477850573729 ], [ -75.215203997246249, 0.949307191138928 ], [ -75.217485197066367, 0.948217517661249 ], [ -75.215871572696813, 0.952187979159703 ], [ -75.217005414575567, 0.953344993099734 ], [ -75.221171261600716, 0.950585755318571 ], [ -75.22061073128134, 0.955783059554676 ], [ -75.222015983169854, 0.955213626923751 ], [ -75.22340904670682, 0.95711717469743 ], [ -75.222343517268314, 0.958701900241238 ], [ -75.226962377865675, 0.961069242277517 ], [ -75.22559173719435, 0.963135115752436 ], [ -75.2277527656899, 0.9675957523595 ], [ -75.22523089982684, 0.969522737197622 ], [ -75.223041284221267, 0.968317839421559 ], [ -75.223860262748815, 0.969953454566735 ], [ -75.222232009303184, 0.971286029995895 ], [ -75.223543081742264, 0.972260610329329 ], [ -75.222608751355494, 0.978759617568642 ], [ -75.225572854592031, 0.987027757558565 ], [ -75.223233543608217, 0.995353791319701 ], [ -75.221229676395239, 0.992473183860398 ], [ -75.218332553396294, 0.995353296347616 ], [ -75.219484654446092, 1.00116559131061 ], [ -75.217436669137726, 1.002104892978082 ], [ -75.218350399341944, 1.006062440285802 ], [ -75.213909167258805, 1.010293362220295 ], [ -75.21548323877488, 1.012669638907482 ], [ -75.212458810923977, 1.014516433771234 ], [ -75.214426262202949, 1.015367198312106 ], [ -75.214581968213508, 1.019266600320066 ], [ -75.217199392441046, 1.022899513293339 ], [ -75.208094102787584, 1.025702923967174 ], [ -75.208680854052659, 1.029480242135776 ], [ -75.207001208847032, 1.029607476020772 ], [ -75.206996351652435, 1.032469167640045 ], [ -75.20897487916767, 1.033998838989476 ], [ -75.208677974949865, 1.036557035446492 ], [ -75.204358608415305, 1.034466534638455 ], [ -75.198034406283057, 1.036234136658607 ], [ -75.197225385588411, 1.039998445414881 ], [ -75.194592003675496, 1.04059490208607 ], [ -75.19483551558352, 1.042226655370769 ], [ -74.900052839908938, 0.976473500366751 ], [ -74.898159706312583, 0.974870571347537 ], [ -74.899629827396097, 0.972600908599816 ], [ -74.898237080964634, 0.970872873806229 ], [ -74.900145660206249, 0.9678036729876 ], [ -74.896663792780146, 0.967571547234854 ], [ -74.894574672683802, 0.964012305156757 ], [ -74.892949801397947, 0.964631305966236 ], [ -74.893104550701992, 0.962490601870229 ], [ -74.891247554561744, 0.962387433870902 ], [ -74.890293266288438, 0.955887949625776 ], [ -74.888642602553603, 0.956739071696404 ], [ -74.889029476712039, 0.954314662339584 ], [ -74.887198273020772, 0.953386162922016 ], [ -74.888152563090728, 0.951193875724641 ], [ -74.882039952105799, 0.945287598941718 ], [ -74.882994242175755, 0.941908897718349 ], [ -74.878996542837797, 0.941986273268697 ], [ -74.878506501578329, 0.939278155956117 ], [ -74.875411509209016, 0.938040157032106 ], [ -74.875334134556965, 0.935203081067812 ], [ -74.871052728161601, 0.936518454643874 ], [ -74.867235569678371, 0.931514881236296 ], [ -74.866719737766573, 0.933810333738052 ], [ -74.862541497573886, 0.932469174899552 ], [ -74.860375002825492, 0.927156100188938 ], [ -74.86468220077154, 0.922771527590839 ], [ -74.861741957706272, 0.91753583112552 ], [ -74.865533323740522, 0.914208714800111 ], [ -74.862773623326575, 0.912454884862541 ], [ -74.862515706023203, 0.910004683955037 ], [ -74.859446505204573, 0.908895642784387 ], [ -74.858466423583934, 0.906342274775909 ], [ -74.855603556068957, 0.906187526370161 ], [ -74.852947020959448, 0.901106578310589 ], [ -74.845028997833936, 0.899481707024734 ], [ -74.845080580935246, 0.897934211289225 ], [ -74.847401824987685, 0.898888499562531 ], [ -74.847608158291393, 0.897573131376362 ], [ -74.839509594311153, 0.891305766595792 ], [ -74.839174303254026, 0.886508531881816 ], [ -74.835872976682651, 0.885399489812869 ], [ -74.836466184144854, 0.88238187209555 ], [ -74.834144940092415, 0.878977381118148 ], [ -74.830044074551779, 0.878409966104925 ], [ -74.830611489565001, 0.876166096704537 ], [ -74.828367620164556, 0.87224577201863 ], [ -74.824653628782414, 0.870311400328035 ], [ -74.824705211883725, 0.868480196636767 ], [ -74.817689894828504, 0.869228153403014 ], [ -74.81758672862577, 0.867732240768873 ], [ -74.816039231991965, 0.868144904681344 ], [ -74.815961858238268, 0.864147207140036 ], [ -74.813872738141924, 0.862677086954875 ], [ -74.813356905331773, 0.859092053326094 ], [ -74.814723861110849, 0.858988888021713 ], [ -74.813176363578748, 0.857570350039566 ], [ -74.814801234864603, 0.857131890084815 ], [ -74.815213900573724, 0.853933729716118 ], [ -74.812531573913532, 0.851277198199853 ], [ -74.813795362591577, 0.849497574016709 ], [ -74.812325240609766, 0.848801202148479 ], [ -74.815755524934559, 0.84673787180617 ], [ -74.816400314599775, 0.841631133992507 ], [ -74.818205726740359, 0.842611219206447 ], [ -74.817328813119047, 0.83598277541131 ], [ -74.819804807373828, 0.836060149165007 ], [ -74.820475388589728, 0.833532570012267 ], [ -74.821945509673185, 0.834847942689976 ], [ -74.824215172420907, 0.833661527765628 ], [ -74.825969000561827, 0.829895954180415 ], [ -74.82354459030671, 0.828425833096958 ], [ -74.826974872834796, 0.826491465897902 ], [ -74.824473087029332, 0.823370679282959 ], [ -74.826304291618897, 0.821926347953536 ], [ -74.826123749865872, 0.818831354685869 ], [ -74.824498877681719, 0.817980234411891 ], [ -74.824782585637479, 0.813879369769552 ], [ -74.828393410816943, 0.809830083736983 ], [ -74.832752191864358, 0.807973091190036 ], [ -74.834970269714063, 0.804517012619613 ], [ -74.834686563554953, 0.801705728206059 ], [ -74.842862503085541, 0.798636527387373 ], [ -74.843429918098764, 0.795360995061628 ], [ -74.846757035322469, 0.796263699335327 ], [ -74.850806316863441, 0.790537964305429 ], [ -74.853101770263493, 0.791028003768304 ], [ -74.850084151647877, 0.785534391796205 ], [ -74.850393652052617, 0.782181483021759 ], [ -74.845364287992709, 0.779731281215959 ], [ -74.845751163049499, 0.77565620632771 ], [ -74.848639822115103, 0.774134503041182 ], [ -74.846473328265063, 0.771684301235382 ], [ -74.847272867234324, 0.770497885412738 ], [ -74.845312704891342, 0.770575260064732 ], [ -74.845364287992709, 0.767867141853856 ], [ -74.842630378231149, 0.767273935290007 ], [ -74.842888293737929, 0.763766277211516 ], [ -74.838013680778658, 0.763456776806777 ], [ -74.840128592425685, 0.7596396192219 ], [ -74.836982016955005, 0.751541056139956 ], [ -74.834222314744466, 0.748239732263528 ], [ -74.832494277255876, 0.750122519954459 ], [ -74.829837742146367, 0.744603112838433 ], [ -74.819108433708948, 0.737897296187896 ], [ -74.821249136906658, 0.735111802426673 ], [ -74.828006537556803, 0.736427176901088 ], [ -74.831694737388318, 0.731810476753651 ], [ -74.828986619177442, 0.726058949274773 ], [ -74.829425076437246, 0.722551291196339 ], [ -74.824782587434072, 0.718398841655983 ], [ -74.82382829826247, 0.719740004986079 ], [ -74.822441987366801, 0.714903591118116 ], [ -74.822879663990022, 0.711414681792917 ], [ -74.825543239202034, 0.712240014109511 ], [ -74.824692895073042, 0.70632512876432 ], [ -74.826693702621753, 0.706925368244185 ], [ -74.828744530201959, 0.704899550679727 ], [ -74.827956711561569, 0.702786199407626 ], [ -74.831983336674682, 0.69968495026734 ], [ -74.832496044243499, 0.697071392391877 ], [ -74.830707823176169, 0.699072200838884 ], [ -74.829194712282231, 0.697359011615504 ], [ -74.829344773275068, 0.699947554983623 ], [ -74.826493621597422, 0.699259778202872 ], [ -74.823517420739279, 0.697171433353219 ], [ -74.827056349197676, 0.693682525824613 ], [ -74.824930490671932, 0.689643396152746 ], [ -74.82305473410031, 0.689180707717185 ], [ -74.823329845171941, 0.692081879426325 ], [ -74.821804229719248, 0.692932223555317 ], [ -74.816914756816743, 0.689968528154225 ], [ -74.817514998991498, 0.68823032622015 ], [ -74.815013990229374, 0.687905194218672 ], [ -74.812462961435756, 0.684466306721561 ], [ -74.817239887919868, 0.679201682684436 ], [ -74.815276595843955, 0.67572527881623 ], [ -74.815326615875506, 0.666621605233274 ], [ -74.810174537358364, 0.666484049697431 ], [ -74.809974456334032, 0.669547786059866 ], [ -74.803796963577668, 0.673574411172979 ], [ -74.805935326662166, 0.662682517421047 ], [ -74.802058761643536, 0.662832578413884 ], [ -74.801733631438708, 0.661081872819409 ], [ -74.799632782928711, 0.661369486653143 ], [ -74.795743714249681, 0.65669260023202 ], [ -74.795681188761137, 0.655191994795075 ], [ -74.800170499614921, 0.655016922888137 ], [ -74.794493208970323, 0.651915671951258 ], [ -74.796418987370032, 0.648676863681885 ], [ -74.793267714605008, 0.650077429954138 ], [ -74.792554926910157, 0.647814016790846 ], [ -74.790766705842884, 0.648339228020006 ], [ -74.791316927986145, 0.645613130912693 ], [ -74.789391151383029, 0.645925754762175 ], [ -74.788453271749745, 0.644100019120401 ], [ -74.78280099201919, 0.645400541736365 ], [ -74.782388325411773, 0.643037090306677 ], [ -74.780875213619481, 0.644500182067475 ], [ -74.779174528056501, 0.641911636004409 ], [ -74.780074892216987, 0.640373516891316 ], [ -74.776448428254241, 0.636709536557476 ], [ -74.773872389444819, 0.638210141096067 ], [ -74.773059560788681, 0.646288401338154 ], [ -74.766969602638312, 0.643049594865431 ], [ -74.76468118035757, 0.63806008010323 ], [ -74.761917565082513, 0.637759959914149 ], [ -74.761704978601131, 0.635133901971585 ], [ -74.757303203251638, 0.635734142349747 ], [ -74.756090213445077, 0.628018531378586 ], [ -74.752501264955129, 0.624342045587696 ], [ -74.75332659817002, 0.622928978349989 ], [ -74.751901022780316, 0.620390449623528 ], [ -74.748049468675788, 0.622003603275459 ], [ -74.745398398920827, 0.61941505990734 ], [ -74.740809047105699, 0.619365038977492 ], [ -74.739633572771879, 0.621878552298369 ], [ -74.736482300905152, 0.616701464663834 ], [ -74.729979677943959, 0.617164150404449 ], [ -74.721863903127485, 0.623154066695179 ], [ -74.717299561328105, 0.623929378980279 ], [ -74.716649299121798, 0.621453379335549 ], [ -74.711747320762242, 0.621966086006012 ], [ -74.712247521975712, 0.619540109986133 ], [ -74.70859354798381, 0.618180809655996 ], [ -74.709975923357035, 0.616149351565355 ], [ -74.706553335803733, 0.61398539366138 ], [ -74.705084935893751, 0.609489799985511 ], [ -74.702029448767121, 0.608160784582651 ], [ -74.703432985770348, 0.604372479111078 ], [ -74.699185114409602, 0.606421891843581 ], [ -74.700216029037733, 0.602260963996855 ], [ -74.695521013701409, 0.600534488679841 ], [ -74.695632800144438, 0.597385847980661 ], [ -74.641789305767531, 0.527235360698114 ], [ -74.641982131093584, 0.525091253781113 ], [ -74.646425538898086, 0.521920838800384 ], [ -74.645590930570506, 0.515280645032021 ], [ -74.636417650073952, 0.51189123678023 ], [ -74.631590517606867, 0.502832033432469 ], [ -74.630956998214174, 0.496844361135118 ], [ -74.633186015756166, 0.489560233796681 ], [ -74.632195263938058, 0.484619914411951 ], [ -74.63480786870025, 0.476921449598308 ], [ -74.632327433171156, 0.472527916298077 ], [ -74.631601468977237, 0.465000589665578 ], [ -74.628216875699195, 0.462971873235404 ], [ -74.626379085555016, 0.458533377422839 ], [ -74.620501084166506, 0.45263473363093 ], [ -74.621262991780213, 0.441812836661711 ], [ -74.617010707891268, 0.432526521062869 ], [ -74.607129706202102, 0.423372327086383 ], [ -74.601259989083758, 0.413426136401711 ], [ -74.59508709929861, 0.409115849146986 ], [ -74.590438084029699, 0.397339170728912 ], [ -74.591274702788496, 0.377795134744872 ], [ -74.593932538659601, 0.373396964337473 ], [ -74.59367837811368, 0.37023053787982 ], [ -74.596801759065272, 0.367675782871402 ], [ -74.593688961174507, 0.362487795968832 ], [ -74.594116209247261, 0.353088383283932 ], [ -74.582702636444651, 0.344116207891943 ], [ -74.575927731208878, 0.342102049570883 ], [ -74.569885249957395, 0.337280271067186 ], [ -74.569091795282418, 0.339294439269736 ], [ -74.567504885932408, 0.339294439269736 ], [ -74.567871093432984, 0.336914062668313 ], [ -74.565979007273143, 0.337280271067186 ], [ -74.554992673560093, 0.330078126741853 ], [ -74.560485836374198, 0.326293948133923 ], [ -74.558898926125835, 0.32128906318502 ], [ -74.55480957070813, 0.317504883678794 ], [ -74.55639648005814, 0.31549072625603 ], [ -74.554687499445208, 0.314514157949247 ], [ -74.555908201294642, 0.314086911673144 ], [ -74.555725098442679, 0.311096195825087 ], [ -74.554077146723841, 0.310913083989988 ], [ -74.554992673560093, 0.308288573845857 ], [ -74.552795413285367, 0.308288573845857 ], [ -74.555419921632847, 0.30548096174806 ], [ -74.548522954117345, 0.298522950965435 ], [ -74.551696772817365, 0.295898433634761 ], [ -74.54980468755582, 0.290710446732191 ], [ -74.547424313649344, 0.290710446732191 ], [ -74.549194336631103, 0.288696290207724 ], [ -74.543701173816999, 0.285888668228495 ], [ -74.547607418297957, 0.285095215350111 ], [ -74.546508786813092, 0.283874511704028 ], [ -74.548095706044592, 0.278686525699754 ], [ -74.547424313649344, 0.277282718303411 ], [ -74.545288084065305, 0.277893070126424 ], [ -74.546081538740339, 0.273071290724431 ], [ -74.544189454377147, 0.273315434148572 ], [ -74.54437255722911, 0.268676760293488 ], [ -74.537597651993337, 0.263122556008909 ], [ -74.536010741745031, 0.264526372388389 ], [ -74.535278317760742, 0.263488774289215 ], [ -74.539489746238019, 0.259704592986395 ], [ -74.538391115651507, 0.257690426580439 ], [ -74.541687008309395, 0.257324219079919 ], [ -74.540435433135656, 0.253154553313436 ], [ -74.54297490239901, 0.250651888056609 ], [ -74.541631559754308, 0.248204428809572 ], [ -74.5390920895926, 0.250007819739153 ], [ -74.534767634097875, 0.249308545411907 ], [ -74.534510006950597, 0.243567139259426 ], [ -74.532375379962332, 0.239978759403527 ], [ -74.527094022993026, 0.239721132256193 ], [ -74.529136638168325, 0.238028154244489 ], [ -74.52887901102099, 0.235875126151257 ], [ -74.526284336646199, 0.2327651965835 ], [ -74.527370052143567, 0.230556965175424 ], [ -74.524830583778567, 0.229876091054848 ], [ -74.527314846133834, 0.225238800606348 ], [ -74.524260121677514, 0.225938074035298 ], [ -74.522824771711441, 0.223306594755627 ], [ -74.520929370765543, 0.224153086905631 ], [ -74.519917264179526, 0.222128871936889 ], [ -74.524977798008024, 0.216479474902371 ], [ -74.522953583937635, 0.215062526041265 ], [ -74.526910002960392, 0.210885282979348 ], [ -74.524701768857426, 0.207388914038063 ], [ -74.527038816983236, 0.206192787419411 ], [ -74.52168385110258, 0.205456709085695 ], [ -74.521518233073209, 0.201371477836688 ], [ -74.519696441038718, 0.200469782371897 ], [ -74.520892566759017, 0.199089635720668 ], [ -74.518353099292312, 0.198555979422736 ], [ -74.520009273297489, 0.194268327036241 ], [ -74.51844510930863, 0.192869779280045 ], [ -74.516862540621503, 0.193808277853066 ], [ -74.517469805830785, 0.188342899952829 ], [ -74.521426223955245, 0.186815539072143 ], [ -74.51767222696833, 0.185840234696002 ], [ -74.520027676199049, 0.185177766171876 ], [ -74.519751647048508, 0.183245563016101 ], [ -74.513679004837343, 0.177872193335588 ], [ -74.515298375734289, 0.176308028448375 ], [ -74.51307174142471, 0.173934176316038 ], [ -74.513697406840606, 0.170916256764542 ], [ -74.511286751600039, 0.171670737101579 ], [ -74.511606627554613, 0.169097663633295 ], [ -73.861568888875411, 0.169232163996412 ], [ -73.859476737860916, 0.161069881563947 ], [ -73.857515536166318, 0.159813406974763 ], [ -73.846368502704024, 0.159636207855556 ], [ -73.842814605606122, 0.157519855309658 ], [ -73.840702191277558, 0.142635740150752 ], [ -73.835819857292336, 0.131500503374184 ], [ -73.836152700438333, 0.127104470958898 ], [ -73.829052246382503, 0.125352479874209 ], [ -73.827852725027697, 0.122451000940941 ], [ -73.818862825861061, 0.114713810622845 ], [ -73.814157496060432, 0.118323761740839 ], [ -73.81020735177492, 0.116821464774887 ], [ -73.809691306063883, 0.114094834966181 ], [ -73.806660290861714, 0.113332066765736 ], [ -73.803790461397796, 0.106355582114531 ], [ -73.800182764154613, 0.107481125350148 ], [ -73.795214352631945, 0.105628205767857 ], [ -73.794784831819698, 0.102010338689297 ], [ -73.792523620428938, 0.101897080804633 ], [ -73.792294289337292, 0.098271640922121 ], [ -73.789991817394309, 0.096005514844535 ], [ -73.781052879694357, 0.092446111967831 ], [ -73.780284675783832, 0.093980595596065 ], [ -73.776053027111686, 0.093169698319286 ], [ -73.774585459042271, 0.088689950039338 ], [ -73.771461864291496, 0.087803978697821 ], [ -73.77111047900496, 0.0846865733443 ], [ -73.765011870071476, 0.082779860803328 ], [ -73.760932845287755, 0.07814233589437 ], [ -73.757899314800795, 0.079153900795859 ], [ -73.757394614820839, 0.077885714860997 ], [ -73.75482809187281, 0.078557015628007 ], [ -73.750458506778898, 0.07678867339547 ], [ -73.749361798588609, 0.078582761364544 ], [ -73.741909447206126, 0.080405999687855 ], [ -73.738925127367963, 0.079863247940409 ], [ -73.738148685899716, 0.07797804288117 ], [ -73.733366288671107, 0.077924252617379 ], [ -73.732878494998261, 0.080077840361469 ], [ -73.727492869592538, 0.083083698224016 ], [ -73.723137459925113, 0.093203367202989 ], [ -73.719237765964408, 0.0944018330365 ], [ -73.715784615005873, 0.098109254135466 ], [ -73.710911264180652, 0.104607719690193 ], [ -73.711227775941779, 0.106119180377675 ], [ -73.704968018999352, 0.104789295404942 ], [ -73.703123247143253, 0.106130553956575 ], [ -73.702353463094823, 0.104792000234454 ], [ -73.698318347997201, 0.106334957677518 ], [ -73.695484243662293, 0.102153287714373 ], [ -73.692963715391784, 0.102250144145444 ], [ -73.690916534974519, 0.096777448563103 ], [ -73.692717307312989, 0.09666701857725 ], [ -73.691920177627196, 0.093352235232203 ], [ -73.694265957384516, 0.089858500153412 ], [ -73.690986432942509, 0.084803012165878 ], [ -73.686745244154451, 0.085227097267989 ], [ -73.686596887267058, 0.082882046943269 ], [ -73.681388231011624, 0.081740034880454 ], [ -73.676603983252051, 0.08418192007673 ], [ -73.674596491334057, 0.087274089038885 ], [ -73.671932186689446, 0.087414288318712 ], [ -73.672636053208066, 0.089023253123116 ], [ -73.670459569185766, 0.091304514028707 ], [ -73.666777868670522, 0.091107775638193 ], [ -73.66618232199346, 0.094264345772672 ], [ -73.661393116427917, 0.098706445629091 ], [ -73.66104634758733, 0.101246994668259 ], [ -73.656892573929213, 0.100939611594356 ], [ -73.656116078561979, 0.096379818867206 ], [ -73.651896010081373, 0.094956238637337 ], [ -73.653474404294059, 0.088559228891654 ], [ -73.651288919145429, 0.086912832157793 ], [ -73.650516727610125, 0.088373338565134 ], [ -73.648658112704481, 0.085472309688214 ], [ -73.647783846420396, 0.081378265959245 ], [ -73.649151431918995, 0.081563169036485 ], [ -73.649448172643304, 0.079500426192851 ], [ -73.644778352375852, 0.074335126260848 ], [ -73.644460186814968, 0.071176288776769 ], [ -73.636111622390217, 0.069792882136767 ], [ -73.630584540062273, 0.072748259131743 ], [ -73.623833277605343, 0.070119117270281 ], [ -73.622020819074066, 0.066835907037671 ], [ -73.616467830210979, 0.063710532722951 ], [ -73.609632188932153, 0.066147284043268 ], [ -73.607663055107309, 0.064070667607325 ], [ -73.603770332078795, 0.066004361967657 ], [ -73.605307411840329, 0.068786751148764 ], [ -73.60342727418157, 0.06799841777331 ], [ -73.600867901828906, 0.069748252899615 ], [ -73.597779637846429, 0.067770290425074 ], [ -73.594266021237956, 0.073320718189223 ], [ -73.592879812750368, 0.071180238672241 ], [ -73.594071266329138, 0.070352928263844 ], [ -73.592662960166251, 0.069646671326325 ], [ -73.590052463751761, 0.072945859905587 ], [ -73.587010714571704, 0.072848178820379 ], [ -73.585849391409852, 0.075526925691349 ], [ -73.583334656379293, 0.072377631916424 ], [ -73.576127256905295, 0.07301788059425 ], [ -73.575868065789848, 0.071301404432631 ], [ -73.570553569943286, 0.075897940979132 ], [ -73.567052377045115, 0.074620851834368 ], [ -73.56527753100471, 0.078190656312017 ], [ -73.562255931052562, 0.073275434978029 ], [ -73.55407524302359, 0.077442094080823 ], [ -73.554041978382145, 0.074897871827488 ], [ -73.550954280338715, 0.075529055598565 ], [ -73.548161130230199, 0.073130401859828 ], [ -73.545667334945563, 0.074126363012397 ], [ -73.545413193264324, 0.076606638641238 ], [ -73.541184211692382, 0.081141407877851 ], [ -73.536591574735667, 0.081665402787223 ], [ -73.536922649097448, 0.077629839429846 ], [ -73.534197538341118, 0.078101661942526 ], [ -73.53314765936392, 0.083692090819852 ], [ -73.530523984653655, 0.08643388599927 ], [ -73.522810627557362, 0.086571121734551 ], [ -73.523016809045714, 0.090605654723447 ], [ -73.517960362555016, 0.089102314812635 ], [ -73.515881015238449, 0.091513786622386 ], [ -73.517483052229863, 0.092931579002254 ], [ -73.517128945944137, 0.094980868665459 ], [ -73.51491110435154, 0.094340289407342 ], [ -73.513583132791894, 0.095801974405219 ], [ -73.510903934966336, 0.094327497387496 ], [ -73.509264950237821, 0.096900796333102 ], [ -73.507759911611402, 0.095913876731061 ], [ -73.507604494858583, 0.099189612076202 ], [ -73.505234685148253, 0.099139083597834 ], [ -73.506440386018767, 0.102389942776313 ], [ -73.502712818386897, 0.104454052856909 ], [ -73.504341526380358, 0.1055696984468 ], [ -73.503409039338067, 0.107742986260746 ], [ -73.499638434284918, 0.104704022758654 ], [ -73.496097505276737, 0.1064286556296 ], [ -73.496200257355781, 0.112517389375228 ], [ -73.494034485751797, 0.115405501366411 ], [ -73.489655550984935, 0.115927466979883 ], [ -73.488280015389762, 0.113835738173918 ], [ -73.488459382145436, 0.111433572019564 ], [ -73.491471308132589, 0.110568856631232 ], [ -73.492934267840894, 0.108220549910982 ], [ -73.489779215860437, 0.104448194039946 ], [ -73.480305283371763, 0.105992631009485 ], [ -73.48275506566398, 0.114518924559889 ], [ -73.47473837240733, 0.112672510582115 ], [ -73.469485397732058, 0.106046188609412 ], [ -73.468164584852616, 0.110597293722549 ], [ -73.464345733043729, 0.114571780575034 ], [ -73.459149696331508, 0.106205621733068 ], [ -73.459666946684308, 0.102910946293377 ], [ -73.462997367914284, 0.10153547537692 ], [ -73.46328045064206, 0.099768767181217 ], [ -73.461430446095278, 0.097872625124637 ], [ -73.453340001993297, 0.097831880205831 ], [ -73.453450702372322, 0.094871753814175 ], [ -73.45622930515151, 0.091931508952257 ], [ -73.454941458672636, 0.090431889866295 ], [ -73.4494360598963, 0.093475167980159 ], [ -73.447924792346726, 0.092373394185927 ], [ -73.44542386533135, 0.094033922328776 ], [ -73.443818730946361, 0.092702332352303 ], [ -73.439249022607214, 0.095603884947479 ], [ -73.434454771200706, 0.089225300561225 ], [ -73.431180995981038, 0.092043871215878 ], [ -73.426387153308326, 0.089748735819683 ], [ -73.422026349253258, 0.093242354117365 ], [ -73.420203147760958, 0.098532938588619 ], [ -73.418589271862913, 0.098176686225997 ], [ -73.417769527970165, 0.095847078851591 ], [ -73.419044443190216, 0.092565305026312 ], [ -73.416494038726228, 0.088947222351862 ], [ -73.418796604992338, 0.07919068773441 ], [ -73.417339910139845, 0.074657832809123 ], [ -73.421244098375439, 0.071059602019943 ], [ -73.419816609572649, 0.067393745104027 ], [ -73.421554650708231, 0.064872251143811 ], [ -73.412393942144092, 0.066759903215882 ], [ -73.404210116297293, 0.063840869391356 ], [ -73.393246813609892, 0.067199916359016 ], [ -73.39309641485022, 0.065314252260237 ], [ -73.396087023798657, 0.063473848914839 ], [ -73.392441256821712, 0.061866070785811 ], [ -73.392219254192014, 0.060221462599145 ], [ -73.396413955127059, 0.059093552300908 ], [ -73.396043915410417, 0.056838665054784 ], [ -73.393136843561763, 0.052721195939512 ], [ -73.390032441332323, 0.052526096975669 ], [ -73.387636546322028, 0.054848463923122 ], [ -73.385920287552835, 0.053556205814346 ], [ -73.387514855945085, 0.04781244337903 ], [ -73.392155011123236, 0.045791834250736 ], [ -73.395094554400373, 0.047283920957057 ], [ -73.394730591791472, 0.043109722288023 ], [ -73.387821959642736, 0.043271763223061 ], [ -73.383765397250556, 0.045695531182275 ], [ -73.382262791263884, 0.040819818684213 ], [ -73.375731918959445, 0.045974134008191 ], [ -73.375192349945621, 0.048654392744936 ], [ -73.371759314977282, 0.045997919619253 ], [ -73.371505724862061, 0.04924757415597 ], [ -73.369973062120323, 0.049698950098161 ], [ -73.367982339965408, 0.047335858893234 ], [ -73.364505141985831, 0.048369902355944 ], [ -73.362732907350107, 0.046028094951964 ], [ -73.358980775267185, 0.051575958023932 ], [ -73.355334226755303, 0.047952720812305 ], [ -73.357469573294679, 0.044724679758531 ], [ -73.355909474185694, 0.043072729635185 ], [ -73.352990490666912, 0.043559468685032 ], [ -73.351255452601777, 0.041514700246239 ], [ -73.348408622722388, 0.042029623960616 ], [ -73.346800685591461, 0.040652550448385 ], [ -73.33709375778011, 0.040300038673593 ], [ -73.333846139725779, 0.035309322862929 ], [ -73.32587099717739, 0.037947842245046 ], [ -73.323173819557041, 0.033586889967864 ], [ -73.320744413766647, 0.037996269562314 ], [ -73.325291401897516, 0.044098861628925 ], [ -73.32126255165565, 0.048975626953279 ], [ -73.321062229882614, 0.043219631250622 ], [ -73.31797086760821, 0.04137862423687 ], [ -73.312461326696848, 0.041440281952191 ], [ -73.309216188892947, 0.046306385163916 ], [ -73.307573302778053, 0.046401582405394 ], [ -73.302106866661575, 0.041481460757609 ], [ -73.303504217860848, 0.035659592440993 ], [ -73.294692650589866, 0.034459851897111 ], [ -73.292606125728469, 0.028922925822428 ], [ -73.294531374121789, 0.026185768648531 ], [ -73.289428564644027, 0.025510634767159 ], [ -73.285249918412489, 0.031444350612276 ], [ -73.287431300951937, 0.038697481557165 ], [ -73.286699409669041, 0.042831246124706 ], [ -73.289767038434718, 0.044941054438482 ], [ -73.289026460436105, 0.046432478187626 ], [ -73.283368480890545, 0.049776038187417 ], [ -73.277846843255872, 0.044895392137903 ], [ -73.274873322972667, 0.045618895844314 ], [ -73.272700963119121, 0.042484704557978 ], [ -73.268294038622344, 0.040592430650122 ], [ -73.266481225256257, 0.042840530220531 ], [ -73.266017854998836, 0.048276762258126 ], [ -73.263199497245068, 0.047796700391075 ], [ -73.262535133274184, 0.050613484295241 ], [ -73.260240668021709, 0.052087907414034 ], [ -73.262133230289066, 0.055608071847871 ], [ -73.261048343937318, 0.057577583863747 ], [ -73.249670118072686, 0.059552872051484 ], [ -73.244289387590811, 0.056151205379535 ], [ -73.24142953123112, 0.04472422431229 ], [ -73.232863039836332, 0.046155419566901 ], [ -73.226933607161868, 0.042296646594991 ], [ -73.221088423053516, 0.035671052258238 ], [ -73.21809123304206, 0.035477581941279 ], [ -73.21485335991963, 0.038691104411896 ], [ -73.215703719320004, 0.043287861045769 ], [ -73.22041069124225, 0.045577384661954 ], [ -73.218274024178356, 0.053492904180757 ], [ -73.20706065457108, 0.051875327220841 ], [ -73.20376638786513, 0.054364547382136 ], [ -73.200812476921897, 0.053324152825212 ], [ -73.199970920120052, 0.056434994183746 ], [ -73.202466120370957, 0.060152415336404 ], [ -73.199698024295685, 0.061781426062396 ], [ -73.197959540290356, 0.061286218587611 ], [ -73.195433838618044, 0.054733892700483 ], [ -73.191279209763081, 0.058935470244478 ], [ -73.186756260568359, 0.054791049852611 ], [ -73.186127340553639, 0.060376399651261 ], [ -73.180600767570866, 0.060357190061893 ], [ -73.180806921211399, 0.054272637977192 ], [ -73.175821404853707, 0.05136016455441 ], [ -73.173692601648099, 0.04744282317597 ], [ -73.167929402349444, 0.048937798866518 ], [ -73.165908433894742, 0.053739961742053 ], [ -73.167126892649151, 0.055379464798932 ], [ -73.171778645086931, 0.054878616797964 ], [ -73.172408907185797, 0.057107999954553 ], [ -73.164032100604288, 0.059259353586697 ], [ -73.159664545704516, 0.051719364291898 ], [ -73.158690848415688, 0.044092100004377 ], [ -73.155236491917094, 0.042345608410244 ], [ -73.15088043815706, 0.044511928885299 ], [ -73.14701862438551, 0.040412688398305 ], [ -73.145316062240397, 0.042764485974487 ], [ -73.147145417197294, 0.048847572007503 ], [ -73.143757192925989, 0.070023971232843 ], [ -73.138069817785947, 0.078645789011716 ], [ -73.143938704860318, 0.081701242002339 ], [ -73.149656332588279, 0.080309649906951 ], [ -73.155434463695485, 0.086420553193193 ], [ -73.158368908130967, 0.092954983727282 ], [ -73.151955485253666, 0.101244032022123 ], [ -73.153770603698604, 0.11159021407542 ], [ -73.148022725179317, 0.12036329389565 ], [ -73.146056344693022, 0.129771664587736 ], [ -73.154103375877639, 0.141569945708966 ], [ -73.166657954629159, 0.147408579297064 ], [ -73.172768858813697, 0.145623711643395 ], [ -73.181662946290714, 0.138211973127284 ], [ -73.187168810394724, 0.138393484163259 ], [ -73.187350322329053, 0.143082542766194 ], [ -73.181662946290714, 0.14686404259578 ], [ -73.173283142927062, 0.156605188161848 ], [ -73.173767175350804, 0.160628702406655 ], [ -73.178214217741868, 0.164712721827357 ], [ -73.180876394275856, 0.163472390874972 ], [ -73.180876394275856, 0.157361487588787 ], [ -73.183962098057748, 0.152279153427571 ], [ -73.192946940603633, 0.149949747275969 ], [ -73.196032645283822, 0.143717836332939 ], [ -73.205804039844566, 0.140269108682389 ], [ -73.211551920160446, 0.140208604404847 ], [ -73.214516615387254, 0.144413632380633 ], [ -73.206560340169801, 0.155001829747562 ], [ -73.206862859760918, 0.160568199027409 ], [ -73.210130076375435, 0.160991727173609 ], [ -73.218751895052662, 0.15708921878894 ], [ -73.232819073556357, 0.159176606932022 ], [ -73.238718213218647, 0.166890866835899 ], [ -73.235662762024674, 0.174484118184694 ], [ -73.235693013714297, 0.178537886814127 ], [ -73.24304424885122, 0.183922740566402 ], [ -73.248308096743358, 0.183015180894756 ], [ -73.250032461017781, 0.171216904265123 ], [ -73.253874464226612, 0.168131198686581 ], [ -73.255659331880281, 0.169704301818001 ], [ -73.254328244062435, 0.185798365085532 ], [ -73.256778656074175, 0.185828618571804 ], [ -73.259047556151586, 0.183045434381029 ], [ -73.263797119032063, 0.181169808963546 ], [ -73.273810530702974, 0.181714343868236 ], [ -73.27674497424016, 0.187159703694704 ], [ -73.270634070953918, 0.195569759646276 ], [ -73.27066432264354, 0.19956302399811 ], [ -73.273084482965658, 0.199744536830792 ], [ -73.277017242141653, 0.195479002780814 ], [ -73.28019370189071, 0.194389932073136 ], [ -73.290388624597654, 0.195630263025521 ], [ -73.294321384671946, 0.200440331081836 ], [ -73.293928109113665, 0.20558317221554 ], [ -73.291356689445138, 0.209152905726228 ], [ -73.274929853998572, 0.208184845370283 ], [ -73.271602134903105, 0.21033273509596 ], [ -73.271874402804599, 0.217472206608932 ], [ -73.274385319093881, 0.223522605617632 ], [ -73.278802109795322, 0.223159580850677 ], [ -73.283884445753131, 0.21438650282704 ], [ -73.288270984764949, 0.215324313290012 ], [ -73.289057536779808, 0.219952869411998 ], [ -73.285034021636648, 0.230994850207935 ], [ -73.286607125666364, 0.234050303198558 ], [ -73.289178545334892, 0.233021733175178 ], [ -73.29501718071964, 0.224097394008538 ], [ -73.298556665235651, 0.222161266110163 ], [ -73.302186903922234, 0.223371347169575 ], [ -73.307541507781536, 0.229542752038412 ], [ -73.314741482673753, 0.234625088894518 ], [ -73.316223830736305, 0.232567952441059 ], [ -73.315830555178024, 0.226850324713098 ], [ -73.322304483231221, 0.227001585856101 ], [ -73.323847333774665, 0.22545873261771 ], [ -73.32206246701935, 0.219952869411998 ], [ -73.322546499443092, 0.21565708726564 ], [ -73.337927916051399, 0.211276042354541 ], [ -73.356327159684668, 0.226511614665299 ], [ -73.347534649289344, 0.228302422882678 ], [ -73.345205244934391, 0.230994850207935 ], [ -73.338459048979701, 0.232961229795933 ], [ -73.338459048979701, 0.234988112763176 ], [ -73.342452313331535, 0.237529280742081 ], [ -73.343934661394087, 0.240675489699868 ], [ -73.342906093167358, 0.245092280401252 ], [ -73.33906408906023, 0.247845212902405 ], [ -73.338549804946865, 0.250900663198081 ], [ -73.34151450107197, 0.252171246738385 ], [ -73.348109436781954, 0.247270425409852 ], [ -73.352798496283185, 0.247784707726566 ], [ -73.35836486376644, 0.252625028370801 ], [ -73.360543006978332, 0.262426674621167 ], [ -73.367652226801681, 0.26215440941462 ], [ -73.373188341697016, 0.25410737463676 ], [ -73.375063966216146, 0.253623344009611 ], [ -73.377030345804144, 0.254621659648421 ], [ -73.380448821765071, 0.261519114949522 ], [ -73.387134513442277, 0.267720774202928 ], [ -73.389826940767534, 0.268235059214589 ], [ -73.390946264961428, 0.260127522854134 ], [ -73.3957563330178, 0.253441831176985 ], [ -73.399265564047539, 0.260823318901828 ], [ -73.404468907662135, 0.265088850256859 ], [ -73.407826880243874, 0.265633386059847 ], [ -73.415117611103199, 0.26475607897612 ], [ -73.425403289777307, 0.255710732152693 ], [ -73.432149485731998, 0.253653595699234 ], [ -73.43463014943336, 0.254409895126173 ], [ -73.435053676681264, 0.257374591251278 ], [ -73.429275545574058, 0.261609870916686 ], [ -73.432905786057233, 0.267206489191267 ], [ -73.432119234042375, 0.276584609092026 ], [ -73.436747789266065, 0.278702248924731 ], [ -73.440226768606237, 0.286477014004447 ], [ -73.443645244567165, 0.28922994381071 ], [ -73.445097340940094, 0.288050118034164 ], [ -73.441043573209015, 0.278278719880177 ], [ -73.444280537235613, 0.274527475333514 ], [ -73.44700321625055, 0.275132515414043 ], [ -73.44760825633108, 0.279821573118625 ], [ -73.453265379781499, 0.280971148103845 ], [ -73.455050248333464, 0.282816520035055 ], [ -73.456199824216981, 0.294221524699651 ], [ -73.4500284157549, 0.305656779257276 ], [ -73.4500284157549, 0.321024793889194 ], [ -73.456895620264675, 0.323717222112805 ], [ -73.458256959772143, 0.329344092975305 ], [ -73.46300652265262, 0.331491986294225 ], [ -73.46427710709122, 0.338782718051903 ], [ -73.466546007168631, 0.339932292138826 ], [ -73.469026670869994, 0.338843221431148 ], [ -73.472384641655083, 0.330433164581279 ], [ -73.480098901558961, 0.32480629371878 ], [ -73.485120733239228, 0.324715537751615 ], [ -73.501668576342581, 0.329858376190316 ], [ -73.509050063169127, 0.343592784311625 ], [ -73.503392939718708, 0.349764192773705 ], [ -73.506448391810977, 0.360231381585493 ], [ -73.499218164330841, 0.366281782390843 ], [ -73.505540832139332, 0.375750658258767 ], [ -73.50632738415419, 0.390150607144847 ], [ -73.508626535022927, 0.390362372565448 ], [ -73.515433235255159, 0.384871636102844 ], [ -73.520182798135636, 0.384296845915287 ], [ -73.538787776794152, 0.392827910422 ], [ -73.540754157280446, 0.394975801944327 ], [ -73.540149117199917, 0.400784185639452 ], [ -73.532011329149839, 0.399211080711382 ], [ -73.52677773384562, 0.401903510731643 ], [ -73.520666829661081, 0.409284996659835 ], [ -73.519063474840038, 0.414579096241596 ], [ -73.520152546446013, 0.420145462826554 ], [ -73.524024802242764, 0.421930332276872 ], [ -73.525476897717397, 0.41972193557865 ], [ -73.523540769819022, 0.414306828340159 ], [ -73.524932361914409, 0.409799280773257 ], [ -73.527715546105185, 0.408468192955411 ], [ -73.534613001406285, 0.409012728758398 ], [ -73.537849965432883, 0.410979108346339 ], [ -73.540723904692527, 0.417241272775641 ], [ -73.546804556289146, 0.422595876634944 ], [ -73.547046571602721, 0.429009297715652 ], [ -73.540562311118833, 0.43024136056755 ], [ -73.539120548973187, 0.432548783130017 ], [ -73.550253283939696, 0.434394155061227 ], [ -73.553236196116643, 0.43840247878245 ], [ -73.549752658721104, 0.445668750293805 ], [ -73.542956556821025, 0.446117548967379 ], [ -73.53834229829647, 0.449257183150337 ], [ -73.538753366799767, 0.452049470875465 ], [ -73.541733618164756, 0.454413118138064 ], [ -73.546769213842765, 0.455338025189974 ], [ -73.557251474600378, 0.450816266263928 ], [ -73.561053863870256, 0.450816266263928 ], [ -73.562595373227907, 0.453077146176099 ], [ -73.557457010199528, 0.459345949160593 ], [ -73.555305368207883, 0.467489838572988 ], [ -73.562777611001593, 0.472874694121913 ], [ -73.569493554368364, 0.483795666362766 ], [ -73.575090174439538, 0.480982229584072 ], [ -73.577782601764852, 0.477624258798983 ], [ -73.575664961932148, 0.469365463990414 ], [ -73.569614562025151, 0.464010859232815 ], [ -73.569886829926645, 0.461409187874665 ], [ -73.576027985800806, 0.463073047871546 ], [ -73.583893505051094, 0.461590698910697 ], [ -73.591789276889301, 0.462407502615179 ], [ -73.59299935705036, 0.466370516175687 ], [ -73.58059603764525, 0.483583902738815 ], [ -73.583500228594517, 0.488393969896833 ], [ -73.58952037681189, 0.493143534573903 ], [ -73.593029608739982, 0.493325045609936 ], [ -73.594965735740061, 0.491509925368348 ], [ -73.59575228775492, 0.481526767183652 ], [ -73.602649743954316, 0.483765413774847 ], [ -73.606219479261654, 0.486578850553542 ], [ -73.606552251440689, 0.488878002320575 ], [ -73.604585871852692, 0.491540177057971 ], [ -73.599866559763541, 0.49284101408449 ], [ -73.599745552106754, 0.495926718764736 ], [ -73.614145502789484, 0.502975433412189 ], [ -73.616626167389143, 0.509146841874326 ], [ -73.629574021698943, 0.504760300167561 ], [ -73.637651304573126, 0.499254436961849 ], [ -73.644639514943094, 0.497893095657787 ], [ -73.645274807611543, 0.511809015713368 ], [ -73.64869328357247, 0.522306458909725 ], [ -73.651597476318386, 0.524726619231842 ], [ -73.658071402574933, 0.52642073002005 ], [ -73.665725159099622, 0.53286440728192 ], [ -73.672866224225174, 0.536295070696042 ], [ -73.670677374883155, 0.54031055669077 ], [ -73.668415812250828, 0.541368401934278 ], [ -73.669680963674239, 0.54565211969674 ], [ -73.661151478407078, 0.550711044641275 ], [ -73.661502925677439, 0.552042024661205 ], [ -73.665434798215585, 0.552274292347818 ], [ -73.665796981260428, 0.553809064335496 ], [ -73.662654773402153, 0.556265902001599 ], [ -73.663404155795888, 0.560004959993478 ], [ -73.661363578899568, 0.56423195718537 ], [ -73.655244731804942, 0.565755184015813 ], [ -73.660214212323638, 0.567193017825616 ], [ -73.660506846845522, 0.569762910356928 ], [ -73.6550521418377, 0.572887089013079 ], [ -73.656380238263239, 0.579835637833355 ], [ -73.650609496703453, 0.583970879232368 ], [ -73.651442945305121, 0.585885620921715 ], [ -73.654260834137915, 0.585444573816858 ], [ -73.655834637057467, 0.588998992836423 ], [ -73.652864950786977, 0.591133722232712 ], [ -73.65356386668617, 0.589079293303655 ], [ -73.651236304777285, 0.588805612351052 ], [ -73.649657049079622, 0.586632202366161 ], [ -73.649925950991076, 0.588895354119472 ], [ -73.64621031209731, 0.591409783722668 ], [ -73.645900178379804, 0.595120185434098 ], [ -73.642425053713623, 0.595093936640581 ], [ -73.645207747423854, 0.599541008676056 ], [ -73.641561368693715, 0.602301657711678 ], [ -73.644597826792506, 0.604758343562366 ], [ -73.641023600803464, 0.61101018903571 ], [ -73.643315436684986, 0.613971591036034 ], [ -73.63903592573638, 0.612290566915362 ], [ -73.636827157135372, 0.613899644907633 ], [ -73.642641107694772, 0.620635644975721 ], [ -73.642975136617906, 0.623253469852159 ], [ -73.6411722900678, 0.624707850642665 ], [ -73.637863794934731, 0.622445749919052 ], [ -73.639298566385321, 0.626701887583692 ], [ -73.637178954749004, 0.628176068157188 ], [ -73.634024125550866, 0.626989743962724 ], [ -73.637429665761431, 0.633952279563061 ], [ -73.634772252098855, 0.635049013804519 ], [ -73.63305293097045, 0.633552195667846 ], [ -73.630680489194219, 0.640952887592164 ], [ -73.629637948560458, 0.640211120223171 ], [ -73.630472960231941, 0.635497708273476 ], [ -73.627711529661383, 0.641793226277514 ], [ -73.626601006269311, 0.636334745647559 ], [ -73.622233800814513, 0.638310724640291 ], [ -73.622379031562218, 0.64122247132542 ], [ -73.625202004863581, 0.641593188372326 ], [ -73.623217985942631, 0.64271174360772 ], [ -73.624783058128969, 0.645751515594213 ], [ -73.619599005850489, 0.647818306249746 ], [ -73.621739072142134, 0.651567164869164 ], [ -73.613753398635254, 0.651849056429967 ], [ -73.6122968708695, 0.655463338329412 ], [ -73.611239329256819, 0.654384155385969 ], [ -73.608473955079035, 0.655310561727276 ], [ -73.60697902430428, 0.662317706801844 ], [ -73.604961200853893, 0.661261110217595 ], [ -73.601599345750458, 0.667307793791338 ], [ -73.598460326913937, 0.669340862562535 ], [ -73.598773372073651, 0.67237947661971 ], [ -73.589778199792079, 0.673591186326007 ], [ -73.591901466676234, 0.678057953041446 ], [ -73.591156313554222, 0.680025811257565 ], [ -73.587578314637994, 0.675594692415928 ], [ -73.585508461623249, 0.675635735575668 ], [ -73.583240225401369, 0.678541639613513 ], [ -73.586105150059893, 0.68200659624091 ], [ -73.585153340240424, 0.683910825836449 ], [ -73.579675602410362, 0.682132405396715 ], [ -73.579992895706425, 0.684652744122559 ], [ -73.581452523560699, 0.684116953425814 ], [ -73.582260325240554, 0.685870150948915 ], [ -73.577349101412722, 0.686262994417177 ], [ -73.577509997893173, 0.688749878956855 ], [ -73.57449948316048, 0.690287993578352 ], [ -73.577640342646475, 0.691361848609631 ], [ -73.574147082776847, 0.693236723034886 ], [ -73.577043646124935, 0.699337549012228 ], [ -73.575365728380973, 0.701944649792267 ], [ -73.577069644288258, 0.702863904639912 ], [ -73.577806936246986, 0.70095564789375 ], [ -73.58098943267953, 0.703274884209918 ], [ -73.579803154299213, 0.705992126616422 ], [ -73.581407589794367, 0.710403230079237 ], [ -73.577550726642301, 0.709888281212045 ], [ -73.577216185679049, 0.714404532562639 ], [ -73.580304278981487, 0.714922933658272 ], [ -73.580453076043739, 0.717600586380286 ], [ -73.57656321774499, 0.717407379269957 ], [ -73.575808472404731, 0.718771800899617 ], [ -73.581134456814596, 0.723095537741528 ], [ -73.583539390680528, 0.728858302255276 ], [ -73.581995690330075, 0.731347758673621 ], [ -73.580915851615998, 0.728683067753138 ], [ -73.578182072110224, 0.729924627601804 ], [ -73.581648500179256, 0.734608380750387 ], [ -73.580166809684044, 0.737107901002901 ], [ -73.578733179993094, 0.735968277562336 ], [ -73.580015730899163, 0.738551185794222 ], [ -73.576393715397217, 0.737411324299899 ], [ -73.577072580883282, 0.739918187387445 ], [ -73.574198646115235, 0.742049655896608 ], [ -73.576869688129818, 0.741489871179567 ], [ -73.575805310332385, 0.745952414013175 ], [ -73.57742046273745, 0.745465654302052 ], [ -73.577856065148978, 0.747742387694984 ], [ -73.580216270962978, 0.746795437765059 ], [ -73.578294280761781, 0.749395792191933 ], [ -73.580964595140472, 0.749417154146386 ], [ -73.584941795805605, 0.757104727776891 ], [ -73.581581315125618, 0.756230354593242 ], [ -73.580700202775347, 0.757555191030008 ], [ -73.582536475663801, 0.757660230221575 ], [ -73.582474941017779, 0.759647059973304 ], [ -73.579267793895838, 0.761148001380434 ], [ -73.581254095437771, 0.762183686964875 ], [ -73.579869459003191, 0.764445862248692 ], [ -73.583986662216887, 0.769174592282809 ], [ -73.584386143342101, 0.772717988964985 ], [ -73.580623082346733, 0.773155690741078 ], [ -73.576526943744909, 0.778760048007939 ], [ -73.57718293002074, 0.776512712904434 ], [ -73.574970172896656, 0.775543296989667 ], [ -73.572903732584393, 0.777175968353333 ], [ -73.572441829277011, 0.780462982954191 ], [ -73.568459561211284, 0.782389761179672 ], [ -73.570075424184324, 0.783402334890013 ], [ -73.567944996823314, 0.785473221866482 ], [ -73.570947974684771, 0.787500942962538 ], [ -73.568000863095392, 0.788020871195329 ], [ -73.566420331788947, 0.79064246720236 ], [ -73.568097602745411, 0.790577153340962 ], [ -73.568977413435789, 0.792469829694426 ], [ -73.567180261310853, 0.797421316943655 ], [ -73.568538505221397, 0.797953226016944 ], [ -73.567241525563759, 0.79900008844902 ], [ -73.568565652330904, 0.799329356297335 ], [ -73.568442987281117, 0.802212725180027 ], [ -73.566495178579771, 0.802663795694798 ], [ -73.566830350160842, 0.809286901696225 ], [ -73.560769999607487, 0.810916401106113 ], [ -73.557539253724258, 0.813538746308666 ], [ -73.556740329203137, 0.823145968230506 ], [ -73.553131976189263, 0.826702065304346 ], [ -73.552507189326434, 0.831128388935156 ], [ -73.550155192324041, 0.831862660755405 ], [ -73.550699553853747, 0.83721583090238 ], [ -73.545041181744068, 0.839352275183955 ], [ -73.539627764237935, 0.846575690733857 ], [ -73.541390393180734, 0.849088403655117 ], [ -73.540210717423008, 0.855273924661617 ], [ -73.53793025332368, 0.855118779200154 ], [ -73.536702570660623, 0.858488376889227 ], [ -73.536242346305812, 0.863036502288196 ], [ -73.53817549269337, 0.866402407898477 ], [ -73.53562929055164, 0.870669469983966 ], [ -73.539252241200472, 0.873510515606597 ], [ -73.537610300114011, 0.875238812708517 ], [ -73.54063829697435, 0.882047161350613 ], [ -73.537762088568513, 0.885100614689804 ], [ -73.53911327171528, 0.886729487973412 ], [ -73.53656325083216, 0.889613285352823 ], [ -73.540203898306231, 0.891363372905914 ], [ -73.540285276752684, 0.897309350764431 ], [ -73.538644064200469, 0.897635150214683 ], [ -73.538170876247477, 0.900851451176663 ], [ -73.53111745711908, 0.906617386745836 ], [ -73.527928312249799, 0.911948691881378 ], [ -73.529404270590646, 0.913822119119573 ], [ -73.52682565720761, 0.918567334150623 ], [ -73.527135934655689, 0.922030538163483 ], [ -73.52366904036063, 0.926744825971298 ], [ -73.524827346079064, 0.931885345856415 ], [ -73.521016782133586, 0.9370588752613 ], [ -73.521139680745591, 0.941389565069073 ], [ -73.518358145862976, 0.944188580282685 ], [ -73.516449854980806, 0.952955310805464 ], [ -73.517784805557426, 0.961846556908938 ], [ -73.513607462782431, 0.972743152446867 ], [ -73.51302923204463, 0.981695335816255 ], [ -73.514741026183287, 0.984616425886088 ], [ -73.509837877317977, 0.992128046361643 ], [ -73.50917537914944, 0.998126645774789 ], [ -73.502655784304068, 1.006033948397203 ], [ -73.492379057348899, 1.011619734777412 ], [ -73.49236915790658, 1.024202763196683 ], [ -73.491186265279282, 1.026147605658537 ], [ -73.483770402594359, 1.028225212038706 ], [ -73.479453621413199, 1.032914911140949 ], [ -73.471199098995555, 1.034161295844797 ], [ -73.464796149584458, 1.043809400127827 ], [ -73.455794663938036, 1.04450506591968 ], [ -73.453252629084204, 1.047844345443764 ], [ -73.448594019800453, 1.048053988143636 ], [ -73.446605877609045, 1.049983934729596 ], [ -73.443959503351778, 1.049045850280265 ], [ -73.438515570051095, 1.05035539737878 ], [ -73.435091776059437, 1.052879905189116 ], [ -73.434174164231763, 1.056106591582363 ], [ -73.428282840817019, 1.055624195890402 ], [ -73.378704419653957, 1.066834868753062 ], [ -73.37928102803312, 1.065013233923821 ], [ -73.376321654430285, 1.066270084907387 ], [ -73.377907062694248, 1.062712307982679 ], [ -73.375489920713903, 1.060376506719479 ], [ -73.377859893019433, 1.059906446702769 ], [ -73.375653299241435, 1.058299827401413 ], [ -73.377172969638877, 1.056315897413754 ], [ -73.374246582199589, 1.056288822169506 ], [ -73.37515070042258, 1.053868950206834 ], [ -73.37355449260366, 1.050834332757518 ], [ -73.370523846609444, 1.050532059304999 ], [ -73.369979971068688, 1.048936391374014 ], [ -73.368174985628229, 1.051028028551741 ], [ -73.367033190957898, 1.048310964910172 ], [ -73.365053061745186, 1.052095010567314 ], [ -73.363249899886227, 1.048805830126526 ], [ -73.365216995432036, 1.046497158904856 ], [ -73.362100244950909, 1.045854890812677 ], [ -73.363508749641596, 1.043501187908191 ], [ -73.352767835859765, 1.046221834932339 ], [ -73.352035018413062, 1.0406499535855 ], [ -73.347132471419513, 1.042959504258533 ], [ -73.34871752215372, 1.044405611558716 ], [ -73.348038521021977, 1.045646347651598 ], [ -73.345187348682998, 1.044761138980334 ], [ -73.346262775767286, 1.042816410604587 ], [ -73.344749949639436, 1.041475558091804 ], [ -73.339141858072935, 1.043103728892333 ], [ -73.340133633971277, 1.039498320558323 ], [ -73.330913506295303, 1.042184320432625 ], [ -73.328052102137178, 1.038479729927417 ], [ -73.329777864191271, 1.037584257097535 ], [ -73.329453546064144, 1.035814604221969 ], [ -73.323322319276713, 1.032275357759659 ], [ -73.32149394168755, 1.033286175262276 ], [ -73.318646327578335, 1.032265903882092 ], [ -73.31744384267904, 1.030178580417783 ], [ -73.312773609186252, 1.028439235825715 ], [ -73.312523616826581, 1.025443990668407 ], [ -73.31478706592253, 1.023764024763921 ], [ -73.312827383280307, 1.021641799028032 ], [ -73.31142400707563, 1.022635201776666 ], [ -73.309965205672029, 1.017458426756093 ], [ -73.308146036720245, 1.018472685707252 ], [ -73.30815661888272, 1.016727064581289 ], [ -73.309776138001837, 1.016199400949461 ], [ -73.305391910357116, 1.015800722020401 ], [ -73.305670990188844, 1.019010777889548 ], [ -73.30322147289985, 1.017266903988229 ], [ -73.29898559315933, 1.019995025899789 ], [ -73.298726518824935, 1.014045807815478 ], [ -73.294530614146424, 1.012111162138467 ], [ -73.23910416839982, 1.032538821266087 ], [ -73.241490823331787, 1.029121563421597 ], [ -73.245421296293557, 1.028199794187515 ], [ -73.243659892653795, 1.02474447469416 ], [ -73.247837320768838, 1.021923529790286 ], [ -73.234903303220392, 1.008697859579399 ], [ -73.231700854291148, 1.009681291020399 ], [ -73.230099630275674, 1.007020985678651 ], [ -73.225018578909726, 1.005936694910417 ], [ -73.22345517938777, 1.003326823723796 ], [ -73.220315770682134, 1.004474158308938 ], [ -73.220353595175595, 1.000691738603734 ], [ -73.216722471647813, 1.002582948007159 ], [ -73.21625597435235, 1.000943900396521 ], [ -73.218374128920118, 0.999128337285129 ], [ -73.2168611608584, 0.997136264062931 ], [ -73.208212027984871, 1.001032156350277 ], [ -73.206156912742415, 1.006731002087292 ], [ -73.202551006741373, 1.000477402202762 ], [ -73.198755979171096, 0.998611406732834 ], [ -73.190775073027282, 1.001965153636093 ], [ -73.188127380042147, 1.001284317244711 ], [ -73.186841357144772, 1.002898151820204 ], [ -73.182945464857426, 1.003087273389383 ], [ -73.184987971336511, 0.998548368305876 ], [ -73.178759586283775, 1.000275671870213 ], [ -73.178847843135827, 0.994652475120176 ], [ -73.175771475552153, 0.996064579363122 ], [ -73.171736894952517, 0.992055213595279 ], [ -73.172644674711535, 0.989810976783644 ], [ -73.176893592610497, 0.991084392714299 ], [ -73.172026880340468, 0.987188500426953 ], [ -73.173048131783389, 0.985461195065966 ], [ -73.175784084315524, 0.985398154842358 ], [ -73.173048131783389, 0.981287926154039 ], [ -73.188894724264287, 0.970857152377903 ], [ -73.189501896048682, 0.966986426413314 ], [ -73.187680378898847, 0.966278058433204 ], [ -73.182443516419369, 0.971186035746996 ], [ -73.180672595121564, 0.970958348573618 ], [ -73.17940765300574, 0.966859930944111 ], [ -73.182241124926236, 0.960914699586169 ], [ -73.179559445951838, 0.959750954564356 ], [ -73.178319802211263, 0.962331436444686 ], [ -73.176523583436619, 0.962559129007957 ], [ -73.175511628665959, 0.960864102835785 ], [ -73.17869928502563, 0.955905526974959 ], [ -73.172880548238595, 0.952819066811003 ], [ -73.16817495972299, 0.955222458268338 ], [ -73.165341486904197, 0.953400939321909 ], [ -73.162634511351314, 0.949859101217953 ], [ -73.164253637906313, 0.940372029061109 ], [ -73.156714578368565, 0.944369247800012 ], [ -73.154488279130817, 0.941738167372648 ], [ -73.150642852439717, 0.944470443995726 ], [ -73.15114882982499, 0.941561074254707 ], [ -73.14973209386477, 0.940270833763691 ], [ -73.146949217796362, 0.943331994654159 ], [ -73.147455196080045, 0.938373420589983 ], [ -73.145861367900181, 0.933364245283826 ], [ -73.14935261015205, 0.932630578928524 ], [ -73.151831897633315, 0.935919432382263 ], [ -73.154817164296503, 0.933465442377894 ], [ -73.146063757596664, 0.928532163993907 ], [ -73.14429283809551, 0.924813232772067 ], [ -73.144520528862131, 0.919930552036817 ], [ -73.142749607564383, 0.920360631601625 ], [ -73.141459367073367, 0.924231357566214 ], [ -73.138954779420317, 0.924332553761928 ], [ -73.136981470222679, 0.921853265382367 ], [ -73.139637849923531, 0.920360631601625 ], [ -73.139435459328752, 0.917780149721295 ], [ -73.134552778593502, 0.914617791736816 ], [ -73.130732651175947, 0.91441540114198 ], [ -73.122384029258967, 0.921954459781432 ], [ -73.114516084555476, 0.919348677729317 ], [ -73.109279220279348, 0.924003668596242 ], [ -73.110240578299567, 0.918286127106626 ], [ -73.106040967169292, 0.915022572926375 ], [ -73.103713472634126, 0.915199665146019 ], [ -73.10287861008311, 0.912340895748684 ], [ -73.09452998636948, 0.912695079289563 ], [ -73.093290342628848, 0.908368973588324 ], [ -73.085397098651868, 0.91062057389621 ], [ -73.084536937725659, 0.908546066706265 ], [ -73.087269215247034, 0.905889687903709 ], [ -73.085447698097198, 0.904700640015164 ], [ -73.078490511968653, 0.906623353360715 ], [ -73.083347893430357, 0.90080461657368 ], [ -73.080539718986756, 0.896352019894834 ], [ -73.07591002918997, 0.894530500050053 ], [ -73.065233910941231, 0.904675343436622 ], [ -73.06171737031417, 0.905889687903709 ], [ -73.059946449914719, 0.904194662629834 ], [ -73.058226128062302, 0.904700640015164 ], [ -73.056758793555048, 0.908419573932008 ], [ -73.051597827099442, 0.911860219433493 ], [ -73.049245033290788, 0.910924158890111 ], [ -73.049751009777765, 0.905409008893628 ], [ -73.045601998092764, 0.906193271999314 ], [ -73.040972307397681, 0.911227745680662 ], [ -73.039454376140043, 0.907660609201514 ], [ -73.04046633001235, 0.902626134621869 ], [ -73.038265329149795, 0.902423742230383 ], [ -73.034723488350892, 0.908394272861869 ], [ -73.035229466634519, 0.913276951800469 ], [ -73.027108532789271, 0.917223573788931 ], [ -73.02860116567166, 0.920031748232532 ], [ -73.026577257028748, 0.921499082739786 ], [ -73.024882232653169, 0.921423184020966 ], [ -73.022706531064159, 0.917704253697423 ], [ -73.018633416301384, 0.916591101832751 ], [ -73.019847760768471, 0.912796274586981 ], [ -73.015471058316848, 0.914263608195881 ], [ -73.013118265406547, 0.911506034095964 ], [ -73.009728219350393, 0.910544678770634 ], [ -73.005958688683165, 0.91955107191734 ], [ -73.002796331596983, 0.921676174959373 ], [ -73.00535151510212, 0.923168805146872 ], [ -73.004769642591214, 0.925749289722148 ], [ -72.999709871433026, 0.92506622191388 ], [ -73.00163258388028, 0.928835751682755 ], [ -73.006338170599236, 0.928203278828221 ], [ -73.006211676028329, 0.933288349259954 ], [ -72.997635365141377, 0.931315038265723 ], [ -72.991664835408244, 0.933338946908634 ], [ -72.991816628354343, 0.931315038265723 ], [ -72.996547514346844, 0.927090130556849 ], [ -72.996648707847612, 0.922713429003522 ], [ -72.99161423686121, 0.927494909949814 ], [ -72.987870006365881, 0.928102084429156 ], [ -72.987111039838737, 0.932377588888414 ], [ -72.996648707847612, 0.951705919437927 ], [ -72.994776593049096, 0.952135999901031 ], [ -72.990172201627502, 0.949125433964298 ], [ -72.986225578740687, 0.951756515289958 ], [ -72.986605063351703, 0.956057321717708 ], [ -72.989134949380002, 0.958561906675811 ], [ -72.985719603152006, 0.961698966285098 ], [ -72.983442706265578, 0.955197160791499 ], [ -72.977902256097195, 0.956563297306388 ], [ -72.97415802560181, 0.955703137278476 ], [ -72.972791887290327, 0.960054538659961 ], [ -72.96869347235571, 0.959573863243065 ], [ -72.965050437157743, 0.963621677834055 ], [ -72.962798838646449, 0.963748174201555 ], [ -72.961888079173264, 0.96076290664007 ], [ -72.96047134411134, 0.96083880356224 ], [ -72.956372929176723, 0.967543002345622 ], [ -72.955765755595678, 0.97336173823436 ], [ -72.95265399705653, 0.978927488574527 ], [ -72.954222525064552, 0.983582476746506 ], [ -72.946405178009798, 0.98297530316546 ], [ -72.944890028836767, 0.978558840349365 ], [ -72.940308153705757, 0.979990039197219 ], [ -72.939043211589933, 0.982418730826396 ], [ -72.941724890564274, 0.98510040710579 ], [ -72.936715717054767, 0.984088455030133 ], [ -72.931706542646964, 0.99820521608541 ], [ -72.928914992439275, 1.001872262371762 ], [ -72.933201001805799, 1.009074166846744 ], [ -72.932498376759895, 1.015151868373607 ], [ -72.927193561166575, 1.015924757002153 ], [ -72.922767026431472, 1.012481896253348 ], [ -72.917602736206675, 1.016170672803753 ], [ -72.916127224328875, 1.014554638252378 ], [ -72.91609209298673, 1.010444284698167 ], [ -72.907871384081659, 1.008687722083323 ], [ -72.899966858154016, 1.018067759888766 ], [ -72.896523998303564, 1.01687329874801 ], [ -72.896769915901814, 1.011673875384417 ], [ -72.895083616869613, 1.011673875384417 ], [ -72.8848252973076, 1.024075198731396 ], [ -72.881698617739687, 1.024567036622898 ], [ -72.87593709739366, 1.021124176772446 ], [ -72.874250798361402, 1.022388900597491 ], [ -72.87411027299288, 1.026007418955146 ], [ -72.867189419254942, 1.024461644393114 ], [ -72.8681028323536, 1.028290949006987 ], [ -72.870526886875609, 1.032190512711793 ], [ -72.874250798361402, 1.034403783672587 ], [ -72.874531847301796, 1.036406263885681 ], [ -72.871897004727032, 1.039076235107643 ], [ -72.86645166376519, 1.03960320523953 ], [ -72.865151807699704, 1.041711076784054 ], [ -72.872283447693803, 1.046348401368505 ], [ -72.877447738816954, 1.041324632918986 ], [ -72.879344825901967, 1.046172743759598 ], [ -72.878747593984087, 1.048807586334306 ], [ -72.873758959571603, 1.052215315740966 ], [ -72.85991725568897, 1.041746209024495 ], [ -72.858020167705661, 1.042238047814294 ], [ -72.857422936686078, 1.045540384092874 ], [ -72.86149816069485, 1.057309343281531 ], [ -72.859882124346825, 1.059873924070303 ], [ -72.860830667889331, 1.071923936690951 ], [ -72.866521925551126, 1.074031810032125 ], [ -72.874602109986029, 1.074523646126977 ], [ -72.879450219928344, 1.072907610677305 ], [ -72.881663487295839, 1.069570143954934 ], [ -72.883349786328097, 1.070026848707641 ], [ -72.884052411374057, 1.077685456138681 ], [ -72.87987179423726, 1.079160968914778 ], [ -72.872142924121931, 1.076807177077058 ], [ -72.869121637682099, 1.086538528303777 ], [ -72.875410128160013, 1.089840862785707 ], [ -72.878361150119019, 1.095215940164962 ], [ -72.883174129617487, 1.096586058914681 ], [ -72.88370109795278, 1.098623669571566 ], [ -72.881417567900996, 1.101961138090587 ], [ -72.875269602791548, 1.100766675153181 ], [ -72.870843068056445, 1.102242187929278 ], [ -72.865678776933294, 1.108741463765057 ], [ -72.860619879836577, 1.105193209888228 ], [ -72.859284893327299, 1.102277319271423 ], [ -72.85155602321197, 1.102066530320315 ], [ -72.850045379992082, 1.104666243349584 ], [ -72.849272493160186, 1.108952251817868 ], [ -72.868419012636139, 1.121423837849079 ], [ -72.86975400004377, 1.130522826714127 ], [ -72.872072661437642, 1.135406068896827 ], [ -72.871826742941096, 1.141659429829303 ], [ -72.869086507238251, 1.146648063343491 ], [ -72.855806902134702, 1.142713367398187 ], [ -72.849799460597183, 1.143099806771716 ], [ -72.850853398166066, 1.158171106730492 ], [ -72.85260995898426, 1.160278979173313 ], [ -72.859671337192367, 1.161859885975844 ], [ -72.859249761985154, 1.164775775694352 ], [ -72.856790576121057, 1.164916301961171 ], [ -72.850291299386981, 1.161086997347354 ], [ -72.842035459139709, 1.16045463588398 ], [ -72.836730644444685, 1.155852445336564 ], [ -72.830512415752708, 1.156625331270163 ], [ -72.826893899191589, 1.148896460256481 ], [ -72.824715763166182, 1.151566435071686 ], [ -72.824259056616881, 1.158803468193867 ], [ -72.821026983920888, 1.162492247439218 ], [ -72.817127416622782, 1.163475921425515 ], [ -72.816249135764508, 1.168078111972932 ], [ -72.81874345297075, 1.173312666678612 ], [ -72.825137338373452, 1.175244883309119 ], [ -72.823907744992198, 1.178231036610214 ], [ -72.802864138431232, 1.182657572243613 ], [ -72.797629583725552, 1.176088032825248 ], [ -72.788319807706046, 1.177774332755803 ], [ -72.784314848178212, 1.175315145993352 ], [ -72.775777958990545, 1.181954948096006 ], [ -72.771281160672913, 1.182271131073435 ], [ -72.769208418673884, 1.177106839051987 ], [ -72.777499389364948, 1.164564990336544 ], [ -72.778026357700242, 1.147877654928038 ], [ -72.764465702758002, 1.1325955687131 ], [ -72.749605191750277, 1.128836530376816 ], [ -72.742930259203888, 1.132384784253645 ], [ -72.740611597809959, 1.136319480198893 ], [ -72.738784773409179, 1.140956802088454 ], [ -72.742508683996618, 1.147245294363017 ], [ -72.738749641168738, 1.151109729420682 ], [ -72.733971793910712, 1.153287863649439 ], [ -72.725118725338859, 1.148685674000376 ], [ -72.722764932602843, 1.149599087099091 ], [ -72.730599195846196, 1.160524898568212 ], [ -72.726523972735777, 1.168710477029549 ], [ -72.728842635028002, 1.177949991263063 ], [ -72.725856479930314, 1.186100434788955 ], [ -72.718970760229411, 1.187856995607149 ], [ -72.699191876595194, 1.182200868389202 ], [ -72.693641143403568, 1.175034096154661 ], [ -72.694378897995023, 1.163756971264206 ], [ -72.669189805639348, 1.163194874281771 ], [ -72.666484702176945, 1.160665423936734 ], [ -72.664411959279619, 1.152725766667004 ], [ -72.662198691013771, 1.150793550036497 ], [ -72.657772156278725, 1.151777224022794 ], [ -72.655031919677583, 1.157187432744195 ], [ -72.651272878646296, 1.173137010866299 ], [ -72.65390772122106, 1.180690224270961 ], [ -72.649902760794873, 1.181814423625781 ], [ -72.645932930812535, 1.179320109114485 ], [ -72.643649401659047, 1.165302746724592 ], [ -72.635674613047172, 1.157644136598606 ], [ -72.637255518053053, 1.153779703337534 ], [ -72.636306975408843, 1.150828677785341 ], [ -72.62257066285764, 1.136249216616307 ], [ -72.619233197033566, 1.134106212831341 ], [ -72.605637409850885, 1.132314521569356 ], [ -72.589687830830485, 1.124901830838269 ], [ -72.587509695703375, 1.122266990958451 ], [ -72.586631413946805, 1.11569744884514 ], [ -72.582450798606658, 1.113835494000568 ], [ -72.574300354182412, 1.113589573707372 ], [ -72.570998017005536, 1.107652396650678 ], [ -72.557030996244293, 1.093614065768691 ], [ -72.539719307859627, 1.085192049637897 ], [ -72.520587474951924, 1.081017449421665 ], [ -72.513517925661461, 1.073968880301379 ], [ -72.510916668427001, 1.068011162351013 ], [ -72.505168726127295, 1.068346807344653 ], [ -72.498455802898889, 1.073822034381465 ], [ -72.488449349583732, 1.071178820399894 ], [ -72.484148882719467, 1.071598377091107 ], [ -72.479072234000228, 1.079234328094287 ], [ -72.471331392925947, 1.079465084813421 ], [ -72.468562313194639, 1.084017286770404 ], [ -72.455681889178777, 1.079863665825997 ], [ -72.455010597394903, 1.069878191782664 ], [ -72.452451294212608, 1.065556749239818 ], [ -72.444836321582954, 1.05964098264667 ], [ -72.442025285104592, 1.054081843912286 ], [ -72.432920880292386, 1.04757869813119 ], [ -72.42622631415145, 1.037301619934453 ], [ -72.423659439063556, 1.022663494239055 ], [ -72.413322562665712, 1.012465367238974 ], [ -72.39946043017892, 1.003933851777674 ], [ -72.40243614235311, 0.993494731747603 ], [ -72.410478608295819, 0.986819485688898 ], [ -72.400465090623641, 0.967362853156715 ], [ -72.395337899951301, 0.963757768216453 ], [ -72.377022357809665, 0.96020679334049 ], [ -72.383283282562843, 0.938994405779511 ], [ -72.392347606311773, 0.923295369786445 ], [ -72.391600033126451, 0.919090272640346 ], [ -72.374032065068434, 0.917408228930981 ], [ -72.354408271199986, 0.935069645209182 ], [ -72.350763850798728, 0.93488275415865 ], [ -72.339924041408494, 0.926659448221983 ], [ -72.34039127442469, 0.92114609575583 ], [ -72.342820885929484, 0.913576918377487 ], [ -72.346465305432389, 0.908157012334868 ], [ -72.346932538448641, 0.902924000037729 ], [ -72.345437392976351, 0.898158222553491 ], [ -72.332354863131854, 0.879375447395603 ], [ -72.333943455926033, 0.875731029689348 ], [ -72.343194673420442, 0.87068490844274 ], [ -72.343568460013103, 0.86862908263231 ], [ -72.340332223622454, 0.861984335300122 ], [ -72.331140056031984, 0.850768067725426 ], [ -72.328803890052484, 0.840781983725492 ], [ -72.324879132177102, 0.840221305184002 ], [ -72.31880509937281, 0.844613295177282 ], [ -72.316655827138788, 0.853023495757782 ], [ -72.325346365193354, 0.867507724650977 ], [ -72.32525291697317, 0.872647288727876 ], [ -72.323103644739149, 0.876104817180305 ], [ -72.319272333287358, 0.877132726941397 ], [ -72.310021115792949, 0.875824475214586 ], [ -72.304788104394106, 0.880403360749995 ], [ -72.297686159133718, 0.881898506222285 ], [ -72.29348106019097, 0.879655786666376 ], [ -72.288528387164604, 0.873207970862666 ], [ -72.287033241692313, 0.86685359699095 ], [ -72.288434940741013, 0.858910633020002 ], [ -72.291799019176608, 0.85489242692438 ], [ -72.296564797559142, 0.853957960891933 ], [ -72.298246837675265, 0.852089029725278 ], [ -72.301424023263621, 0.842370577418023 ], [ -72.300115770638513, 0.837791691882614 ], [ -72.287967707724818, 0.823774695107318 ], [ -72.286752902421597, 0.818728576555657 ], [ -72.289275961248222, 0.816766196270521 ], [ -72.303292957125223, 0.817420324828902 ], [ -72.309740775623879, 0.813308673208041 ], [ -72.31011456221654, 0.809290466214122 ], [ -72.29961737773516, 0.795556226077906 ], [ -72.292639451286789, 0.781491721860959 ], [ -72.280495927563834, 0.770336496655091 ], [ -72.269654450000758, 0.763105178619355 ], [ -72.263943314402525, 0.763367846217761 ], [ -72.261710662274027, 0.76533783164615 ], [ -72.260988332666614, 0.773349108955642 ], [ -72.261776328275289, 0.778142743219064 ], [ -72.270029126824568, 0.787807089953674 ], [ -72.27034076162812, 0.794098496365336 ], [ -72.267257582114212, 0.794868861624195 ], [ -72.25514429480944, 0.792211467724599 ], [ -72.248695818743499, 0.7885373741492 ], [ -72.242662536247849, 0.773891316323557 ], [ -72.238118236776756, 0.767510599335139 ], [ -72.22701203267502, 0.758690913982491 ], [ -72.221851268340515, 0.747279620207564 ], [ -72.223952586669782, 0.735459703145466 ], [ -72.229271550740123, 0.725938100619942 ], [ -72.230519209256101, 0.718189483722313 ], [ -72.22907743094072, 0.714536630828775 ], [ -72.220509603750088, 0.705943285175465 ], [ -72.210059174819889, 0.700083359701523 ], [ -72.204646719410164, 0.69986861097351 ], [ -72.200378414055365, 0.701969929302834 ], [ -72.193089463658282, 0.724099445397428 ], [ -72.190791147325115, 0.726988759335427 ], [ -72.186774856439285, 0.726935153226464 ], [ -72.178104884431207, 0.723202131019775 ], [ -72.168514949702455, 0.712071347195661 ], [ -72.163933662968361, 0.713330187050872 ], [ -72.161044349928716, 0.716941827002984 ], [ -72.161110015031682, 0.720619134752951 ], [ -72.166722608957969, 0.730140060846566 ], [ -72.163377937741302, 0.733850786850098 ], [ -72.159278701745905, 0.732889579746939 ], [ -72.146222080233144, 0.719427451205263 ], [ -72.140293824352625, 0.718058155313031 ], [ -72.135565856090523, 0.723574117387159 ], [ -72.133595870662077, 0.735591031554804 ], [ -72.126700918069389, 0.740122003609713 ], [ -72.119477632775272, 0.734409040836738 ], [ -72.118623972961984, 0.730469068183254 ], [ -72.121184955096908, 0.726200763726752 ], [ -72.121381953999048, 0.721669797960033 ], [ -72.109824700043816, 0.704924909242095 ], [ -72.102141751842396, 0.700722271685152 ], [ -72.093999140733729, 0.698817953156379 ], [ -72.084280541102601, 0.704924909242095 ], [ -72.081128562261199, 0.704924909242095 ], [ -72.070359302117993, 0.692710992579066 ], [ -72.066944659271428, 0.685093711277261 ], [ -72.069308643402508, 0.671303808786774 ], [ -72.072526287346875, 0.666181840025331 ], [ -72.085593864721545, 0.662964197877557 ], [ -72.086578857435768, 0.660468879049006 ], [ -72.084280541102601, 0.657776564911501 ], [ -72.062873353717066, 0.657382568903813 ], [ -72.05164442976826, 0.655478248578333 ], [ -72.033192223220283, 0.664277519699908 ] ] ] } },
{ "type": "Feature", "properties": { "cod_mun": "18785", "municipio": "Solita" }, "geometry": { "type": "Polygon", "coordinates": [ [ [ -75.634037709324389, 1.011068592758591 ], [ -75.61809383461059, 0.993393890386699 ], [ -75.609013812789556, 0.990181618371992 ], [ -75.608013545110111, 0.987905662920696 ], [ -75.599299614008544, 0.983387414613617 ], [ -75.595924188943627, 0.982307275861956 ], [ -75.59031920105889, 0.985421152630238 ], [ -75.582685371878085, 0.985678503096267 ], [ -75.577835025128934, 0.983466760170984 ], [ -75.569321051982456, 0.983789884436135 ], [ -75.56596194842092, 0.98002966301766 ], [ -75.563613895924107, 0.982069089171205 ], [ -75.559407965140736, 0.982704202176478 ], [ -75.546032041697345, 0.978010187564166 ], [ -75.541797275868703, 0.974900972157627 ], [ -75.540031159663215, 0.971349303781665 ], [ -75.533509623556995, 0.970811544874607 ], [ -75.529442405340433, 0.968496488422772 ], [ -75.526601903198923, 0.964250207081307 ], [ -75.517415660002484, 0.961248040399198 ], [ -75.516508873780936, 0.949562797075259 ], [ -75.513401116341242, 0.938843642303539 ], [ -75.514527380026266, 0.933376457889835 ], [ -75.520238443759183, 0.928688347010336 ], [ -75.541632389966935, 0.918705170859312 ], [ -75.549206166723138, 0.911944298217804 ], [ -75.558488609681717, 0.909761932022377 ], [ -75.565089172443095, 0.903441530665134 ], [ -75.565904042073214, 0.897406943814701 ], [ -75.553899638752569, 0.897413258077847 ], [ -75.544883178178452, 0.893844962771084 ], [ -75.52042722486658, 0.893661635340095 ], [ -75.517453199729857, 0.891249297553713 ], [ -75.495104068729404, 0.88353470976449 ], [ -75.487967035246072, 0.878475739904161 ], [ -75.479311073374333, 0.866381103436197 ], [ -75.480310882014351, 0.862004395594738 ], [ -75.477572241720736, 0.848010790069736 ], [ -75.469563169777018, 0.842831151217752 ], [ -75.476317968005731, 0.841812472551851 ], [ -75.477855873319641, 0.838761213798648 ], [ -75.486121650738426, 0.836256192258986 ], [ -75.486745816864925, 0.83328815260171 ], [ -75.493266077362478, 0.83379248517042 ], [ -75.498624881747389, 0.830742724808317 ], [ -75.499994650153894, 0.832708215961816 ], [ -75.508964392906137, 0.835596530074042 ], [ -75.511832429331321, 0.829702828816835 ], [ -75.508593897743253, 0.821259341137022 ], [ -75.508642900881057, 0.817456226027787 ], [ -75.514798885257449, 0.812866166339688 ], [ -75.514609858011454, 0.810091473031719 ], [ -75.519918362988619, 0.800219563198823 ], [ -75.508671553568206, 0.797670433445205 ], [ -75.502588436094186, 0.792054418731595 ], [ -75.499410809432618, 0.786629324015735 ], [ -75.497224222948603, 0.78790163771265 ], [ -75.487461292321257, 0.787551026774509 ], [ -75.484326433586148, 0.785450921171787 ], [ -75.484057186721373, 0.783112371061634 ], [ -75.489258828027118, 0.781630694939452 ], [ -75.495847573441552, 0.773150440084066 ], [ -75.502877668693316, 0.767318298625639 ], [ -75.508044281963294, 0.768164221243296 ], [ -75.520906521368431, 0.775730243735779 ], [ -75.524689532165496, 0.782329500345725 ], [ -75.535534164614376, 0.78577624092128 ], [ -75.538392439937923, 0.78859248314086 ], [ -75.539064974991106, 0.799184916965999 ], [ -75.537425669563788, 0.806330603029096 ], [ -75.538812773672419, 0.817385403692697 ], [ -75.535702297030184, 0.823101953441437 ], [ -75.537930072201164, 0.826800898030626 ], [ -75.547219466328897, 0.832685581991882 ], [ -75.569070213409134, 0.833380756404893 ], [ -75.577788960382748, 0.835352333649269 ], [ -75.582944265650951, 0.83906911789586 ], [ -75.600683582096053, 0.83662533815118 ], [ -75.607771519915048, 0.838261016178478 ], [ -75.612990110647104, 0.844414282250682 ], [ -75.615093125895328, 0.861549952801681 ], [ -75.62077905384831, 0.869338896002887 ], [ -75.62841221558034, 0.874012261923554 ], [ -75.64180919824571, 0.876972061328161 ], [ -75.659645875975514, 0.873544923804388 ], [ -75.674873259237643, 0.860238003606241 ], [ -75.681927120337491, 0.856908230960414 ], [ -75.693362260808954, 0.857565422776304 ], [ -75.710755942986566, 0.862297206186497 ], [ -75.7206138229202, 0.861596199905989 ], [ -75.741600154649632, 0.854104211228275 ], [ -75.75272860644543, 0.8412670608908 ], [ -75.757197512051277, 0.837586786003044 ], [ -75.760308221357377, 0.837236282862762 ], [ -75.765741008353075, 0.841398503386188 ], [ -75.766617264407103, 0.844991150243118 ], [ -75.764689500728991, 0.849460054950669 ], [ -75.764952377635041, 0.853534647443269 ], [ -75.771261420684709, 0.864663097442417 ], [ -75.776256080102655, 0.868781500806335 ], [ -75.777570463734435, 0.873031341275805 ], [ -75.784580512166372, 0.877040212071506 ], [ -75.797315433244762, 0.894039582034168 ], [ -75.801346211272801, 0.895908927324456 ], [ -75.808902135795165, 0.895518667413 ], [ -75.809528896258257, 0.904751993147613 ], [ -75.812136898947529, 0.911271996726782 ], [ -75.819141250259349, 0.912520113383948 ], [ -75.820817823224274, 0.911067082762372 ], [ -75.82377045496554, 0.913442229368059 ], [ -75.823463082671367, 0.914792799863278 ], [ -75.821730623671499, 0.914587886797165 ], [ -75.820445251154865, 0.922840355664448 ], [ -75.819280964448524, 0.922942808604262 ], [ -75.819746679310754, 0.930664363732376 ], [ -75.821581594843735, 0.931269790088777 ], [ -75.819979536292692, 0.932545849763414 ], [ -75.820706051154332, 0.933989564848048 ], [ -75.718571205948251, 0.967769336655124 ], [ -75.718637905012883, 0.971369401805532 ], [ -75.715089793070035, 0.979377564653475 ], [ -75.717563592738827, 0.981330591672418 ], [ -75.686217437129301, 0.992091454357706 ], [ -75.683480568314792, 0.998148817111996 ], [ -75.680571617189059, 1.000150433145109 ], [ -75.671034761257829, 1.003593109739086 ], [ -75.662203163336756, 1.003840055909166 ], [ -75.657761253923297, 1.011387253291559 ], [ -75.651180087601006, 1.010768097073424 ], [ -75.63939362562337, 1.013381934325139 ], [ -75.634037709324389, 1.011068592758591 ] ] ] } },
{ "type": "Feature", "properties": { "cod_mun": "18860", "municipio": "Valparaíso" }, "geometry": { "type": "Polygon", "coordinates": [ [ [ -75.738702974158457, 1.326609115284668 ], [ -75.728158822123362, 1.327312255963932 ], [ -75.723236337904495, 1.322061374364978 ], [ -75.715759641260036, 1.320436034158149 ], [ -75.709253240880059, 1.322354107701585 ], [ -75.701894364667282, 1.321501630072078 ], [ -75.702619277831445, 1.312779153290478 ], [ -75.707046462048993, 1.30271420433229 ], [ -75.704572179984496, 1.295244749013136 ], [ -75.69048609911556, 1.295076680377747 ], [ -75.683939652706613, 1.292597250962558 ], [ -75.677639946753402, 1.295296819001749 ], [ -75.670711807672717, 1.2954962846797 ], [ -75.663036902094461, 1.292322491132495 ], [ -75.65896512672083, 1.284713436608627 ], [ -75.656077807942665, 1.284137725647213 ], [ -75.66070701803875, 1.272072327568424 ], [ -75.659388052096972, 1.271940036164381 ], [ -75.658522800414005, 1.267861085042568 ], [ -75.659772876298348, 1.263556052936394 ], [ -75.655329332848112, 1.262142290402096 ], [ -75.654500631846531, 1.256388924070393 ], [ -75.650970487121981, 1.257965748026663 ], [ -75.648832235428642, 1.256660898222549 ], [ -75.647313516347879, 1.252390244669698 ], [ -75.648384223679841, 1.250118381047798 ], [ -75.646302070922445, 1.250291183808486 ], [ -75.643968688824202, 1.247460699687053 ], [ -75.645692594059142, 1.245870929200578 ], [ -75.646229970283628, 1.240967512637155 ], [ -75.648215289067878, 1.239377876898061 ], [ -75.647610128612996, 1.237750952960141 ], [ -75.645958183879486, 1.238132782175967 ], [ -75.647932449783696, 1.234976341398976 ], [ -75.647341488111465, 1.229007847249875 ], [ -75.645081929622165, 1.232367460156581 ], [ -75.641101014420371, 1.232592546705121 ], [ -75.634710479736384, 1.228072237661138 ], [ -75.627513224046709, 1.229530226088741 ], [ -75.622705242778466, 1.227041958142422 ], [ -75.619998325616052, 1.227280144833173 ], [ -75.619143672265238, 1.22355961101556 ], [ -75.62243300721633, 1.220247572924222 ], [ -75.619204737091991, 1.2170626267839 ], [ -75.613894589094855, 1.220561537959497 ], [ -75.607875051732378, 1.21830162643198 ], [ -75.602198077294986, 1.225436774350044 ], [ -75.596418658002676, 1.22211708440301 ], [ -75.594167691905852, 1.222413604141536 ], [ -75.59335948328885, 1.227041031978615 ], [ -75.596685968996439, 1.231138467748792 ], [ -75.595956328893465, 1.232595407841586 ], [ -75.590414127907252, 1.23157857162181 ], [ -75.588832650674078, 1.224062768586975 ], [ -75.576820078966023, 1.227311946117879 ], [ -75.573094934092353, 1.21885728608197 ], [ -75.568635138309105, 1.217228476578782 ], [ -75.546953344705514, 1.138327969247712 ], [ -75.549496323689482, 1.135270221958081 ], [ -75.546573534904041, 1.130770892185922 ], [ -75.5502762676918, 1.116480945687272 ], [ -75.548542612135009, 1.114327285179627 ], [ -75.548556619576402, 1.110189218576807 ], [ -75.54004715687455, 1.100238692619143 ], [ -75.542365555061906, 1.097429359347927 ], [ -75.541452339592695, 1.094116047444459 ], [ -75.543605246413279, 1.089596380696378 ], [ -75.400346853879284, 1.03134866216061 ], [ -75.323986964757751, 0.924531571180182 ], [ -75.469563169777018, 0.842831151217752 ], [ -75.477572241720736, 0.848010790069736 ], [ -75.480310882014351, 0.862004395594738 ], [ -75.479311073374333, 0.866381103436197 ], [ -75.480842403015117, 0.869431394703042 ], [ -75.487967035246072, 0.878475739904161 ], [ -75.495104068729404, 0.88353470976449 ], [ -75.517453199729857, 0.891249297553713 ], [ -75.52157824703886, 0.894047333602941 ], [ -75.544883178178452, 0.893844962771084 ], [ -75.553899638752569, 0.897413258077847 ], [ -75.565904042073214, 0.897406943814701 ], [ -75.565089172443095, 0.903441530665134 ], [ -75.558488609681717, 0.909761932022377 ], [ -75.549206166723138, 0.911944298217804 ], [ -75.541632389966935, 0.918705170859312 ], [ -75.520238443759183, 0.928688347010336 ], [ -75.514527380026266, 0.933376457889835 ], [ -75.513401116341242, 0.938843642303539 ], [ -75.516508873780936, 0.949562797075259 ], [ -75.517415660002484, 0.961248040399198 ], [ -75.526601903198923, 0.964250207081307 ], [ -75.529442405340433, 0.968496488422772 ], [ -75.533509623556995, 0.970811544874607 ], [ -75.540031159663215, 0.971349303781665 ], [ -75.541797275868703, 0.974900972157627 ], [ -75.546032041697345, 0.978010187564166 ], [ -75.559407965140736, 0.982704202176478 ], [ -75.563613895924107, 0.982069089171205 ], [ -75.56596194842092, 0.98002966301766 ], [ -75.569321051982456, 0.983789884436135 ], [ -75.577835025128934, 0.983466760170984 ], [ -75.582685371878085, 0.985678503096267 ], [ -75.59031920105889, 0.985421152630238 ], [ -75.595924188943627, 0.982307275861956 ], [ -75.599299614008544, 0.983387414613617 ], [ -75.608013545110111, 0.987905662920696 ], [ -75.609013812789556, 0.990181618371992 ], [ -75.61809383461059, 0.993393890386699 ], [ -75.623690328019222, 0.998247990300115 ], [ -75.63097775756728, 1.00844816186742 ], [ -75.63939362562337, 1.013381934325139 ], [ -75.651180087601006, 1.010768097073424 ], [ -75.657761253923297, 1.011387253291559 ], [ -75.662203163336756, 1.003840055909166 ], [ -75.671034761257829, 1.003593109739086 ], [ -75.680571617189059, 1.000150433145109 ], [ -75.683480568314792, 0.998148817111996 ], [ -75.686217437129301, 0.992091454357706 ], [ -75.717563592738827, 0.981330591672418 ], [ -75.715089793070035, 0.979377564653475 ], [ -75.718637905012883, 0.971369401805532 ], [ -75.718571205948251, 0.967769336655124 ], [ -75.820706051154332, 0.933989564848048 ], [ -75.824420903123212, 0.937201446095344 ], [ -75.828270812411176, 0.935748414575414 ], [ -75.82841984123894, 0.934345060828662 ], [ -75.830940910295681, 0.935276495044604 ], [ -75.831152031623674, 0.941982784209358 ], [ -75.834008415992002, 0.94055459292349 ], [ -75.83729947031992, 0.944143698618689 ], [ -75.845272507215611, 0.948117800991952 ], [ -75.850029006892214, 0.955308436092707 ], [ -75.851221236616084, 0.962101664279885 ], [ -75.855218103215066, 0.966400727974587 ], [ -75.858805114935706, 0.967327760442174 ], [ -75.864400886996577, 0.975560360356155 ], [ -75.865853207948533, 0.980342194340608 ], [ -75.862152077756491, 0.987815151295479 ], [ -75.863971302403911, 0.988645668692016 ], [ -75.863060247384738, 0.990990226739598 ], [ -75.86884701580027, 1.008297846651146 ], [ -75.868083634948277, 1.013086337157119 ], [ -75.874821426258507, 1.017953209327402 ], [ -75.875724394637075, 1.022067874798438 ], [ -75.873651669706021, 1.029137716041646 ], [ -75.863497712903666, 1.037242004989764 ], [ -75.861358294297872, 1.046751959950029 ], [ -75.857130536232319, 1.051004169278826 ], [ -75.853176708851208, 1.051963167422912 ], [ -75.853717976580583, 1.062254983391938 ], [ -75.848614336160495, 1.06915225813151 ], [ -75.852834366911793, 1.07448642799676 ], [ -75.858105581893426, 1.074083432659393 ], [ -75.862551007315687, 1.079330103851248 ], [ -75.86063124493819, 1.083200085111912 ], [ -75.860159779955268, 1.091665251851794 ], [ -75.857035208734999, 1.095218051207553 ], [ -75.858023129061053, 1.097920041106704 ], [ -75.813549408330971, 1.112005883023585 ], [ -75.816159937084876, 1.121055292930293 ], [ -75.814794447357542, 1.125512336273346 ], [ -75.819160097827364, 1.13654765336122 ], [ -75.817176493030104, 1.141275232652504 ], [ -75.816821537835722, 1.147692605425334 ], [ -75.818331748067351, 1.150016721393968 ], [ -75.81665748557117, 1.153379137046613 ], [ -75.818854442215127, 1.157997679640175 ], [ -75.814810185853844, 1.160739478412836 ], [ -75.810026836410316, 1.168515103180994 ], [ -75.810197760792278, 1.172554295734983 ], [ -75.808110260359683, 1.174073890673867 ], [ -75.807485486971586, 1.173094134243627 ], [ -75.806312836044981, 1.175654747170654 ], [ -75.803179949113485, 1.174636702715873 ], [ -75.803978561020642, 1.172746272152381 ], [ -75.796262830573482, 1.176696748814834 ], [ -75.794394354853068, 1.173817997276387 ], [ -75.791320399247809, 1.173275107188317 ], [ -75.791480647144112, 1.170931228267648 ], [ -75.78721384197695, 1.172156171066945 ], [ -75.789572639231437, 1.169818442017629 ], [ -75.78497005611996, 1.168776357728348 ], [ -75.78679584386407, 1.166143975641091 ], [ -75.785174532604515, 1.167469071691244 ], [ -75.784602960184884, 1.165648127666998 ], [ -75.782139545947359, 1.16599879160583 ], [ -75.781477981129171, 1.168859679232298 ], [ -75.780015277440896, 1.166108370886434 ], [ -75.777740645209064, 1.165882838773143 ], [ -75.776817800690708, 1.168842362394741 ], [ -75.775249844909979, 1.167587588317758 ], [ -75.778959784886979, 1.173079346165594 ], [ -75.77793591844619, 1.176362884283549 ], [ -75.779059756678009, 1.177009889196029 ], [ -75.773310051882333, 1.181291041367956 ], [ -75.770902836293772, 1.179450627242772 ], [ -75.769159486110652, 1.180096726652721 ], [ -75.768364744148812, 1.185241728236349 ], [ -75.764154445753093, 1.186613550193215 ], [ -75.762222016221642, 1.184959005733276 ], [ -75.76203590221445, 1.188532033368745 ], [ -75.760085583618263, 1.189069138301761 ], [ -75.761222336040873, 1.187085479605514 ], [ -75.757006739377346, 1.185009827062629 ], [ -75.755430958365935, 1.18692709481661 ], [ -75.756456887340278, 1.18945077078638 ], [ -75.750610938764964, 1.193768397282838 ], [ -75.741608921315503, 1.190771017726718 ], [ -75.740074725148361, 1.187108796295604 ], [ -75.733949210752371, 1.191318720991944 ], [ -75.732529177972424, 1.196864117288158 ], [ -75.727363112675221, 1.196345571563654 ], [ -75.724683418080872, 1.200224135335361 ], [ -75.720637257289695, 1.20025356506585 ], [ -75.719892398815318, 1.205739028413518 ], [ -75.716265137148014, 1.205950370727237 ], [ -75.717802743322636, 1.20814960999212 ], [ -75.721298868820327, 1.208295860328519 ], [ -75.72304888271151, 1.210111992972259 ], [ -75.718623379243184, 1.210954607990345 ], [ -75.719740313018235, 1.219273034811636 ], [ -75.717521174257286, 1.225193113321552 ], [ -75.720799403327703, 1.226250563305996 ], [ -75.722607848183088, 1.229116079954849 ], [ -75.727126701955171, 1.229210752579775 ], [ -75.727039728796683, 1.234315354197918 ], [ -75.728956086556536, 1.237272860201813 ], [ -75.731142420613764, 1.237107112814954 ], [ -75.732769741607342, 1.233550457886906 ], [ -75.735327546398537, 1.23502017562646 ], [ -75.735775666843551, 1.242653127152607 ], [ -75.733404752204592, 1.244746118092564 ], [ -75.733356668942349, 1.2471884793963 ], [ -75.734646097355721, 1.250013464027234 ], [ -75.738411058289387, 1.250777632702295 ], [ -75.740284640936295, 1.256635232436111 ], [ -75.742637362879634, 1.257130663591568 ], [ -75.744728844648762, 1.262698744163458 ], [ -75.73981000669454, 1.266743764093349 ], [ -75.739819076092886, 1.276425737584475 ], [ -75.741892454099627, 1.278236886371019 ], [ -75.748534645722771, 1.278594345172053 ], [ -75.748928270725969, 1.283530914087521 ], [ -75.745727834922889, 1.2863178200015 ], [ -75.749040321273924, 1.294303129690377 ], [ -75.753721233049021, 1.297760384156391 ], [ -75.754293959804727, 1.299984885863807 ], [ -75.751795525616274, 1.302756960580609 ], [ -75.750641273997928, 1.307388455094269 ], [ -75.752071303238381, 1.311593045590143 ], [ -75.748614362284627, 1.315259842144656 ], [ -75.748176047857044, 1.323414051411248 ], [ -75.742725530798452, 1.321954543032973 ], [ -75.738702974158457, 1.326609115284668 ] ] ] } }
]
}
